ISO-10303-21;
HEADER;
/* Generated by software containing ST-Developer
 * from STEP Tools, Inc. (www.steptools.com) 
 */

FILE_DESCRIPTION(
/* description */ (''),
/* implementation_level */ '2;1');

FILE_NAME(
/* name */ 'case v3 top.stp',
/* time_stamp */ '2025-01-24T12:50:53-05:00',
/* author */ ('voids'),
/* organization */ (''),
/* preprocessor_version */ 'ST-DEVELOPER v20',
/* originating_system */ 'Autodesk Inventor 2024',
/* authorisation */ '');

FILE_SCHEMA (('AUTOMOTIVE_DESIGN { 1 0 10303 214 3 1 1 }'));
ENDSEC;

DATA;
#10=MECHANICAL_DESIGN_GEOMETRIC_PRESENTATION_REPRESENTATION('',(#4091,#4092,
#4093,#4094,#4095,#4096,#4097,#4098,#4099,#4100,#4101,#4102,#4103,#4104,
#4105,#4106,#4107,#4108,#4109,#4110,#4111,#4112,#4113,#4114,#4115,#4116,
#4117,#4118,#4119,#4120,#4121,#4122,#4123,#4124,#4125,#4126,#4127,#4128,
#4129,#4130,#4131,#4132,#4133,#4134,#4135,#4136,#4137,#4138,#4139,#4140,
#4141,#4142,#4143,#4144,#4145,#4146,#4147,#4148,#4149,#4150,#4151,#4152,
#4153,#4154,#4155,#4156,#4157,#4158,#4159,#4160,#4161,#4162,#4163,#4164,
#4165,#4166,#4167,#4168,#4169,#4170,#4171,#4172,#4173,#4174,#4175,#4176,
#4177,#4178,#4179,#4180,#4181,#4182,#4183,#4184,#4185,#4186,#4187,#4188,
#4189,#4190,#4191,#4192,#4193,#4194,#4195,#4196,#4197),#8354);
#11=ITEM_DEFINED_TRANSFORMATION($,$,#4495,#4889);
#12=ITEM_DEFINED_TRANSFORMATION($,$,#4703,#4890);
#13=ITEM_DEFINED_TRANSFORMATION($,$,#4703,#4891);
#14=ITEM_DEFINED_TRANSFORMATION($,$,#4703,#4892);
#15=ITEM_DEFINED_TRANSFORMATION($,$,#4703,#4893);
#16=(
REPRESENTATION_RELATIONSHIP($,$,#8375,#8374)
REPRESENTATION_RELATIONSHIP_WITH_TRANSFORMATION(#11)
SHAPE_REPRESENTATION_RELATIONSHIP()
);
#17=(
REPRESENTATION_RELATIONSHIP($,$,#8376,#8374)
REPRESENTATION_RELATIONSHIP_WITH_TRANSFORMATION(#12)
SHAPE_REPRESENTATION_RELATIONSHIP()
);
#18=(
REPRESENTATION_RELATIONSHIP($,$,#8376,#8374)
REPRESENTATION_RELATIONSHIP_WITH_TRANSFORMATION(#13)
SHAPE_REPRESENTATION_RELATIONSHIP()
);
#19=(
REPRESENTATION_RELATIONSHIP($,$,#8376,#8374)
REPRESENTATION_RELATIONSHIP_WITH_TRANSFORMATION(#14)
SHAPE_REPRESENTATION_RELATIONSHIP()
);
#20=(
REPRESENTATION_RELATIONSHIP($,$,#8376,#8374)
REPRESENTATION_RELATIONSHIP_WITH_TRANSFORMATION(#15)
SHAPE_REPRESENTATION_RELATIONSHIP()
);
#21=CONTEXT_DEPENDENT_SHAPE_REPRESENTATION(#16,#8369);
#22=CONTEXT_DEPENDENT_SHAPE_REPRESENTATION(#17,#8370);
#23=CONTEXT_DEPENDENT_SHAPE_REPRESENTATION(#18,#8371);
#24=CONTEXT_DEPENDENT_SHAPE_REPRESENTATION(#19,#8372);
#25=CONTEXT_DEPENDENT_SHAPE_REPRESENTATION(#20,#8373);
#26=NEXT_ASSEMBLY_USAGE_OCCURRENCE('case v3 cover:1','case v3 cover:1',
'case v3 cover:1',#8378,#8379,'case v3 cover:1');
#27=NEXT_ASSEMBLY_USAGE_OCCURRENCE(
'95185A110_Zinc-Plated Steel Press-Fit Nut for Sheet Metal:6',
'95185A110_Zinc-Plated Steel Press-Fit Nut for Sheet Metal:6',
'95185A110_Zinc-Plated Steel Press-Fit Nut for Sheet Metal:6',#8378,#8380,
'95185A110_Zinc-Plated Steel Press-Fit Nut for Sheet Metal:6');
#28=NEXT_ASSEMBLY_USAGE_OCCURRENCE(
'95185A110_Zinc-Plated Steel Press-Fit Nut for Sheet Metal:7',
'95185A110_Zinc-Plated Steel Press-Fit Nut for Sheet Metal:7',
'95185A110_Zinc-Plated Steel Press-Fit Nut for Sheet Metal:7',#8378,#8380,
'95185A110_Zinc-Plated Steel Press-Fit Nut for Sheet Metal:7');
#29=NEXT_ASSEMBLY_USAGE_OCCURRENCE(
'95185A110_Zinc-Plated Steel Press-Fit Nut for Sheet Metal:8',
'95185A110_Zinc-Plated Steel Press-Fit Nut for Sheet Metal:8',
'95185A110_Zinc-Plated Steel Press-Fit Nut for Sheet Metal:8',#8378,#8380,
'95185A110_Zinc-Plated Steel Press-Fit Nut for Sheet Metal:8');
#30=NEXT_ASSEMBLY_USAGE_OCCURRENCE(
'95185A110_Zinc-Plated Steel Press-Fit Nut for Sheet Metal:9',
'95185A110_Zinc-Plated Steel Press-Fit Nut for Sheet Metal:9',
'95185A110_Zinc-Plated Steel Press-Fit Nut for Sheet Metal:9',#8378,#8380,
'95185A110_Zinc-Plated Steel Press-Fit Nut for Sheet Metal:9');
#31=TOROIDAL_SURFACE('',#4883,0.065,0.0175);
#32=TOROIDAL_SURFACE('',#4885,0.1075,0.0175);
#33=CONICAL_SURFACE('',#4728,0.0825,0.261799387799154);
#34=CONICAL_SURFACE('',#4730,0.1040625,1.22173047639603);
#35=CONICAL_SURFACE('',#4880,0.123457138918801,0.174532925199429);
#36=CONICAL_SURFACE('',#4887,0.0585,0.802851455917393);
#37=CONICAL_SURFACE('',#4888,0.0585,0.78539816339745);
#38=B_SPLINE_CURVE_WITH_KNOTS('',3,(#6903,#6904,#6905,#6906,#6907,#6908,
#6909,#6910,#6911,#6912,#6913,#6914,#6915,#6916,#6917,#6918,#6919,#6920,
#6921,#6922,#6923,#6924,#6925,#6926),.UNSPECIFIED.,.F.,.F.,(4,2,2,2,2,2,
2,2,2,2,2,4),(0.,0.0216278871518678,0.0445527203522619,0.0610889611739527,
0.105188092885761,0.146391027446515,0.199994913998327,0.233529260993187,
0.299783759149387,0.379032161180439,0.47355732980585,0.477954579566835),
 .UNSPECIFIED.);
#39=B_SPLINE_CURVE_WITH_KNOTS('',3,(#6927,#6928,#6929,#6930,#6931,#6932,
#6933,#6934,#6935,#6936,#6937,#6938,#6939,#6940,#6941,#6942,#6943,#6944,
#6945,#6946,#6947,#6948),.UNSPECIFIED.,.F.,.F.,(4,2,2,2,2,2,2,2,2,2,4),
(0.477954579566835,0.561960754221906,0.665749086488049,0.775816863759205,
0.890005921039053,0.946468326580883,1.061478732385,1.18299467524549,1.32341690469565,
1.41763840383431,1.51159874472119),.UNSPECIFIED.);
#40=B_SPLINE_CURVE_WITH_KNOTS('',3,(#6964,#6965,#6966,#6967,#6968,#6969,
#6970,#6971,#6972,#6973,#6974,#6975),.UNSPECIFIED.,.F.,.F.,(4,2,2,2,2,4),
(9.99992793634503E-7,0.0432463896682156,0.0750965682856779,0.107942572320699,
0.119548282014049,0.160467985657564),.UNSPECIFIED.);
#41=B_SPLINE_CURVE_WITH_KNOTS('',3,(#7098,#7099,#7100,#7101,#7102,#7103,
#7104,#7105,#7106,#7107,#7108,#7109,#7110,#7111),.UNSPECIFIED.,.F.,.F.,
(4,2,2,2,2,2,4),(1.00000007113918E-6,0.0300199496746806,0.0713941811258706,
0.177514069766972,0.277642422218319,0.349181331177305,0.390246505743644),
 .UNSPECIFIED.);
#42=B_SPLINE_CURVE_WITH_KNOTS('',3,(#7126,#7127,#7128,#7129,#7130,#7131,
#7132,#7133,#7134,#7135,#7136,#7137,#7138,#7139,#7140,#7141,#7142,#7143,
#7144,#7145,#7146,#7147,#7148,#7149,#7150,#7151,#7152,#7153,#7154,#7155),
 .UNSPECIFIED.,.F.,.F.,(4,2,2,2,2,2,2,2,2,2,2,2,2,2,4),(0.,0.0351340538427195,
0.0811220447678006,0.145463960470945,0.205636382724799,0.246861829232064,
0.378008294254698,0.502792609832614,0.670699333410274,0.787188645000996,
1.02139317217364,1.13881943692138,1.2636444277112,1.5022907037135,1.57203392208313),
 .UNSPECIFIED.);
#43=B_SPLINE_CURVE_WITH_KNOTS('',3,(#7156,#7157,#7158,#7159,#7160,#7161,
#7162,#7163,#7164,#7165,#7166,#7167,#7168,#7169),.UNSPECIFIED.,.F.,.F.,
(4,2,2,2,2,2,4),(1.57203392208313,1.75838139598913,2.09271108995649,2.57009347578196,
3.07211860990546,3.51429739655809,4.01777303992973),.UNSPECIFIED.);
#44=B_SPLINE_CURVE_WITH_KNOTS('',3,(#7214,#7215,#7216,#7217,#7218,#7219,
#7220,#7221,#7222,#7223),.UNSPECIFIED.,.F.,.F.,(4,2,2,2,4),(-0.0283933211847015,
-0.0248656180006705,-0.0199644973947741,-0.0150633767888777,-0.0115356736048468),
 .UNSPECIFIED.);
#45=B_SPLINE_CURVE_WITH_KNOTS('',3,(#7229,#7230,#7231,#7232,#7233,#7234),
 .UNSPECIFIED.,.F.,.F.,(4,2,4),(-0.0587268145217419,-0.0541876991247693,
-0.0519170043429597),.UNSPECIFIED.);
#46=B_SPLINE_CURVE_WITH_KNOTS('',3,(#7237,#7238,#7239,#7240,#7241,#7242),
 .UNSPECIFIED.,.F.,.F.,(4,2,4),(-0.0655366247005268,-0.0632659299187144,
-0.0587268145217419),.UNSPECIFIED.);
#47=B_SPLINE_CURVE_WITH_KNOTS('',3,(#7248,#7249,#7250,#7251,#7252,#7253,
#7254,#7255,#7256,#7257),.UNSPECIFIED.,.F.,.F.,(4,2,2,2,4),(-0.028393321184699,
-0.0248656180006706,-0.0199644973947742,-0.0150633767888778,-0.0115356736048469),
 .UNSPECIFIED.);
#48=B_SPLINE_CURVE_WITH_KNOTS('',3,(#7263,#7264,#7265,#7266,#7267,#7268,
#7269,#7270,#7271,#7272),.UNSPECIFIED.,.F.,.F.,(4,2,2,2,4),(-0.0655366247005269,
-0.0632659299187145,-0.0587268145217419,-0.0541876991247694,-0.0519170043429616),
 .UNSPECIFIED.);
#49=B_SPLINE_CURVE_WITH_KNOTS('',3,(#7278,#7279,#7280,#7281,#7282,#7283,
#7284,#7285,#7286,#7287),.UNSPECIFIED.,.F.,.F.,(4,2,2,2,4),(-0.0283933211847,
-0.0248656180006706,-0.0199644973947742,-0.0150633767888778,-0.0115356736048469),
 .UNSPECIFIED.);
#50=B_SPLINE_CURVE_WITH_KNOTS('',3,(#7293,#7294,#7295,#7296,#7297,#7298,
#7299,#7300,#7301,#7302),.UNSPECIFIED.,.F.,.F.,(4,2,2,2,4),(-0.0655366247005269,
-0.0632659299187144,-0.0587268145217419,-0.0541876991247693,-0.0519170043429591),
 .UNSPECIFIED.);
#51=B_SPLINE_CURVE_WITH_KNOTS('',3,(#7308,#7309,#7310,#7311,#7312,#7313,
#7314,#7315,#7316,#7317),.UNSPECIFIED.,.F.,.F.,(4,2,2,2,4),(-0.0283933211847002,
-0.0248656180006705,-0.0199644973947741,-0.0150633767888777,-0.0115356736048469),
 .UNSPECIFIED.);
#52=B_SPLINE_CURVE_WITH_KNOTS('',3,(#7323,#7324,#7325,#7326,#7327,#7328,
#7329,#7330,#7331,#7332),.UNSPECIFIED.,.F.,.F.,(4,2,2,2,4),(-0.0655366247005269,
-0.0632659299187145,-0.0587268145217419,-0.0541876991247693,-0.0519170043429584),
 .UNSPECIFIED.);
#53=B_SPLINE_CURVE_WITH_KNOTS('',3,(#7338,#7339,#7340,#7341,#7342,#7343,
#7344,#7345,#7346,#7347),.UNSPECIFIED.,.F.,.F.,(4,2,2,2,4),(-0.0283933211847002,
-0.0248656180006706,-0.0199644973947742,-0.0150633767888778,-0.0115356736048468),
 .UNSPECIFIED.);
#54=B_SPLINE_CURVE_WITH_KNOTS('',3,(#7353,#7354,#7355,#7356,#7357,#7358,
#7359,#7360,#7361,#7362),.UNSPECIFIED.,.F.,.F.,(4,2,2,2,4),(-0.0655366247005269,
-0.0632659299187145,-0.0587268145217419,-0.0541876991247693,-0.0519170043429583),
 .UNSPECIFIED.);
#55=B_SPLINE_CURVE_WITH_KNOTS('',3,(#7368,#7369,#7370,#7371,#7372,#7373,
#7374,#7375,#7376,#7377),.UNSPECIFIED.,.F.,.F.,(4,2,2,2,4),(-0.0283933211846995,
-0.0248656180006706,-0.0199644973947742,-0.0150633767888778,-0.0115356736048468),
 .UNSPECIFIED.);
#56=B_SPLINE_CURVE_WITH_KNOTS('',3,(#7383,#7384,#7385,#7386,#7387,#7388,
#7389,#7390,#7391,#7392),.UNSPECIFIED.,.F.,.F.,(4,2,2,2,4),(-0.0655366247005269,
-0.0632659299187145,-0.0587268145217419,-0.0541876991247693,-0.0519170043429586),
 .UNSPECIFIED.);
#57=B_SPLINE_CURVE_WITH_KNOTS('',3,(#7398,#7399,#7400,#7401,#7402,#7403,
#7404,#7405,#7406,#7407),.UNSPECIFIED.,.F.,.F.,(4,2,2,2,4),(-0.0283933211846972,
-0.0248656180006705,-0.0199644973947741,-0.0150633767888777,-0.0115356736048469),
 .UNSPECIFIED.);
#58=B_SPLINE_CURVE_WITH_KNOTS('',3,(#7413,#7414,#7415,#7416,#7417,#7418,
#7419,#7420,#7421,#7422),.UNSPECIFIED.,.F.,.F.,(4,2,2,2,4),(-0.0655366247005268,
-0.0632659299187144,-0.0587268145217418,-0.0541876991247692,-0.0519170043429596),
 .UNSPECIFIED.);
#59=B_SPLINE_CURVE_WITH_KNOTS('',3,(#7428,#7429,#7430,#7431,#7432,#7433,
#7434,#7435,#7436,#7437),.UNSPECIFIED.,.F.,.F.,(4,2,2,2,4),(-0.028393321184699,
-0.0248656180006706,-0.0199644973947742,-0.0150633767888778,-0.0115356736048469),
 .UNSPECIFIED.);
#60=B_SPLINE_CURVE_WITH_KNOTS('',3,(#7443,#7444,#7445,#7446,#7447,#7448,
#7449,#7450,#7451,#7452),.UNSPECIFIED.,.F.,.F.,(4,2,2,2,4),(-0.0655366247005268,
-0.0632659299187144,-0.0587268145217418,-0.0541876991247693,-0.0519170043429616),
 .UNSPECIFIED.);
#61=B_SPLINE_CURVE_WITH_KNOTS('',3,(#7458,#7459,#7460,#7461,#7462,#7463,
#7464,#7465,#7466,#7467),.UNSPECIFIED.,.F.,.F.,(4,2,2,2,4),(-0.0283933211847,
-0.0248656180006705,-0.0199644973947741,-0.0150633767888777,-0.0115356736048469),
 .UNSPECIFIED.);
#62=B_SPLINE_CURVE_WITH_KNOTS('',3,(#7473,#7474,#7475,#7476,#7477,#7478,
#7479,#7480,#7481,#7482),.UNSPECIFIED.,.F.,.F.,(4,2,2,2,4),(-0.0655366247005269,
-0.0632659299187145,-0.0587268145217419,-0.0541876991247693,-0.0519170043429591),
 .UNSPECIFIED.);
#63=B_SPLINE_CURVE_WITH_KNOTS('',3,(#7488,#7489,#7490,#7491,#7492,#7493,
#7494,#7495,#7496,#7497),.UNSPECIFIED.,.F.,.F.,(4,2,2,2,4),(-0.0283933211847002,
-0.0248656180006706,-0.0199644973947742,-0.0150633767888777,-0.0115356736048468),
 .UNSPECIFIED.);
#64=B_SPLINE_CURVE_WITH_KNOTS('',3,(#7503,#7504,#7505,#7506,#7507,#7508,
#7509,#7510,#7511,#7512),.UNSPECIFIED.,.F.,.F.,(4,2,2,2,4),(-0.0655366247005269,
-0.0632659299187145,-0.0587268145217419,-0.0541876991247693,-0.0519170043429585),
 .UNSPECIFIED.);
#65=B_SPLINE_CURVE_WITH_KNOTS('',3,(#7518,#7519,#7520,#7521,#7522,#7523,
#7524,#7525,#7526,#7527),.UNSPECIFIED.,.F.,.F.,(4,2,2,2,4),(-0.0283933211847002,
-0.0248656180006705,-0.0199644973947741,-0.0150633767888777,-0.0115356736048469),
 .UNSPECIFIED.);
#66=B_SPLINE_CURVE_WITH_KNOTS('',3,(#7533,#7534,#7535,#7536,#7537,#7538,
#7539,#7540,#7541,#7542),.UNSPECIFIED.,.F.,.F.,(4,2,2,2,4),(-0.0655366247005269,
-0.0632659299187145,-0.0587268145217419,-0.0541876991247693,-0.0519170043429583),
 .UNSPECIFIED.);
#67=B_SPLINE_CURVE_WITH_KNOTS('',3,(#7548,#7549,#7550,#7551,#7552,#7553,
#7554,#7555,#7556,#7557),.UNSPECIFIED.,.F.,.F.,(4,2,2,2,4),(-0.0283933211846994,
-0.0248656180006706,-0.0199644973947742,-0.0150633767888778,-0.0115356736048469),
 .UNSPECIFIED.);
#68=B_SPLINE_CURVE_WITH_KNOTS('',3,(#7563,#7564,#7565,#7566,#7567,#7568,
#7569,#7570,#7571,#7572),.UNSPECIFIED.,.F.,.F.,(4,2,2,2,4),(-0.0655366247005269,
-0.0632659299187144,-0.0587268145217418,-0.0541876991247693,-0.0519170043429586),
 .UNSPECIFIED.);
#69=B_SPLINE_CURVE_WITH_KNOTS('',3,(#7578,#7579,#7580,#7581,#7582,#7583,
#7584,#7585,#7586,#7587),.UNSPECIFIED.,.F.,.F.,(4,2,2,2,4),(-0.0283933211847015,
-0.0248656180006706,-0.0199644973947742,-0.0150633767888778,-0.0115356736048493),
 .UNSPECIFIED.);
#70=B_SPLINE_CURVE_WITH_KNOTS('',3,(#7593,#7594,#7595,#7596,#7597,#7598,
#7599,#7600,#7601,#7602),.UNSPECIFIED.,.F.,.F.,(4,2,2,2,4),(-0.0655366247005241,
-0.0632659299187144,-0.0587268145217419,-0.0541876991247693,-0.051917004342957),
 .UNSPECIFIED.);
#71=B_SPLINE_CURVE_WITH_KNOTS('',3,(#7608,#7609,#7610,#7611,#7612,#7613,
#7614,#7615,#7616,#7617),.UNSPECIFIED.,.F.,.F.,(4,2,2,2,4),(-0.0660070841466921,
-0.0624793809626613,-0.0575782603567649,-0.0526771397508685,-0.0491494365668419),
 .UNSPECIFIED.);
#72=B_SPLINE_CURVE_WITH_KNOTS('',3,(#7623,#7624,#7625,#7626,#7627,#7628,
#7629,#7630,#7631,#7632),.UNSPECIFIED.,.F.,.F.,(4,2,2,2,4),(-0.0655366247005251,
-0.0632659299187144,-0.0587268145217418,-0.0541876991247693,-0.0519170043429569),
 .UNSPECIFIED.);
#73=B_SPLINE_CURVE_WITH_KNOTS('',3,(#7638,#7639,#7640,#7641,#7642,#7643,
#7644,#7645,#7646,#7647),.UNSPECIFIED.,.F.,.F.,(4,2,2,2,4),(-0.0283933211847015,
-0.0248656180006706,-0.0199644973947742,-0.0150633767888778,-0.0115356736048488),
 .UNSPECIFIED.);
#74=B_SPLINE_CURVE_WITH_KNOTS('',3,(#7653,#7654,#7655,#7656,#7657,#7658,
#7659,#7660,#7661,#7662),.UNSPECIFIED.,.F.,.F.,(4,2,2,2,4),(-0.0655366247005254,
-0.0632659299187144,-0.0587268145217419,-0.0541876991247693,-0.0519170043429569),
 .UNSPECIFIED.);
#75=B_SPLINE_CURVE_WITH_KNOTS('',3,(#7668,#7669,#7670,#7671,#7672,#7673,
#7674,#7675,#7676,#7677),.UNSPECIFIED.,.F.,.F.,(4,2,2,2,4),(-0.0283933211847015,
-0.0248656180006706,-0.0199644973947742,-0.0150633767888778,-0.0115356736048482),
 .UNSPECIFIED.);
#76=B_SPLINE_CURVE_WITH_KNOTS('',3,(#7683,#7684,#7685,#7686,#7687,#7688,
#7689,#7690,#7691,#7692),.UNSPECIFIED.,.F.,.F.,(4,2,2,2,4),(-0.0655366247005253,
-0.0632659299187144,-0.0587268145217418,-0.0541876991247692,-0.0519170043429569),
 .UNSPECIFIED.);
#77=B_SPLINE_CURVE_WITH_KNOTS('',3,(#7698,#7699,#7700,#7701,#7702,#7703,
#7704,#7705,#7706,#7707),.UNSPECIFIED.,.F.,.F.,(4,2,2,2,4),(-0.0283933211847015,
-0.0248656180006706,-0.0199644973947741,-0.0150633767888777,-0.0115356736048481),
 .UNSPECIFIED.);
#78=B_SPLINE_CURVE_WITH_KNOTS('',3,(#7713,#7714,#7715,#7716,#7717,#7718,
#7719,#7720,#7721,#7722),.UNSPECIFIED.,.F.,.F.,(4,2,2,2,4),(-0.0655366247005247,
-0.0632659299187144,-0.0587268145217418,-0.0541876991247693,-0.0519170043429569),
 .UNSPECIFIED.);
#79=B_SPLINE_CURVE_WITH_KNOTS('',3,(#7728,#7729,#7730,#7731,#7732,#7733,
#7734,#7735,#7736,#7737),.UNSPECIFIED.,.F.,.F.,(4,2,2,2,4),(-0.0283933211847014,
-0.0248656180006706,-0.0199644973947742,-0.0150633767888778,-0.0115356736048484),
 .UNSPECIFIED.);
#80=B_SPLINE_CURVE_WITH_KNOTS('',3,(#7743,#7744,#7745,#7746,#7747,#7748,
#7749,#7750,#7751,#7752),.UNSPECIFIED.,.F.,.F.,(4,2,2,2,4),(-0.0655366247005223,
-0.0632659299187145,-0.0587268145217419,-0.0541876991247693,-0.051917004342957),
 .UNSPECIFIED.);
#81=B_SPLINE_CURVE_WITH_KNOTS('',3,(#7758,#7759,#7760,#7761,#7762,#7763,
#7764,#7765,#7766,#7767),.UNSPECIFIED.,.F.,.F.,(4,2,2,2,4),(-0.0283933211847015,
-0.0248656180006706,-0.0199644973947742,-0.0150633767888778,-0.0115356736048493),
 .UNSPECIFIED.);
#82=B_SPLINE_CURVE_WITH_KNOTS('',3,(#7773,#7774,#7775,#7776,#7777,#7778,
#7779,#7780,#7781,#7782),.UNSPECIFIED.,.F.,.F.,(4,2,2,2,4),(-0.0655366247005241,
-0.0632659299187144,-0.0587268145217418,-0.0541876991247693,-0.0519170043429568),
 .UNSPECIFIED.);
#83=B_SPLINE_CURVE_WITH_KNOTS('',3,(#7788,#7789,#7790,#7791,#7792,#7793,
#7794,#7795,#7796,#7797),.UNSPECIFIED.,.F.,.F.,(4,2,2,2,4),(-0.0283933211847015,
-0.0248656180006706,-0.0199644973947742,-0.0150633767888778,-0.011535673604851),
 .UNSPECIFIED.);
#84=B_SPLINE_CURVE_WITH_KNOTS('',3,(#7803,#7804,#7805,#7806,#7807,#7808,
#7809,#7810,#7811,#7812),.UNSPECIFIED.,.F.,.F.,(4,2,2,2,4),(-0.0655366247005252,
-0.0632659299187145,-0.0587268145217419,-0.0541876991247693,-0.0519170043429569),
 .UNSPECIFIED.);
#85=B_SPLINE_CURVE_WITH_KNOTS('',3,(#7818,#7819,#7820,#7821,#7822,#7823,
#7824,#7825,#7826,#7827),.UNSPECIFIED.,.F.,.F.,(4,2,2,2,4),(-0.0283933211847014,
-0.0248656180006705,-0.0199644973947741,-0.0150633767888777,-0.0115356736048488),
 .UNSPECIFIED.);
#86=B_SPLINE_CURVE_WITH_KNOTS('',3,(#7833,#7834,#7835,#7836,#7837,#7838,
#7839,#7840,#7841,#7842),.UNSPECIFIED.,.F.,.F.,(4,2,2,2,4),(-0.0655366247005255,
-0.0632659299187144,-0.0587268145217418,-0.0541876991247693,-0.0519170043429569),
 .UNSPECIFIED.);
#87=B_SPLINE_CURVE_WITH_KNOTS('',3,(#7848,#7849,#7850,#7851,#7852,#7853,
#7854,#7855,#7856,#7857),.UNSPECIFIED.,.F.,.F.,(4,2,2,2,4),(-0.0283933211847015,
-0.0248656180006706,-0.0199644973947741,-0.0150633767888777,-0.0115356736048482),
 .UNSPECIFIED.);
#88=B_SPLINE_CURVE_WITH_KNOTS('',3,(#7863,#7864,#7865,#7866,#7867,#7868,
#7869,#7870,#7871,#7872),.UNSPECIFIED.,.F.,.F.,(4,2,2,2,4),(-0.0655366247005253,
-0.0632659299187145,-0.0587268145217419,-0.0541876991247693,-0.0519170043429569),
 .UNSPECIFIED.);
#89=B_SPLINE_CURVE_WITH_KNOTS('',3,(#7878,#7879,#7880,#7881,#7882,#7883,
#7884,#7885,#7886,#7887),.UNSPECIFIED.,.F.,.F.,(4,2,2,2,4),(-0.0283933211847015,
-0.0248656180006706,-0.0199644973947741,-0.0150633767888777,-0.0115356736048481),
 .UNSPECIFIED.);
#90=B_SPLINE_CURVE_WITH_KNOTS('',3,(#7893,#7894,#7895,#7896,#7897,#7898,
#7899,#7900,#7901,#7902),.UNSPECIFIED.,.F.,.F.,(4,2,2,2,4),(-0.0655366247005247,
-0.0632659299187145,-0.0587268145217419,-0.0541876991247693,-0.0519170043429569),
 .UNSPECIFIED.);
#91=B_SPLINE_CURVE_WITH_KNOTS('',3,(#7908,#7909,#7910,#7911,#7912,#7913,
#7914,#7915,#7916,#7917),.UNSPECIFIED.,.F.,.F.,(4,2,2,2,4),(-0.0283933211847014,
-0.0248656180006706,-0.0199644973947742,-0.0150633767888778,-0.0115356736048484),
 .UNSPECIFIED.);
#92=B_SPLINE_CURVE_WITH_KNOTS('',3,(#7923,#7924,#7925,#7926,#7927,#7928,
#7929,#7930,#7931,#7932),.UNSPECIFIED.,.F.,.F.,(4,2,2,2,4),(-0.0655366247005222,
-0.0632659299187145,-0.0587268145217419,-0.0541876991247693,-0.051917004342957),
 .UNSPECIFIED.);
#93=(
BOUNDED_SURFACE()
B_SPLINE_SURFACE(1,2,((#6767,#6768,#6769,#6770,#6771,#6772,#6773,#6774,
#6775,#6776,#6777,#6778,#6779,#6780,#6781,#6782,#6783,#6784,#6785,#6786,
#6787,#6788,#6789,#6790,#6791,#6792,#6793,#6794,#6795,#6796,#6797,#6798,
#6799,#6800,#6801,#6802,#6803,#6804,#6805,#6806,#6807,#6808,#6809,#6810,
#6811,#6812,#6813,#6814,#6815,#6816,#6817,#6818,#6819,#6820,#6821,#6822,
#6823,#6824,#6825,#6826,#6827),(#6828,#6829,#6830,#6831,#6832,#6833,#6834,
#6835,#6836,#6837,#6838,#6839,#6840,#6841,#6842,#6843,#6844,#6845,#6846,
#6847,#6848,#6849,#6850,#6851,#6852,#6853,#6854,#6855,#6856,#6857,#6858,
#6859,#6860,#6861,#6862,#6863,#6864,#6865,#6866,#6867,#6868,#6869,#6870,
#6871,#6872,#6873,#6874,#6875,#6876,#6877,#6878,#6879,#6880,#6881,#6882,
#6883,#6884,#6885,#6886,#6887,#6888)),.UNSPECIFIED.,.F.,.F.,.F.)
B_SPLINE_SURFACE_WITH_KNOTS((2,2),(3,2,2,2,2,2,2,2,2,2,2,2,2,2,2,2,2,2,
2,2,2,2,2,2,2,2,2,2,2,2,3),(0.,1.),(0.,0.0333333333333333,0.0666666666666667,
0.1,0.133333333333333,0.166666666666667,0.2,0.233333333333333,0.266666666666667,
0.3,0.333333333333333,0.366666666666667,0.4,0.433333333333333,0.466666666666667,
0.5,0.533333333333333,0.566666666666667,0.6,0.633333333333333,0.666666666666667,
0.7,0.733333333333333,0.766666666666667,0.8,0.833333333333333,0.866666666666667,
0.9,0.933333333333333,0.966666666666667,1.),.UNSPECIFIED.)
GEOMETRIC_REPRESENTATION_ITEM()
RATIONAL_B_SPLINE_SURFACE(((1.,0.866025403784439,1.,0.866025403784439,1.,
0.866025403784439,1.,0.866025403784439,1.,0.866025403784439,1.,0.866025403784439,
1.,0.866025403784439,1.,0.866025403784439,1.,0.866025403784439,1.,0.866025403784439,
1.,0.866025403784439,1.,0.866025403784439,1.,0.866025403784439,1.,0.866025403784439,
1.,0.866025403784439,1.,0.866025403784439,1.,0.866025403784439,1.,0.866025403784439,
1.,0.866025403784439,1.,0.866025403784439,1.,0.866025403784439,1.,0.866025403784439,
1.,0.866025403784439,1.,0.866025403784439,1.,0.866025403784439,1.,0.866025403784439,
1.,0.866025403784439,1.,0.866025403784439,1.,0.866025403784439,1.,0.866025403784439,
1.),(1.,0.866025403784439,1.,0.866025403784439,1.,0.866025403784439,1.,
0.866025403784439,1.,0.866025403784439,1.,0.866025403784439,1.,0.866025403784439,
1.,0.866025403784439,1.,0.866025403784439,1.,0.866025403784439,1.,0.866025403784439,
1.,0.866025403784439,1.,0.866025403784439,1.,0.866025403784439,1.,0.866025403784439,
1.,0.866025403784439,1.,0.866025403784439,1.,0.866025403784439,1.,0.866025403784439,
1.,0.866025403784439,1.,0.866025403784439,1.,0.866025403784439,1.,0.866025403784439,
1.,0.866025403784439,1.,0.866025403784439,1.,0.866025403784439,1.,0.866025403784439,
1.,0.866025403784439,1.,0.866025403784439,1.,0.866025403784439,1.)))
REPRESENTATION_ITEM('')
SURFACE()
);
#94=(
BOUNDED_SURFACE()
B_SPLINE_SURFACE(1,2,((#6976,#6977,#6978,#6979,#6980,#6981,#6982,#6983,
#6984,#6985,#6986,#6987,#6988,#6989,#6990,#6991,#6992,#6993,#6994,#6995,
#6996,#6997,#6998,#6999,#7000,#7001,#7002,#7003,#7004,#7005,#7006,#7007,
#7008,#7009,#7010,#7011,#7012,#7013,#7014,#7015,#7016,#7017,#7018,#7019,
#7020,#7021,#7022,#7023,#7024,#7025,#7026,#7027,#7028,#7029,#7030,#7031,
#7032,#7033,#7034,#7035,#7036),(#7037,#7038,#7039,#7040,#7041,#7042,#7043,
#7044,#7045,#7046,#7047,#7048,#7049,#7050,#7051,#7052,#7053,#7054,#7055,
#7056,#7057,#7058,#7059,#7060,#7061,#7062,#7063,#7064,#7065,#7066,#7067,
#7068,#7069,#7070,#7071,#7072,#7073,#7074,#7075,#7076,#7077,#7078,#7079,
#7080,#7081,#7082,#7083,#7084,#7085,#7086,#7087,#7088,#7089,#7090,#7091,
#7092,#7093,#7094,#7095,#7096,#7097)),.UNSPECIFIED.,.F.,.F.,.F.)
B_SPLINE_SURFACE_WITH_KNOTS((2,2),(3,2,2,2,2,2,2,2,2,2,2,2,2,2,2,2,2,2,
2,2,2,2,2,2,2,2,2,2,2,2,3),(0.,1.),(0.,0.0333333333333333,0.0666666666666667,
0.1,0.133333333333333,0.166666666666667,0.2,0.233333333333333,0.266666666666667,
0.3,0.333333333333333,0.366666666666667,0.4,0.433333333333333,0.466666666666667,
0.5,0.533333333333333,0.566666666666667,0.6,0.633333333333333,0.666666666666667,
0.7,0.733333333333333,0.766666666666667,0.8,0.833333333333333,0.866666666666667,
0.9,0.933333333333333,0.966666666666667,1.),.UNSPECIFIED.)
GEOMETRIC_REPRESENTATION_ITEM()
RATIONAL_B_SPLINE_SURFACE(((1.,0.866025403784439,1.,0.866025403784439,1.,
0.866025403784439,1.,0.866025403784439,1.,0.866025403784439,1.,0.866025403784439,
1.,0.866025403784439,1.,0.866025403784439,1.,0.866025403784439,1.,0.866025403784439,
1.,0.866025403784439,1.,0.866025403784439,1.,0.866025403784439,1.,0.866025403784439,
1.,0.866025403784439,1.,0.866025403784439,1.,0.866025403784439,1.,0.866025403784439,
1.,0.866025403784439,1.,0.866025403784439,1.,0.866025403784439,1.,0.866025403784439,
1.,0.866025403784439,1.,0.866025403784439,1.,0.866025403784439,1.,0.866025403784439,
1.,0.866025403784439,1.,0.866025403784439,1.,0.866025403784439,1.,0.866025403784439,
1.),(1.,0.866025403784439,1.,0.866025403784439,1.,0.866025403784439,1.,
0.866025403784439,1.,0.866025403784439,1.,0.866025403784439,1.,0.866025403784439,
1.,0.866025403784439,1.,0.866025403784439,1.,0.866025403784439,1.,0.866025403784439,
1.,0.866025403784439,1.,0.866025403784439,1.,0.866025403784439,1.,0.866025403784439,
1.,0.866025403784439,1.,0.866025403784439,1.,0.866025403784439,1.,0.866025403784439,
1.,0.866025403784439,1.,0.866025403784439,1.,0.866025403784439,1.,0.866025403784439,
1.,0.866025403784439,1.,0.866025403784439,1.,0.866025403784439,1.,0.866025403784439,
1.,0.866025403784439,1.,0.866025403784439,1.,0.866025403784439,1.)))
REPRESENTATION_ITEM('')
SURFACE()
);
#95=(
BOUNDED_CURVE()
B_SPLINE_CURVE(2,(#6620,#6621,#6622,#6623,#6624,#6625,#6626,#6627,#6628),
 .UNSPECIFIED.,.F.,.F.)
B_SPLINE_CURVE_WITH_KNOTS((3,2,2,2,3),(0.85,0.866666666666667,0.9,0.933333333333333,
0.954691603920666),.UNSPECIFIED.)
CURVE()
GEOMETRIC_REPRESENTATION_ITEM()
RATIONAL_B_SPLINE_CURVE((0.933012701892219,0.93301270189222,1.,0.866025403784439,
1.,0.866025403784439,1.,0.914156029665983,0.938320784133059))
REPRESENTATION_ITEM('')
);
#96=(
BOUNDED_CURVE()
B_SPLINE_CURVE(2,(#6631,#6632,#6633,#6634,#6635,#6636,#6637,#6638,#6639,
#6640,#6641),.UNSPECIFIED.,.F.,.F.)
B_SPLINE_CURVE_WITH_KNOTS((3,2,2,2,2,3),(0.65,0.666666666666667,0.7,0.733333333333333,
0.766666666666667,0.780215476767635),.UNSPECIFIED.)
CURVE()
GEOMETRIC_REPRESENTATION_ITEM()
RATIONAL_B_SPLINE_CURVE((0.933012701892219,0.93301270189222,1.,0.866025403784439,
1.,0.866025403784439,1.,0.866025403784439,1.,0.945544109125644,0.93535696971143))
REPRESENTATION_ITEM('')
);
#97=(
BOUNDED_CURVE()
B_SPLINE_CURVE(2,(#6646,#6647,#6648,#6649,#6650,#6651,#6652,#6653,#6654,
#6655,#6656,#6657,#6658,#6659,#6660),.UNSPECIFIED.,.F.,.F.)
B_SPLINE_CURVE_WITH_KNOTS((3,2,2,2,2,2,2,3),(0.65,0.666666666666667,0.7,
0.733333333333333,0.766666666666667,0.8,0.833333333333333,0.85),
 .UNSPECIFIED.)
CURVE()
GEOMETRIC_REPRESENTATION_ITEM()
RATIONAL_B_SPLINE_CURVE((0.933012701892219,0.93301270189222,1.,0.866025403784439,
1.,0.866025403784439,1.,0.866025403784439,1.,0.866025403784439,1.,0.866025403784439,
1.,0.933012701892219,0.933012701892219))
REPRESENTATION_ITEM('')
);
#98=(
BOUNDED_CURVE()
B_SPLINE_CURVE(2,(#6661,#6662,#6663,#6664,#6665,#6666,#6667,#6668,#6669,
#6670,#6671,#6672,#6673,#6674,#6675),.UNSPECIFIED.,.F.,.F.)
B_SPLINE_CURVE_WITH_KNOTS((3,2,2,2,2,2,2,3),(0.45,0.466666666666667,0.5,
0.533333333333333,0.566666666666667,0.6,0.633333333333333,0.65),
 .UNSPECIFIED.)
CURVE()
GEOMETRIC_REPRESENTATION_ITEM()
RATIONAL_B_SPLINE_CURVE((0.933012701892219,0.933012701892219,1.,0.866025403784439,
1.,0.866025403784439,1.,0.866025403784439,1.,0.866025403784439,1.,0.866025403784439,
1.,0.933012701892219,0.933012701892219))
REPRESENTATION_ITEM('')
);
#99=(
BOUNDED_CURVE()
B_SPLINE_CURVE(2,(#6681,#6682,#6683,#6684,#6685,#6686,#6687,#6688,#6689,
#6690,#6691,#6692,#6693),.UNSPECIFIED.,.F.,.F.)
B_SPLINE_CURVE_WITH_KNOTS((3,2,2,2,2,2,3),(0.0858070257276934,0.1,0.133333333333333,
0.166666666666667,0.2,0.233333333333333,0.25),.UNSPECIFIED.)
CURVE()
GEOMETRIC_REPRESENTATION_ITEM()
RATIONAL_B_SPLINE_CURVE((0.934488362042546,0.942955060083096,1.,0.866025403784439,
1.,0.866025403784439,1.,0.866025403784439,1.,0.866025403784439,1.,0.933012701892219,
0.933012701892219))
REPRESENTATION_ITEM('')
);
#100=(
BOUNDED_CURVE()
B_SPLINE_CURVE(2,(#6696,#6697,#6698,#6699,#6700,#6701,#6702,#6703,#6704,
#6705,#6706,#6707,#6708,#6709,#6710),.UNSPECIFIED.,.F.,.F.)
B_SPLINE_CURVE_WITH_KNOTS((3,2,2,2,2,2,2,3),(0.260539004860658,0.266666666666667,
0.3,0.333333333333333,0.366666666666667,0.4,0.433333333333333,0.45),
 .UNSPECIFIED.)
CURVE()
GEOMETRIC_REPRESENTATION_ITEM()
RATIONAL_B_SPLINE_CURVE((0.959797857363561,0.975371469513835,1.,0.866025403784439,
1.,0.866025403784439,1.,0.866025403784439,1.,0.866025403784439,1.,0.866025403784439,
1.,0.933012701892219,0.933012701892219))
REPRESENTATION_ITEM('')
);
#101=(
BOUNDED_CURVE()
B_SPLINE_CURVE(2,(#6717,#6718,#6719),.UNSPECIFIED.,.F.,.F.)
B_SPLINE_CURVE_WITH_KNOTS((3,3),(0.286226094369052,0.3),.UNSPECIFIED.)
CURVE()
GEOMETRIC_REPRESENTATION_ITEM()
RATIONAL_B_SPLINE_CURVE((0.935030696865257,0.944639396643475,1.))
REPRESENTATION_ITEM('')
);
#102=(
BOUNDED_CURVE()
B_SPLINE_CURVE(2,(#6725,#6726,#6727,#6728,#6729,#6730,#6731,#6732,#6733,
#6734,#6735,#6736,#6737),.UNSPECIFIED.,.F.,.F.)
B_SPLINE_CURVE_WITH_KNOTS((3,2,2,2,2,2,3),(0.311747503174866,0.333333333333333,
0.366666666666667,0.4,0.433333333333333,0.466666666666667,0.5),
 .UNSPECIFIED.)
CURVE()
GEOMETRIC_REPRESENTATION_ITEM()
RATIONAL_B_SPLINE_CURVE((0.938848193860601,0.913241413616249,1.,0.866025403784439,
1.,0.866025403784439,1.,0.866025403784439,1.,0.866025403784439,1.,0.866025403784439,
1.))
REPRESENTATION_ITEM('')
);
#103=(
BOUNDED_CURVE()
B_SPLINE_CURVE(2,(#6739,#6740,#6741,#6742,#6743,#6744,#6745,#6746,#6747,
#6748,#6749,#6750,#6751),.UNSPECIFIED.,.F.,.F.)
B_SPLINE_CURVE_WITH_KNOTS((3,2,2,2,2,2,3),(0.3,0.333333333333333,0.366666666666667,
0.4,0.433333333333333,0.466666666666667,0.5),.UNSPECIFIED.)
CURVE()
GEOMETRIC_REPRESENTATION_ITEM()
RATIONAL_B_SPLINE_CURVE((1.,0.866025403784439,1.,0.866025403784439,1.,0.866025403784439,
1.,0.866025403784439,1.,0.866025403784439,1.,0.866025403784439,1.))
REPRESENTATION_ITEM('')
);
#104=(
BOUNDED_CURVE()
B_SPLINE_CURVE(2,(#6757,#6758,#6759),.UNSPECIFIED.,.F.,.F.)
B_SPLINE_CURVE_WITH_KNOTS((3,3),(0.7,0.724661449016857),.UNSPECIFIED.)
CURVE()
GEOMETRIC_REPRESENTATION_ITEM()
RATIONAL_B_SPLINE_CURVE((1.,0.900879769776279,0.948426449804642))
REPRESENTATION_ITEM('')
);
#105=(
BOUNDED_CURVE()
B_SPLINE_CURVE(2,(#6762,#6763,#6764,#6765,#6766),.UNSPECIFIED.,.F.,.F.)
B_SPLINE_CURVE_WITH_KNOTS((3,2,3),(0.7,0.733333333333333,0.750089746148988),
 .UNSPECIFIED.)
CURVE()
GEOMETRIC_REPRESENTATION_ITEM()
RATIONAL_B_SPLINE_CURVE((1.,0.866025403784439,1.,0.932651990770041,0.933014644238266))
REPRESENTATION_ITEM('')
);
#106=(
BOUNDED_CURVE()
B_SPLINE_CURVE(2,(#6889,#6890,#6891,#6892,#6893,#6894,#6895,#6896,#6897,
#6898,#6899,#6900,#6901),.UNSPECIFIED.,.F.,.F.)
B_SPLINE_CURVE_WITH_KNOTS((3,2,2,2,2,2,3),(0.5,0.533333333333333,0.566666666666667,
0.6,0.633333333333333,0.666666666666667,0.7),.UNSPECIFIED.)
CURVE()
GEOMETRIC_REPRESENTATION_ITEM()
RATIONAL_B_SPLINE_CURVE((1.,0.866025403784439,1.,0.866025403784439,1.,0.866025403784439,
1.,0.866025403784439,1.,0.866025403784439,1.,0.866025403784439,1.))
REPRESENTATION_ITEM('')
);
#107=(
BOUNDED_CURVE()
B_SPLINE_CURVE(2,(#6949,#6950,#6951,#6952,#6953,#6954,#6955,#6956,#6957,
#6958,#6959,#6960,#6961,#6962,#6963),.UNSPECIFIED.,.F.,.F.)
B_SPLINE_CURVE_WITH_KNOTS((3,2,2,2,2,2,2,3),(0.45,0.466666666666667,0.5,
0.533333333333333,0.566666666666667,0.6,0.633333333333333,0.65),
 .UNSPECIFIED.)
CURVE()
GEOMETRIC_REPRESENTATION_ITEM()
RATIONAL_B_SPLINE_CURVE((0.933012701892219,0.933012701892219,1.,0.866025403784439,
1.,0.866025403784439,1.,0.866025403784439,1.,0.866025403784439,1.,0.866025403784439,
1.,0.933012701892219,0.933012701892219))
REPRESENTATION_ITEM('')
);
#108=(
BOUNDED_CURVE()
B_SPLINE_CURVE(2,(#7112,#7113,#7114,#7115,#7116,#7117,#7118,#7119,#7120,
#7121,#7122,#7123,#7124),.UNSPECIFIED.,.F.,.F.)
B_SPLINE_CURVE_WITH_KNOTS((3,2,2,2,2,2,3),(0.5,0.533333333333333,0.566666666666667,
0.6,0.633333333333333,0.666666666666667,0.7),.UNSPECIFIED.)
CURVE()
GEOMETRIC_REPRESENTATION_ITEM()
RATIONAL_B_SPLINE_CURVE((1.,0.866025403784439,1.,0.866025403784439,1.,0.866025403784439,
1.,0.866025403784439,1.,0.866025403784439,1.,0.866025403784439,1.))
REPRESENTATION_ITEM('')
);
#109=(
BOUNDED_CURVE()
B_SPLINE_CURVE(2,(#7170,#7171,#7172,#7173,#7174,#7175,#7176,#7177,#7178,
#7179,#7180,#7181,#7182,#7183,#7184),.UNSPECIFIED.,.F.,.F.)
B_SPLINE_CURVE_WITH_KNOTS((3,2,2,2,2,2,2,3),(0.25,0.266666666666667,0.3,
0.333333333333333,0.366666666666667,0.4,0.433333333333333,0.45),
 .UNSPECIFIED.)
CURVE()
GEOMETRIC_REPRESENTATION_ITEM()
RATIONAL_B_SPLINE_CURVE((0.933012701892219,0.933012701892219,1.,0.866025403784439,
1.,0.866025403784439,1.,0.866025403784439,1.,0.866025403784439,1.,0.866025403784439,
1.,0.933012701892219,0.933012701892219))
REPRESENTATION_ITEM('')
);
#110=(
BOUNDED_CURVE()
B_SPLINE_CURVE(2,(#7225,#7226,#7227),.UNSPECIFIED.,.F.,.F.)
B_SPLINE_CURVE_WITH_KNOTS((3,3),(0.825322686370322,0.861553232310278),
 .UNSPECIFIED.)
CURVE()
GEOMETRIC_REPRESENTATION_ITEM()
RATIONAL_B_SPLINE_CURVE((1.6637556354745,1.63961972479271,1.61208562924507))
REPRESENTATION_ITEM('')
);
#111=(
BOUNDED_CURVE()
B_SPLINE_CURVE(2,(#7244,#7245,#7246),.UNSPECIFIED.,.F.,.F.)
B_SPLINE_CURVE_WITH_KNOTS((3,3),(0.274430781333357,0.310661327273309),
 .UNSPECIFIED.)
CURVE()
GEOMETRIC_REPRESENTATION_ITEM()
RATIONAL_B_SPLINE_CURVE((1.61208562924507,1.6396197247927,1.66375563547449))
REPRESENTATION_ITEM('')
);
#112=(
BOUNDED_CURVE()
B_SPLINE_CURVE(2,(#7259,#7260,#7261),.UNSPECIFIED.,.F.,.F.)
B_SPLINE_CURVE_WITH_KNOTS((3,3),(0.82532268637032,0.861553232310276),
 .UNSPECIFIED.)
CURVE()
GEOMETRIC_REPRESENTATION_ITEM()
RATIONAL_B_SPLINE_CURVE((1.6637556354745,1.63961972479271,1.61208562924507))
REPRESENTATION_ITEM('')
);
#113=(
BOUNDED_CURVE()
B_SPLINE_CURVE(2,(#7274,#7275,#7276),.UNSPECIFIED.,.F.,.F.)
B_SPLINE_CURVE_WITH_KNOTS((3,3),(0.274430781333356,0.310661327273309),
 .UNSPECIFIED.)
CURVE()
GEOMETRIC_REPRESENTATION_ITEM()
RATIONAL_B_SPLINE_CURVE((1.61208562924507,1.6396197247927,1.66375563547449))
REPRESENTATION_ITEM('')
);
#114=(
BOUNDED_CURVE()
B_SPLINE_CURVE(2,(#7289,#7290,#7291),.UNSPECIFIED.,.F.,.F.)
B_SPLINE_CURVE_WITH_KNOTS((3,3),(0.825322686370323,0.861553232310278),
 .UNSPECIFIED.)
CURVE()
GEOMETRIC_REPRESENTATION_ITEM()
RATIONAL_B_SPLINE_CURVE((1.6637556354745,1.63961972479271,1.61208562924507))
REPRESENTATION_ITEM('')
);
#115=(
BOUNDED_CURVE()
B_SPLINE_CURVE(2,(#7304,#7305,#7306),.UNSPECIFIED.,.F.,.F.)
B_SPLINE_CURVE_WITH_KNOTS((3,3),(0.274430781333357,0.310661327273309),
 .UNSPECIFIED.)
CURVE()
GEOMETRIC_REPRESENTATION_ITEM()
RATIONAL_B_SPLINE_CURVE((1.61208562924507,1.6396197247927,1.66375563547449))
REPRESENTATION_ITEM('')
);
#116=(
BOUNDED_CURVE()
B_SPLINE_CURVE(2,(#7319,#7320,#7321),.UNSPECIFIED.,.F.,.F.)
B_SPLINE_CURVE_WITH_KNOTS((3,3),(0.825322686370324,0.861553232310277),
 .UNSPECIFIED.)
CURVE()
GEOMETRIC_REPRESENTATION_ITEM()
RATIONAL_B_SPLINE_CURVE((1.6637556354745,1.6396197247927,1.61208562924507))
REPRESENTATION_ITEM('')
);
#117=(
BOUNDED_CURVE()
B_SPLINE_CURVE(2,(#7334,#7335,#7336),.UNSPECIFIED.,.F.,.F.)
B_SPLINE_CURVE_WITH_KNOTS((3,3),(0.274430781333356,0.310661327273309),
 .UNSPECIFIED.)
CURVE()
GEOMETRIC_REPRESENTATION_ITEM()
RATIONAL_B_SPLINE_CURVE((1.61208562924507,1.6396197247927,1.66375563547449))
REPRESENTATION_ITEM('')
);
#118=(
BOUNDED_CURVE()
B_SPLINE_CURVE(2,(#7349,#7350,#7351),.UNSPECIFIED.,.F.,.F.)
B_SPLINE_CURVE_WITH_KNOTS((3,3),(0.825322686370324,0.861553232310277),
 .UNSPECIFIED.)
CURVE()
GEOMETRIC_REPRESENTATION_ITEM()
RATIONAL_B_SPLINE_CURVE((1.66375563547449,1.6396197247927,1.61208562924507))
REPRESENTATION_ITEM('')
);
#119=(
BOUNDED_CURVE()
B_SPLINE_CURVE(2,(#7364,#7365,#7366),.UNSPECIFIED.,.F.,.F.)
B_SPLINE_CURVE_WITH_KNOTS((3,3),(0.274430781333355,0.310661327273309),
 .UNSPECIFIED.)
CURVE()
GEOMETRIC_REPRESENTATION_ITEM()
RATIONAL_B_SPLINE_CURVE((1.61208562924507,1.6396197247927,1.66375563547449))
REPRESENTATION_ITEM('')
);
#120=(
BOUNDED_CURVE()
B_SPLINE_CURVE(2,(#7379,#7380,#7381),.UNSPECIFIED.,.F.,.F.)
B_SPLINE_CURVE_WITH_KNOTS((3,3),(0.825322686370324,0.861553232310277),
 .UNSPECIFIED.)
CURVE()
GEOMETRIC_REPRESENTATION_ITEM()
RATIONAL_B_SPLINE_CURVE((1.6637556354745,1.63961972479271,1.61208562924507))
REPRESENTATION_ITEM('')
);
#121=(
BOUNDED_CURVE()
B_SPLINE_CURVE(2,(#7394,#7395,#7396),.UNSPECIFIED.,.F.,.F.)
B_SPLINE_CURVE_WITH_KNOTS((3,3),(0.274430781333353,0.310661327273309),
 .UNSPECIFIED.)
CURVE()
GEOMETRIC_REPRESENTATION_ITEM()
RATIONAL_B_SPLINE_CURVE((1.61208562924506,1.6396197247927,1.66375563547449))
REPRESENTATION_ITEM('')
);
#122=(
BOUNDED_CURVE()
B_SPLINE_CURVE(2,(#7409,#7410,#7411),.UNSPECIFIED.,.F.,.F.)
B_SPLINE_CURVE_WITH_KNOTS((3,3),(0.825322686370323,0.861553232310277),
 .UNSPECIFIED.)
CURVE()
GEOMETRIC_REPRESENTATION_ITEM()
RATIONAL_B_SPLINE_CURVE((1.6637556354745,1.63961972479271,1.61208562924507))
REPRESENTATION_ITEM('')
);
#123=(
BOUNDED_CURVE()
B_SPLINE_CURVE(2,(#7424,#7425,#7426),.UNSPECIFIED.,.F.,.F.)
B_SPLINE_CURVE_WITH_KNOTS((3,3),(0.274430781333355,0.310661327273309),
 .UNSPECIFIED.)
CURVE()
GEOMETRIC_REPRESENTATION_ITEM()
RATIONAL_B_SPLINE_CURVE((1.61208562924506,1.6396197247927,1.66375563547449))
REPRESENTATION_ITEM('')
);
#124=(
BOUNDED_CURVE()
B_SPLINE_CURVE(2,(#7439,#7440,#7441),.UNSPECIFIED.,.F.,.F.)
B_SPLINE_CURVE_WITH_KNOTS((3,3),(0.825322686370319,0.861553232310277),
 .UNSPECIFIED.)
CURVE()
GEOMETRIC_REPRESENTATION_ITEM()
RATIONAL_B_SPLINE_CURVE((1.6637556354745,1.63961972479271,1.61208562924507))
REPRESENTATION_ITEM('')
);
#125=(
BOUNDED_CURVE()
B_SPLINE_CURVE(2,(#7454,#7455,#7456),.UNSPECIFIED.,.F.,.F.)
B_SPLINE_CURVE_WITH_KNOTS((3,3),(0.274430781333356,0.310661327273309),
 .UNSPECIFIED.)
CURVE()
GEOMETRIC_REPRESENTATION_ITEM()
RATIONAL_B_SPLINE_CURVE((1.61208562924506,1.6396197247927,1.66375563547449))
REPRESENTATION_ITEM('')
);
#126=(
BOUNDED_CURVE()
B_SPLINE_CURVE(2,(#7469,#7470,#7471),.UNSPECIFIED.,.F.,.F.)
B_SPLINE_CURVE_WITH_KNOTS((3,3),(0.825322686370323,0.861553232310277),
 .UNSPECIFIED.)
CURVE()
GEOMETRIC_REPRESENTATION_ITEM()
RATIONAL_B_SPLINE_CURVE((1.6637556354745,1.63961972479271,1.61208562924507))
REPRESENTATION_ITEM('')
);
#127=(
BOUNDED_CURVE()
B_SPLINE_CURVE(2,(#7484,#7485,#7486),.UNSPECIFIED.,.F.,.F.)
B_SPLINE_CURVE_WITH_KNOTS((3,3),(0.274430781333356,0.310661327273309),
 .UNSPECIFIED.)
CURVE()
GEOMETRIC_REPRESENTATION_ITEM()
RATIONAL_B_SPLINE_CURVE((1.61208562924507,1.6396197247927,1.66375563547449))
REPRESENTATION_ITEM('')
);
#128=(
BOUNDED_CURVE()
B_SPLINE_CURVE(2,(#7499,#7500,#7501),.UNSPECIFIED.,.F.,.F.)
B_SPLINE_CURVE_WITH_KNOTS((3,3),(0.825322686370324,0.861553232310277),
 .UNSPECIFIED.)
CURVE()
GEOMETRIC_REPRESENTATION_ITEM()
RATIONAL_B_SPLINE_CURVE((1.6637556354745,1.6396197247927,1.61208562924507))
REPRESENTATION_ITEM('')
);
#129=(
BOUNDED_CURVE()
B_SPLINE_CURVE(2,(#7514,#7515,#7516),.UNSPECIFIED.,.F.,.F.)
B_SPLINE_CURVE_WITH_KNOTS((3,3),(0.274430781333356,0.310661327273309),
 .UNSPECIFIED.)
CURVE()
GEOMETRIC_REPRESENTATION_ITEM()
RATIONAL_B_SPLINE_CURVE((1.61208562924507,1.6396197247927,1.66375563547449))
REPRESENTATION_ITEM('')
);
#130=(
BOUNDED_CURVE()
B_SPLINE_CURVE(2,(#7529,#7530,#7531),.UNSPECIFIED.,.F.,.F.)
B_SPLINE_CURVE_WITH_KNOTS((3,3),(0.825322686370324,0.861553232310277),
 .UNSPECIFIED.)
CURVE()
GEOMETRIC_REPRESENTATION_ITEM()
RATIONAL_B_SPLINE_CURVE((1.6637556354745,1.63961972479271,1.61208562924507))
REPRESENTATION_ITEM('')
);
#131=(
BOUNDED_CURVE()
B_SPLINE_CURVE(2,(#7544,#7545,#7546),.UNSPECIFIED.,.F.,.F.)
B_SPLINE_CURVE_WITH_KNOTS((3,3),(0.274430781333356,0.31066132727331),
 .UNSPECIFIED.)
CURVE()
GEOMETRIC_REPRESENTATION_ITEM()
RATIONAL_B_SPLINE_CURVE((1.61208562924506,1.6396197247927,1.66375563547449))
REPRESENTATION_ITEM('')
);
#132=(
BOUNDED_CURVE()
B_SPLINE_CURVE(2,(#7559,#7560,#7561),.UNSPECIFIED.,.F.,.F.)
B_SPLINE_CURVE_WITH_KNOTS((3,3),(0.825322686370323,0.861553232310277),
 .UNSPECIFIED.)
CURVE()
GEOMETRIC_REPRESENTATION_ITEM()
RATIONAL_B_SPLINE_CURVE((1.6637556354745,1.6396197247927,1.61208562924507))
REPRESENTATION_ITEM('')
);
#133=(
BOUNDED_CURVE()
B_SPLINE_CURVE(2,(#7574,#7575,#7576),.UNSPECIFIED.,.F.,.F.)
B_SPLINE_CURVE_WITH_KNOTS((3,3),(0.274430781333358,0.310661327273309),
 .UNSPECIFIED.)
CURVE()
GEOMETRIC_REPRESENTATION_ITEM()
RATIONAL_B_SPLINE_CURVE((1.61208562924507,1.6396197247927,1.66375563547449))
REPRESENTATION_ITEM('')
);
#134=(
BOUNDED_CURVE()
B_SPLINE_CURVE(2,(#7589,#7590,#7591),.UNSPECIFIED.,.F.,.F.)
B_SPLINE_CURVE_WITH_KNOTS((3,3),(0.825322686370326,0.86155323231028),
 .UNSPECIFIED.)
CURVE()
GEOMETRIC_REPRESENTATION_ITEM()
RATIONAL_B_SPLINE_CURVE((1.66375563547449,1.6396197247927,1.61208562924506))
REPRESENTATION_ITEM('')
);
#135=(
BOUNDED_CURVE()
B_SPLINE_CURVE(2,(#7604,#7605,#7606),.UNSPECIFIED.,.F.,.F.)
B_SPLINE_CURVE_WITH_KNOTS((3,3),(0.274430781333362,0.310661327273313),
 .UNSPECIFIED.)
CURVE()
GEOMETRIC_REPRESENTATION_ITEM()
RATIONAL_B_SPLINE_CURVE((1.61208562924507,1.63961972479271,1.6637556354745))
REPRESENTATION_ITEM('')
);
#136=(
BOUNDED_CURVE()
B_SPLINE_CURVE(2,(#7619,#7620,#7621),.UNSPECIFIED.,.F.,.F.)
B_SPLINE_CURVE_WITH_KNOTS((3,3),(0.825322686370327,0.86155323231028),
 .UNSPECIFIED.)
CURVE()
GEOMETRIC_REPRESENTATION_ITEM()
RATIONAL_B_SPLINE_CURVE((1.66375563547449,1.6396197247927,1.61208562924507))
REPRESENTATION_ITEM('')
);
#137=(
BOUNDED_CURVE()
B_SPLINE_CURVE(2,(#7634,#7635,#7636),.UNSPECIFIED.,.F.,.F.)
B_SPLINE_CURVE_WITH_KNOTS((3,3),(0.274430781333358,0.310661327273311),
 .UNSPECIFIED.)
CURVE()
GEOMETRIC_REPRESENTATION_ITEM()
RATIONAL_B_SPLINE_CURVE((1.61208562924507,1.6396197247927,1.6637556354745))
REPRESENTATION_ITEM('')
);
#138=(
BOUNDED_CURVE()
B_SPLINE_CURVE(2,(#7649,#7650,#7651),.UNSPECIFIED.,.F.,.F.)
B_SPLINE_CURVE_WITH_KNOTS((3,3),(0.825322686370327,0.861553232310279),
 .UNSPECIFIED.)
CURVE()
GEOMETRIC_REPRESENTATION_ITEM()
RATIONAL_B_SPLINE_CURVE((1.66375563547449,1.6396197247927,1.61208562924507))
REPRESENTATION_ITEM('')
);
#139=(
BOUNDED_CURVE()
B_SPLINE_CURVE(2,(#7664,#7665,#7666),.UNSPECIFIED.,.F.,.F.)
B_SPLINE_CURVE_WITH_KNOTS((3,3),(0.274430781333358,0.310661327273311),
 .UNSPECIFIED.)
CURVE()
GEOMETRIC_REPRESENTATION_ITEM()
RATIONAL_B_SPLINE_CURVE((1.61208562924507,1.6396197247927,1.6637556354745))
REPRESENTATION_ITEM('')
);
#140=(
BOUNDED_CURVE()
B_SPLINE_CURVE(2,(#7679,#7680,#7681),.UNSPECIFIED.,.F.,.F.)
B_SPLINE_CURVE_WITH_KNOTS((3,3),(0.825322686370326,0.861553232310279),
 .UNSPECIFIED.)
CURVE()
GEOMETRIC_REPRESENTATION_ITEM()
RATIONAL_B_SPLINE_CURVE((1.66375563547449,1.6396197247927,1.61208562924507))
REPRESENTATION_ITEM('')
);
#141=(
BOUNDED_CURVE()
B_SPLINE_CURVE(2,(#7694,#7695,#7696),.UNSPECIFIED.,.F.,.F.)
B_SPLINE_CURVE_WITH_KNOTS((3,3),(0.274430781333358,0.310661327273311),
 .UNSPECIFIED.)
CURVE()
GEOMETRIC_REPRESENTATION_ITEM()
RATIONAL_B_SPLINE_CURVE((1.61208562924507,1.63961972479271,1.6637556354745))
REPRESENTATION_ITEM('')
);
#142=(
BOUNDED_CURVE()
B_SPLINE_CURVE(2,(#7709,#7710,#7711),.UNSPECIFIED.,.F.,.F.)
B_SPLINE_CURVE_WITH_KNOTS((3,3),(0.825322686370326,0.861553232310279),
 .UNSPECIFIED.)
CURVE()
GEOMETRIC_REPRESENTATION_ITEM()
RATIONAL_B_SPLINE_CURVE((1.66375563547449,1.6396197247927,1.61208562924507))
REPRESENTATION_ITEM('')
);
#143=(
BOUNDED_CURVE()
B_SPLINE_CURVE(2,(#7724,#7725,#7726),.UNSPECIFIED.,.F.,.F.)
B_SPLINE_CURVE_WITH_KNOTS((3,3),(0.274430781333358,0.310661327273312),
 .UNSPECIFIED.)
CURVE()
GEOMETRIC_REPRESENTATION_ITEM()
RATIONAL_B_SPLINE_CURVE((1.61208562924507,1.63961972479271,1.6637556354745))
REPRESENTATION_ITEM('')
);
#144=(
BOUNDED_CURVE()
B_SPLINE_CURVE(2,(#7739,#7740,#7741),.UNSPECIFIED.,.F.,.F.)
B_SPLINE_CURVE_WITH_KNOTS((3,3),(0.825322686370326,0.861553232310279),
 .UNSPECIFIED.)
CURVE()
GEOMETRIC_REPRESENTATION_ITEM()
RATIONAL_B_SPLINE_CURVE((1.66375563547449,1.6396197247927,1.61208562924507))
REPRESENTATION_ITEM('')
);
#145=(
BOUNDED_CURVE()
B_SPLINE_CURVE(2,(#7754,#7755,#7756),.UNSPECIFIED.,.F.,.F.)
B_SPLINE_CURVE_WITH_KNOTS((3,3),(0.274430781333358,0.310661327273316),
 .UNSPECIFIED.)
CURVE()
GEOMETRIC_REPRESENTATION_ITEM()
RATIONAL_B_SPLINE_CURVE((1.61208562924507,1.63961972479271,1.6637556354745))
REPRESENTATION_ITEM('')
);
#146=(
BOUNDED_CURVE()
B_SPLINE_CURVE(2,(#7769,#7770,#7771),.UNSPECIFIED.,.F.,.F.)
B_SPLINE_CURVE_WITH_KNOTS((3,3),(0.825322686370327,0.861553232310281),
 .UNSPECIFIED.)
CURVE()
GEOMETRIC_REPRESENTATION_ITEM()
RATIONAL_B_SPLINE_CURVE((1.66375563547449,1.6396197247927,1.61208562924506))
REPRESENTATION_ITEM('')
);
#147=(
BOUNDED_CURVE()
B_SPLINE_CURVE(2,(#7784,#7785,#7786),.UNSPECIFIED.,.F.,.F.)
B_SPLINE_CURVE_WITH_KNOTS((3,3),(0.274430781333358,0.310661327273313),
 .UNSPECIFIED.)
CURVE()
GEOMETRIC_REPRESENTATION_ITEM()
RATIONAL_B_SPLINE_CURVE((1.61208562924507,1.63961972479271,1.6637556354745))
REPRESENTATION_ITEM('')
);
#148=(
BOUNDED_CURVE()
B_SPLINE_CURVE(2,(#7799,#7800,#7801),.UNSPECIFIED.,.F.,.F.)
B_SPLINE_CURVE_WITH_KNOTS((3,3),(0.825322686370326,0.861553232310283),
 .UNSPECIFIED.)
CURVE()
GEOMETRIC_REPRESENTATION_ITEM()
RATIONAL_B_SPLINE_CURVE((1.66375563547449,1.6396197247927,1.61208562924506))
REPRESENTATION_ITEM('')
);
#149=(
BOUNDED_CURVE()
B_SPLINE_CURVE(2,(#7814,#7815,#7816),.UNSPECIFIED.,.F.,.F.)
B_SPLINE_CURVE_WITH_KNOTS((3,3),(0.274430781333358,0.310661327273312),
 .UNSPECIFIED.)
CURVE()
GEOMETRIC_REPRESENTATION_ITEM()
RATIONAL_B_SPLINE_CURVE((1.61208562924507,1.63961972479271,1.6637556354745))
REPRESENTATION_ITEM('')
);
#150=(
BOUNDED_CURVE()
B_SPLINE_CURVE(2,(#7829,#7830,#7831),.UNSPECIFIED.,.F.,.F.)
B_SPLINE_CURVE_WITH_KNOTS((3,3),(0.825322686370326,0.86155323231028),
 .UNSPECIFIED.)
CURVE()
GEOMETRIC_REPRESENTATION_ITEM()
RATIONAL_B_SPLINE_CURVE((1.66375563547449,1.6396197247927,1.61208562924506))
REPRESENTATION_ITEM('')
);
#151=(
BOUNDED_CURVE()
B_SPLINE_CURVE(2,(#7844,#7845,#7846),.UNSPECIFIED.,.F.,.F.)
B_SPLINE_CURVE_WITH_KNOTS((3,3),(0.274430781333358,0.310661327273311),
 .UNSPECIFIED.)
CURVE()
GEOMETRIC_REPRESENTATION_ITEM()
RATIONAL_B_SPLINE_CURVE((1.61208562924507,1.6396197247927,1.6637556354745))
REPRESENTATION_ITEM('')
);
#152=(
BOUNDED_CURVE()
B_SPLINE_CURVE(2,(#7859,#7860,#7861),.UNSPECIFIED.,.F.,.F.)
B_SPLINE_CURVE_WITH_KNOTS((3,3),(0.825322686370326,0.861553232310279),
 .UNSPECIFIED.)
CURVE()
GEOMETRIC_REPRESENTATION_ITEM()
RATIONAL_B_SPLINE_CURVE((1.66375563547449,1.6396197247927,1.61208562924507))
REPRESENTATION_ITEM('')
);
#153=(
BOUNDED_CURVE()
B_SPLINE_CURVE(2,(#7874,#7875,#7876),.UNSPECIFIED.,.F.,.F.)
B_SPLINE_CURVE_WITH_KNOTS((3,3),(0.274430781333358,0.310661327273311),
 .UNSPECIFIED.)
CURVE()
GEOMETRIC_REPRESENTATION_ITEM()
RATIONAL_B_SPLINE_CURVE((1.61208562924507,1.63961972479271,1.6637556354745))
REPRESENTATION_ITEM('')
);
#154=(
BOUNDED_CURVE()
B_SPLINE_CURVE(2,(#7889,#7890,#7891),.UNSPECIFIED.,.F.,.F.)
B_SPLINE_CURVE_WITH_KNOTS((3,3),(0.825322686370326,0.861553232310278),
 .UNSPECIFIED.)
CURVE()
GEOMETRIC_REPRESENTATION_ITEM()
RATIONAL_B_SPLINE_CURVE((1.66375563547449,1.6396197247927,1.61208562924507))
REPRESENTATION_ITEM('')
);
#155=(
BOUNDED_CURVE()
B_SPLINE_CURVE(2,(#7904,#7905,#7906),.UNSPECIFIED.,.F.,.F.)
B_SPLINE_CURVE_WITH_KNOTS((3,3),(0.274430781333358,0.310661327273312),
 .UNSPECIFIED.)
CURVE()
GEOMETRIC_REPRESENTATION_ITEM()
RATIONAL_B_SPLINE_CURVE((1.61208562924507,1.6396197247927,1.6637556354745))
REPRESENTATION_ITEM('')
);
#156=(
BOUNDED_CURVE()
B_SPLINE_CURVE(2,(#7919,#7920,#7921),.UNSPECIFIED.,.F.,.F.)
B_SPLINE_CURVE_WITH_KNOTS((3,3),(0.825322686370326,0.861553232310279),
 .UNSPECIFIED.)
CURVE()
GEOMETRIC_REPRESENTATION_ITEM()
RATIONAL_B_SPLINE_CURVE((1.66375563547449,1.6396197247927,1.61208562924506))
REPRESENTATION_ITEM('')
);
#157=(
BOUNDED_CURVE()
B_SPLINE_CURVE(2,(#7933,#7934,#7935),.UNSPECIFIED.,.F.,.F.)
B_SPLINE_CURVE_WITH_KNOTS((3,3),(0.274430781333356,0.310661327273315),
 .UNSPECIFIED.)
CURVE()
GEOMETRIC_REPRESENTATION_ITEM()
RATIONAL_B_SPLINE_CURVE((1.61208562924507,1.63961972479271,1.6637556354745))
REPRESENTATION_ITEM('')
);
#158=SHAPE_REPRESENTATION_RELATIONSHIP('SRR','None',#8375,#160);
#159=SHAPE_REPRESENTATION_RELATIONSHIP('SRR','None',#8376,#161);
#160=ADVANCED_BREP_SHAPE_REPRESENTATION('',(#162),#8352);
#161=ADVANCED_BREP_SHAPE_REPRESENTATION('',(#163),#8353);
#162=MANIFOLD_SOLID_BREP('Solid2',#4422);
#163=MANIFOLD_SOLID_BREP('Solid1',#4423);
#164=FACE_BOUND('',#550,.T.);
#165=FACE_BOUND('',#551,.T.);
#166=FACE_BOUND('',#552,.T.);
#167=FACE_BOUND('',#553,.T.);
#168=FACE_BOUND('',#554,.T.);
#169=FACE_BOUND('',#555,.T.);
#170=FACE_BOUND('',#556,.T.);
#171=FACE_BOUND('',#557,.T.);
#172=FACE_BOUND('',#558,.T.);
#173=FACE_BOUND('',#559,.T.);
#174=FACE_BOUND('',#560,.T.);
#175=FACE_BOUND('',#561,.T.);
#176=FACE_BOUND('',#562,.T.);
#177=FACE_BOUND('',#563,.T.);
#178=FACE_BOUND('',#564,.T.);
#179=FACE_BOUND('',#569,.T.);
#180=FACE_BOUND('',#570,.T.);
#181=FACE_BOUND('',#575,.T.);
#182=FACE_BOUND('',#576,.T.);
#183=FACE_BOUND('',#581,.T.);
#184=FACE_BOUND('',#582,.T.);
#185=FACE_BOUND('',#657,.T.);
#186=FACE_BOUND('',#658,.T.);
#187=FACE_BOUND('',#659,.T.);
#188=FACE_BOUND('',#660,.T.);
#189=FACE_BOUND('',#661,.T.);
#190=FACE_BOUND('',#662,.T.);
#191=FACE_BOUND('',#664,.T.);
#192=FACE_BOUND('',#665,.T.);
#193=FACE_BOUND('',#673,.T.);
#194=FACE_BOUND('',#674,.T.);
#195=FACE_BOUND('',#675,.T.);
#196=FACE_BOUND('',#676,.T.);
#197=FACE_BOUND('',#677,.T.);
#198=FACE_BOUND('',#678,.T.);
#199=FACE_BOUND('',#685,.T.);
#200=FACE_BOUND('',#686,.T.);
#201=FACE_BOUND('',#687,.T.);
#202=FACE_BOUND('',#688,.T.);
#203=FACE_BOUND('',#689,.T.);
#204=FACE_BOUND('',#690,.T.);
#205=FACE_BOUND('',#691,.T.);
#206=FACE_BOUND('',#692,.T.);
#207=FACE_BOUND('',#693,.T.);
#208=FACE_BOUND('',#694,.T.);
#209=FACE_BOUND('',#695,.T.);
#210=FACE_BOUND('',#696,.T.);
#211=FACE_BOUND('',#697,.T.);
#212=FACE_BOUND('',#698,.T.);
#213=FACE_BOUND('',#699,.T.);
#214=FACE_BOUND('',#713,.T.);
#215=FACE_BOUND('',#715,.T.);
#216=FACE_BOUND('',#717,.T.);
#217=FACE_BOUND('',#723,.T.);
#218=PLANE('',#4499);
#219=PLANE('',#4530);
#220=PLANE('',#4534);
#221=PLANE('',#4535);
#222=PLANE('',#4541);
#223=PLANE('',#4545);
#224=PLANE('',#4549);
#225=PLANE('',#4552);
#226=PLANE('',#4555);
#227=PLANE('',#4586);
#228=PLANE('',#4589);
#229=PLANE('',#4592);
#230=PLANE('',#4595);
#231=PLANE('',#4598);
#232=PLANE('',#4601);
#233=PLANE('',#4604);
#234=PLANE('',#4607);
#235=PLANE('',#4610);
#236=PLANE('',#4613);
#237=PLANE('',#4616);
#238=PLANE('',#4619);
#239=PLANE('',#4622);
#240=PLANE('',#4625);
#241=PLANE('',#4628);
#242=PLANE('',#4631);
#243=PLANE('',#4634);
#244=PLANE('',#4637);
#245=PLANE('',#4640);
#246=PLANE('',#4643);
#247=PLANE('',#4646);
#248=PLANE('',#4649);
#249=PLANE('',#4652);
#250=PLANE('',#4655);
#251=PLANE('',#4658);
#252=PLANE('',#4661);
#253=PLANE('',#4664);
#254=PLANE('',#4667);
#255=PLANE('',#4670);
#256=PLANE('',#4673);
#257=PLANE('',#4677);
#258=PLANE('',#4679);
#259=PLANE('',#4680);
#260=PLANE('',#4681);
#261=PLANE('',#4682);
#262=PLANE('',#4688);
#263=PLANE('',#4690);
#264=PLANE('',#4691);
#265=PLANE('',#4692);
#266=PLANE('',#4693);
#267=PLANE('',#4696);
#268=PLANE('',#4698);
#269=PLANE('',#4699);
#270=PLANE('',#4700);
#271=PLANE('',#4701);
#272=PLANE('',#4716);
#273=PLANE('',#4719);
#274=PLANE('',#4722);
#275=PLANE('',#4734);
#276=PLANE('',#4786);
#277=PLANE('',#4788);
#278=PLANE('',#4790);
#279=PLANE('',#4792);
#280=PLANE('',#4794);
#281=PLANE('',#4796);
#282=PLANE('',#4798);
#283=PLANE('',#4800);
#284=PLANE('',#4802);
#285=PLANE('',#4804);
#286=PLANE('',#4806);
#287=PLANE('',#4808);
#288=PLANE('',#4810);
#289=PLANE('',#4812);
#290=PLANE('',#4814);
#291=PLANE('',#4816);
#292=PLANE('',#4818);
#293=PLANE('',#4820);
#294=PLANE('',#4822);
#295=PLANE('',#4824);
#296=PLANE('',#4826);
#297=PLANE('',#4828);
#298=PLANE('',#4830);
#299=PLANE('',#4832);
#300=PLANE('',#4834);
#301=PLANE('',#4836);
#302=PLANE('',#4838);
#303=PLANE('',#4840);
#304=PLANE('',#4842);
#305=PLANE('',#4844);
#306=PLANE('',#4846);
#307=PLANE('',#4848);
#308=PLANE('',#4850);
#309=PLANE('',#4852);
#310=PLANE('',#4854);
#311=PLANE('',#4856);
#312=PLANE('',#4858);
#313=PLANE('',#4860);
#314=PLANE('',#4862);
#315=PLANE('',#4864);
#316=PLANE('',#4866);
#317=PLANE('',#4868);
#318=PLANE('',#4870);
#319=PLANE('',#4872);
#320=PLANE('',#4874);
#321=PLANE('',#4875);
#322=PLANE('',#4877);
#323=PLANE('',#4878);
#324=FACE_OUTER_BOUND('',#548,.T.);
#325=FACE_OUTER_BOUND('',#549,.T.);
#326=FACE_OUTER_BOUND('',#565,.T.);
#327=FACE_OUTER_BOUND('',#566,.T.);
#328=FACE_OUTER_BOUND('',#567,.T.);
#329=FACE_OUTER_BOUND('',#568,.T.);
#330=FACE_OUTER_BOUND('',#571,.T.);
#331=FACE_OUTER_BOUND('',#572,.T.);
#332=FACE_OUTER_BOUND('',#573,.T.);
#333=FACE_OUTER_BOUND('',#574,.T.);
#334=FACE_OUTER_BOUND('',#577,.T.);
#335=FACE_OUTER_BOUND('',#578,.T.);
#336=FACE_OUTER_BOUND('',#579,.T.);
#337=FACE_OUTER_BOUND('',#580,.T.);
#338=FACE_OUTER_BOUND('',#583,.T.);
#339=FACE_OUTER_BOUND('',#584,.T.);
#340=FACE_OUTER_BOUND('',#585,.T.);
#341=FACE_OUTER_BOUND('',#586,.T.);
#342=FACE_OUTER_BOUND('',#587,.T.);
#343=FACE_OUTER_BOUND('',#588,.T.);
#344=FACE_OUTER_BOUND('',#589,.T.);
#345=FACE_OUTER_BOUND('',#590,.T.);
#346=FACE_OUTER_BOUND('',#591,.T.);
#347=FACE_OUTER_BOUND('',#592,.T.);
#348=FACE_OUTER_BOUND('',#593,.T.);
#349=FACE_OUTER_BOUND('',#594,.T.);
#350=FACE_OUTER_BOUND('',#595,.T.);
#351=FACE_OUTER_BOUND('',#596,.T.);
#352=FACE_OUTER_BOUND('',#597,.T.);
#353=FACE_OUTER_BOUND('',#598,.T.);
#354=FACE_OUTER_BOUND('',#599,.T.);
#355=FACE_OUTER_BOUND('',#600,.T.);
#356=FACE_OUTER_BOUND('',#601,.T.);
#357=FACE_OUTER_BOUND('',#602,.T.);
#358=FACE_OUTER_BOUND('',#603,.T.);
#359=FACE_OUTER_BOUND('',#604,.T.);
#360=FACE_OUTER_BOUND('',#605,.T.);
#361=FACE_OUTER_BOUND('',#606,.T.);
#362=FACE_OUTER_BOUND('',#607,.T.);
#363=FACE_OUTER_BOUND('',#608,.T.);
#364=FACE_OUTER_BOUND('',#609,.T.);
#365=FACE_OUTER_BOUND('',#610,.T.);
#366=FACE_OUTER_BOUND('',#611,.T.);
#367=FACE_OUTER_BOUND('',#612,.T.);
#368=FACE_OUTER_BOUND('',#613,.T.);
#369=FACE_OUTER_BOUND('',#614,.T.);
#370=FACE_OUTER_BOUND('',#615,.T.);
#371=FACE_OUTER_BOUND('',#616,.T.);
#372=FACE_OUTER_BOUND('',#617,.T.);
#373=FACE_OUTER_BOUND('',#618,.T.);
#374=FACE_OUTER_BOUND('',#619,.T.);
#375=FACE_OUTER_BOUND('',#620,.T.);
#376=FACE_OUTER_BOUND('',#621,.T.);
#377=FACE_OUTER_BOUND('',#622,.T.);
#378=FACE_OUTER_BOUND('',#623,.T.);
#379=FACE_OUTER_BOUND('',#624,.T.);
#380=FACE_OUTER_BOUND('',#625,.T.);
#381=FACE_OUTER_BOUND('',#626,.T.);
#382=FACE_OUTER_BOUND('',#627,.T.);
#383=FACE_OUTER_BOUND('',#628,.T.);
#384=FACE_OUTER_BOUND('',#629,.T.);
#385=FACE_OUTER_BOUND('',#630,.T.);
#386=FACE_OUTER_BOUND('',#631,.T.);
#387=FACE_OUTER_BOUND('',#632,.T.);
#388=FACE_OUTER_BOUND('',#633,.T.);
#389=FACE_OUTER_BOUND('',#634,.T.);
#390=FACE_OUTER_BOUND('',#635,.T.);
#391=FACE_OUTER_BOUND('',#636,.T.);
#392=FACE_OUTER_BOUND('',#637,.T.);
#393=FACE_OUTER_BOUND('',#638,.T.);
#394=FACE_OUTER_BOUND('',#639,.T.);
#395=FACE_OUTER_BOUND('',#640,.T.);
#396=FACE_OUTER_BOUND('',#641,.T.);
#397=FACE_OUTER_BOUND('',#642,.T.);
#398=FACE_OUTER_BOUND('',#643,.T.);
#399=FACE_OUTER_BOUND('',#644,.T.);
#400=FACE_OUTER_BOUND('',#645,.T.);
#401=FACE_OUTER_BOUND('',#646,.T.);
#402=FACE_OUTER_BOUND('',#647,.T.);
#403=FACE_OUTER_BOUND('',#648,.T.);
#404=FACE_OUTER_BOUND('',#649,.T.);
#405=FACE_OUTER_BOUND('',#650,.T.);
#406=FACE_OUTER_BOUND('',#651,.T.);
#407=FACE_OUTER_BOUND('',#652,.T.);
#408=FACE_OUTER_BOUND('',#653,.T.);
#409=FACE_OUTER_BOUND('',#654,.T.);
#410=FACE_OUTER_BOUND('',#655,.T.);
#411=FACE_OUTER_BOUND('',#656,.T.);
#412=FACE_OUTER_BOUND('',#663,.T.);
#413=FACE_OUTER_BOUND('',#666,.T.);
#414=FACE_OUTER_BOUND('',#667,.T.);
#415=FACE_OUTER_BOUND('',#668,.T.);
#416=FACE_OUTER_BOUND('',#669,.T.);
#417=FACE_OUTER_BOUND('',#670,.T.);
#418=FACE_OUTER_BOUND('',#671,.T.);
#419=FACE_OUTER_BOUND('',#672,.T.);
#420=FACE_OUTER_BOUND('',#679,.T.);
#421=FACE_OUTER_BOUND('',#680,.T.);
#422=FACE_OUTER_BOUND('',#681,.T.);
#423=FACE_OUTER_BOUND('',#682,.T.);
#424=FACE_OUTER_BOUND('',#683,.T.);
#425=FACE_OUTER_BOUND('',#684,.T.);
#426=FACE_OUTER_BOUND('',#700,.T.);
#427=FACE_OUTER_BOUND('',#701,.T.);
#428=FACE_OUTER_BOUND('',#702,.T.);
#429=FACE_OUTER_BOUND('',#703,.T.);
#430=FACE_OUTER_BOUND('',#704,.T.);
#431=FACE_OUTER_BOUND('',#705,.T.);
#432=FACE_OUTER_BOUND('',#706,.T.);
#433=FACE_OUTER_BOUND('',#707,.T.);
#434=FACE_OUTER_BOUND('',#708,.T.);
#435=FACE_OUTER_BOUND('',#709,.T.);
#436=FACE_OUTER_BOUND('',#710,.T.);
#437=FACE_OUTER_BOUND('',#711,.T.);
#438=FACE_OUTER_BOUND('',#712,.T.);
#439=FACE_OUTER_BOUND('',#714,.T.);
#440=FACE_OUTER_BOUND('',#716,.T.);
#441=FACE_OUTER_BOUND('',#718,.T.);
#442=FACE_OUTER_BOUND('',#719,.T.);
#443=FACE_OUTER_BOUND('',#720,.T.);
#444=FACE_OUTER_BOUND('',#721,.T.);
#445=FACE_OUTER_BOUND('',#722,.T.);
#446=FACE_OUTER_BOUND('',#724,.T.);
#447=FACE_OUTER_BOUND('',#725,.T.);
#448=FACE_OUTER_BOUND('',#726,.T.);
#449=FACE_OUTER_BOUND('',#727,.T.);
#450=FACE_OUTER_BOUND('',#728,.T.);
#451=FACE_OUTER_BOUND('',#729,.T.);
#452=FACE_OUTER_BOUND('',#730,.T.);
#453=FACE_OUTER_BOUND('',#731,.T.);
#454=FACE_OUTER_BOUND('',#732,.T.);
#455=FACE_OUTER_BOUND('',#733,.T.);
#456=FACE_OUTER_BOUND('',#734,.T.);
#457=FACE_OUTER_BOUND('',#735,.T.);
#458=FACE_OUTER_BOUND('',#736,.T.);
#459=FACE_OUTER_BOUND('',#737,.T.);
#460=FACE_OUTER_BOUND('',#738,.T.);
#461=FACE_OUTER_BOUND('',#739,.T.);
#462=FACE_OUTER_BOUND('',#740,.T.);
#463=FACE_OUTER_BOUND('',#741,.T.);
#464=FACE_OUTER_BOUND('',#742,.T.);
#465=FACE_OUTER_BOUND('',#743,.T.);
#466=FACE_OUTER_BOUND('',#744,.T.);
#467=FACE_OUTER_BOUND('',#745,.T.);
#468=FACE_OUTER_BOUND('',#746,.T.);
#469=FACE_OUTER_BOUND('',#747,.T.);
#470=FACE_OUTER_BOUND('',#748,.T.);
#471=FACE_OUTER_BOUND('',#749,.T.);
#472=FACE_OUTER_BOUND('',#750,.T.);
#473=FACE_OUTER_BOUND('',#751,.T.);
#474=FACE_OUTER_BOUND('',#752,.T.);
#475=FACE_OUTER_BOUND('',#753,.T.);
#476=FACE_OUTER_BOUND('',#754,.T.);
#477=FACE_OUTER_BOUND('',#755,.T.);
#478=FACE_OUTER_BOUND('',#756,.T.);
#479=FACE_OUTER_BOUND('',#757,.T.);
#480=FACE_OUTER_BOUND('',#758,.T.);
#481=FACE_OUTER_BOUND('',#759,.T.);
#482=FACE_OUTER_BOUND('',#760,.T.);
#483=FACE_OUTER_BOUND('',#761,.T.);
#484=FACE_OUTER_BOUND('',#762,.T.);
#485=FACE_OUTER_BOUND('',#763,.T.);
#486=FACE_OUTER_BOUND('',#764,.T.);
#487=FACE_OUTER_BOUND('',#765,.T.);
#488=FACE_OUTER_BOUND('',#766,.T.);
#489=FACE_OUTER_BOUND('',#767,.T.);
#490=FACE_OUTER_BOUND('',#768,.T.);
#491=FACE_OUTER_BOUND('',#769,.T.);
#492=FACE_OUTER_BOUND('',#770,.T.);
#493=FACE_OUTER_BOUND('',#771,.T.);
#494=FACE_OUTER_BOUND('',#772,.T.);
#495=FACE_OUTER_BOUND('',#773,.T.);
#496=FACE_OUTER_BOUND('',#774,.T.);
#497=FACE_OUTER_BOUND('',#775,.T.);
#498=FACE_OUTER_BOUND('',#776,.T.);
#499=FACE_OUTER_BOUND('',#777,.T.);
#500=FACE_OUTER_BOUND('',#778,.T.);
#501=FACE_OUTER_BOUND('',#779,.T.);
#502=FACE_OUTER_BOUND('',#780,.T.);
#503=FACE_OUTER_BOUND('',#781,.T.);
#504=FACE_OUTER_BOUND('',#782,.T.);
#505=FACE_OUTER_BOUND('',#783,.T.);
#506=FACE_OUTER_BOUND('',#784,.T.);
#507=FACE_OUTER_BOUND('',#785,.T.);
#508=FACE_OUTER_BOUND('',#786,.T.);
#509=FACE_OUTER_BOUND('',#787,.T.);
#510=FACE_OUTER_BOUND('',#788,.T.);
#511=FACE_OUTER_BOUND('',#789,.T.);
#512=FACE_OUTER_BOUND('',#790,.T.);
#513=FACE_OUTER_BOUND('',#791,.T.);
#514=FACE_OUTER_BOUND('',#792,.T.);
#515=FACE_OUTER_BOUND('',#793,.T.);
#516=FACE_OUTER_BOUND('',#794,.T.);
#517=FACE_OUTER_BOUND('',#795,.T.);
#518=FACE_OUTER_BOUND('',#796,.T.);
#519=FACE_OUTER_BOUND('',#797,.T.);
#520=FACE_OUTER_BOUND('',#798,.T.);
#521=FACE_OUTER_BOUND('',#799,.T.);
#522=FACE_OUTER_BOUND('',#800,.T.);
#523=FACE_OUTER_BOUND('',#801,.T.);
#524=FACE_OUTER_BOUND('',#802,.T.);
#525=FACE_OUTER_BOUND('',#803,.T.);
#526=FACE_OUTER_BOUND('',#804,.T.);
#527=FACE_OUTER_BOUND('',#805,.T.);
#528=FACE_OUTER_BOUND('',#806,.T.);
#529=FACE_OUTER_BOUND('',#807,.T.);
#530=FACE_OUTER_BOUND('',#808,.T.);
#531=FACE_OUTER_BOUND('',#809,.T.);
#532=FACE_OUTER_BOUND('',#810,.T.);
#533=FACE_OUTER_BOUND('',#811,.T.);
#534=FACE_OUTER_BOUND('',#812,.T.);
#535=FACE_OUTER_BOUND('',#813,.T.);
#536=FACE_OUTER_BOUND('',#814,.T.);
#537=FACE_OUTER_BOUND('',#815,.T.);
#538=FACE_OUTER_BOUND('',#816,.T.);
#539=FACE_OUTER_BOUND('',#817,.T.);
#540=FACE_OUTER_BOUND('',#818,.T.);
#541=FACE_OUTER_BOUND('',#819,.T.);
#542=FACE_OUTER_BOUND('',#820,.T.);
#543=FACE_OUTER_BOUND('',#821,.T.);
#544=FACE_OUTER_BOUND('',#822,.T.);
#545=FACE_OUTER_BOUND('',#823,.T.);
#546=FACE_OUTER_BOUND('',#824,.T.);
#547=FACE_OUTER_BOUND('',#825,.T.);
#548=EDGE_LOOP('',(#2722,#2723,#2724,#2725));
#549=EDGE_LOOP('',(#2726,#2727,#2728,#2729,#2730,#2731));
#550=EDGE_LOOP('',(#2732,#2733,#2734,#2735));
#551=EDGE_LOOP('',(#2736,#2737,#2738,#2739));
#552=EDGE_LOOP('',(#2740,#2741,#2742,#2743));
#553=EDGE_LOOP('',(#2744,#2745,#2746,#2747));
#554=EDGE_LOOP('',(#2748,#2749,#2750,#2751));
#555=EDGE_LOOP('',(#2752,#2753,#2754,#2755));
#556=EDGE_LOOP('',(#2756,#2757,#2758,#2759));
#557=EDGE_LOOP('',(#2760,#2761,#2762,#2763));
#558=EDGE_LOOP('',(#2764,#2765,#2766,#2767));
#559=EDGE_LOOP('',(#2768,#2769,#2770,#2771));
#560=EDGE_LOOP('',(#2772,#2773,#2774,#2775));
#561=EDGE_LOOP('',(#2776,#2777,#2778,#2779));
#562=EDGE_LOOP('',(#2780,#2781,#2782,#2783));
#563=EDGE_LOOP('',(#2784,#2785,#2786,#2787));
#564=EDGE_LOOP('',(#2788,#2789,#2790,#2791));
#565=EDGE_LOOP('',(#2792,#2793,#2794,#2795));
#566=EDGE_LOOP('',(#2796,#2797,#2798,#2799));
#567=EDGE_LOOP('',(#2800,#2801,#2802,#2803));
#568=EDGE_LOOP('',(#2804,#2805,#2806,#2807,#2808,#2809));
#569=EDGE_LOOP('',(#2810));
#570=EDGE_LOOP('',(#2811));
#571=EDGE_LOOP('',(#2812,#2813,#2814,#2815));
#572=EDGE_LOOP('',(#2816,#2817,#2818,#2819));
#573=EDGE_LOOP('',(#2820,#2821,#2822,#2823));
#574=EDGE_LOOP('',(#2824,#2825,#2826,#2827,#2828,#2829));
#575=EDGE_LOOP('',(#2830));
#576=EDGE_LOOP('',(#2831));
#577=EDGE_LOOP('',(#2832,#2833,#2834,#2835));
#578=EDGE_LOOP('',(#2836,#2837,#2838,#2839));
#579=EDGE_LOOP('',(#2840,#2841,#2842,#2843,#2844,#2845));
#580=EDGE_LOOP('',(#2846,#2847,#2848,#2849,#2850,#2851));
#581=EDGE_LOOP('',(#2852));
#582=EDGE_LOOP('',(#2853));
#583=EDGE_LOOP('',(#2854,#2855,#2856,#2857));
#584=EDGE_LOOP('',(#2858,#2859,#2860,#2861));
#585=EDGE_LOOP('',(#2862,#2863,#2864,#2865));
#586=EDGE_LOOP('',(#2866,#2867,#2868,#2869));
#587=EDGE_LOOP('',(#2870,#2871,#2872,#2873));
#588=EDGE_LOOP('',(#2874,#2875,#2876,#2877));
#589=EDGE_LOOP('',(#2878,#2879,#2880,#2881));
#590=EDGE_LOOP('',(#2882,#2883,#2884,#2885));
#591=EDGE_LOOP('',(#2886,#2887,#2888,#2889));
#592=EDGE_LOOP('',(#2890,#2891,#2892,#2893));
#593=EDGE_LOOP('',(#2894,#2895,#2896,#2897));
#594=EDGE_LOOP('',(#2898,#2899,#2900,#2901));
#595=EDGE_LOOP('',(#2902,#2903,#2904,#2905));
#596=EDGE_LOOP('',(#2906,#2907,#2908,#2909));
#597=EDGE_LOOP('',(#2910,#2911,#2912,#2913));
#598=EDGE_LOOP('',(#2914,#2915,#2916,#2917));
#599=EDGE_LOOP('',(#2918,#2919,#2920,#2921));
#600=EDGE_LOOP('',(#2922,#2923,#2924,#2925));
#601=EDGE_LOOP('',(#2926,#2927,#2928,#2929));
#602=EDGE_LOOP('',(#2930,#2931,#2932,#2933));
#603=EDGE_LOOP('',(#2934,#2935,#2936,#2937));
#604=EDGE_LOOP('',(#2938,#2939,#2940,#2941));
#605=EDGE_LOOP('',(#2942,#2943,#2944,#2945));
#606=EDGE_LOOP('',(#2946,#2947,#2948,#2949));
#607=EDGE_LOOP('',(#2950,#2951,#2952,#2953));
#608=EDGE_LOOP('',(#2954,#2955,#2956,#2957));
#609=EDGE_LOOP('',(#2958,#2959,#2960,#2961));
#610=EDGE_LOOP('',(#2962,#2963,#2964,#2965));
#611=EDGE_LOOP('',(#2966,#2967,#2968,#2969));
#612=EDGE_LOOP('',(#2970,#2971,#2972,#2973));
#613=EDGE_LOOP('',(#2974,#2975,#2976,#2977));
#614=EDGE_LOOP('',(#2978,#2979,#2980,#2981));
#615=EDGE_LOOP('',(#2982,#2983,#2984,#2985));
#616=EDGE_LOOP('',(#2986,#2987,#2988,#2989));
#617=EDGE_LOOP('',(#2990,#2991,#2992,#2993));
#618=EDGE_LOOP('',(#2994,#2995,#2996,#2997));
#619=EDGE_LOOP('',(#2998,#2999,#3000,#3001));
#620=EDGE_LOOP('',(#3002,#3003,#3004,#3005));
#621=EDGE_LOOP('',(#3006,#3007,#3008,#3009));
#622=EDGE_LOOP('',(#3010,#3011,#3012,#3013));
#623=EDGE_LOOP('',(#3014,#3015,#3016,#3017));
#624=EDGE_LOOP('',(#3018,#3019,#3020,#3021));
#625=EDGE_LOOP('',(#3022,#3023,#3024,#3025));
#626=EDGE_LOOP('',(#3026,#3027,#3028,#3029));
#627=EDGE_LOOP('',(#3030,#3031,#3032,#3033));
#628=EDGE_LOOP('',(#3034,#3035,#3036,#3037));
#629=EDGE_LOOP('',(#3038,#3039,#3040,#3041));
#630=EDGE_LOOP('',(#3042,#3043,#3044,#3045));
#631=EDGE_LOOP('',(#3046,#3047,#3048,#3049));
#632=EDGE_LOOP('',(#3050,#3051,#3052,#3053));
#633=EDGE_LOOP('',(#3054,#3055,#3056,#3057));
#634=EDGE_LOOP('',(#3058,#3059,#3060,#3061));
#635=EDGE_LOOP('',(#3062,#3063,#3064,#3065));
#636=EDGE_LOOP('',(#3066,#3067,#3068,#3069));
#637=EDGE_LOOP('',(#3070,#3071,#3072,#3073));
#638=EDGE_LOOP('',(#3074,#3075,#3076,#3077));
#639=EDGE_LOOP('',(#3078,#3079,#3080,#3081));
#640=EDGE_LOOP('',(#3082,#3083,#3084,#3085));
#641=EDGE_LOOP('',(#3086,#3087,#3088,#3089));
#642=EDGE_LOOP('',(#3090,#3091,#3092,#3093));
#643=EDGE_LOOP('',(#3094,#3095,#3096,#3097));
#644=EDGE_LOOP('',(#3098,#3099,#3100,#3101));
#645=EDGE_LOOP('',(#3102,#3103,#3104,#3105));
#646=EDGE_LOOP('',(#3106,#3107,#3108,#3109));
#647=EDGE_LOOP('',(#3110,#3111,#3112,#3113));
#648=EDGE_LOOP('',(#3114,#3115,#3116,#3117));
#649=EDGE_LOOP('',(#3118,#3119,#3120,#3121));
#650=EDGE_LOOP('',(#3122,#3123,#3124,#3125));
#651=EDGE_LOOP('',(#3126,#3127,#3128,#3129));
#652=EDGE_LOOP('',(#3130,#3131,#3132,#3133));
#653=EDGE_LOOP('',(#3134,#3135,#3136,#3137));
#654=EDGE_LOOP('',(#3138,#3139,#3140,#3141));
#655=EDGE_LOOP('',(#3142,#3143,#3144,#3145));
#656=EDGE_LOOP('',(#3146,#3147,#3148,#3149));
#657=EDGE_LOOP('',(#3150));
#658=EDGE_LOOP('',(#3151));
#659=EDGE_LOOP('',(#3152));
#660=EDGE_LOOP('',(#3153));
#661=EDGE_LOOP('',(#3154));
#662=EDGE_LOOP('',(#3155));
#663=EDGE_LOOP('',(#3156,#3157,#3158,#3159,#3160,#3161));
#664=EDGE_LOOP('',(#3162));
#665=EDGE_LOOP('',(#3163));
#666=EDGE_LOOP('',(#3164,#3165,#3166,#3167));
#667=EDGE_LOOP('',(#3168,#3169,#3170,#3171));
#668=EDGE_LOOP('',(#3172,#3173,#3174,#3175));
#669=EDGE_LOOP('',(#3176,#3177,#3178,#3179));
#670=EDGE_LOOP('',(#3180,#3181,#3182,#3183));
#671=EDGE_LOOP('',(#3184,#3185,#3186,#3187));
#672=EDGE_LOOP('',(#3188,#3189,#3190,#3191));
#673=EDGE_LOOP('',(#3192));
#674=EDGE_LOOP('',(#3193));
#675=EDGE_LOOP('',(#3194));
#676=EDGE_LOOP('',(#3195));
#677=EDGE_LOOP('',(#3196));
#678=EDGE_LOOP('',(#3197));
#679=EDGE_LOOP('',(#3198,#3199,#3200,#3201));
#680=EDGE_LOOP('',(#3202,#3203,#3204,#3205));
#681=EDGE_LOOP('',(#3206,#3207,#3208,#3209));
#682=EDGE_LOOP('',(#3210,#3211,#3212,#3213));
#683=EDGE_LOOP('',(#3214,#3215,#3216,#3217));
#684=EDGE_LOOP('',(#3218,#3219,#3220,#3221,#3222,#3223));
#685=EDGE_LOOP('',(#3224,#3225,#3226,#3227));
#686=EDGE_LOOP('',(#3228,#3229,#3230,#3231));
#687=EDGE_LOOP('',(#3232,#3233,#3234,#3235));
#688=EDGE_LOOP('',(#3236,#3237,#3238,#3239));
#689=EDGE_LOOP('',(#3240,#3241,#3242,#3243));
#690=EDGE_LOOP('',(#3244,#3245,#3246,#3247));
#691=EDGE_LOOP('',(#3248,#3249,#3250,#3251));
#692=EDGE_LOOP('',(#3252,#3253,#3254,#3255));
#693=EDGE_LOOP('',(#3256,#3257,#3258,#3259));
#694=EDGE_LOOP('',(#3260,#3261,#3262,#3263));
#695=EDGE_LOOP('',(#3264,#3265,#3266,#3267));
#696=EDGE_LOOP('',(#3268,#3269,#3270,#3271));
#697=EDGE_LOOP('',(#3272,#3273,#3274,#3275));
#698=EDGE_LOOP('',(#3276,#3277,#3278,#3279));
#699=EDGE_LOOP('',(#3280,#3281,#3282,#3283));
#700=EDGE_LOOP('',(#3284,#3285,#3286,#3287));
#701=EDGE_LOOP('',(#3288,#3289,#3290,#3291));
#702=EDGE_LOOP('',(#3292,#3293,#3294,#3295));
#703=EDGE_LOOP('',(#3296,#3297,#3298,#3299));
#704=EDGE_LOOP('',(#3300,#3301,#3302,#3303));
#705=EDGE_LOOP('',(#3304,#3305,#3306,#3307));
#706=EDGE_LOOP('',(#3308,#3309,#3310));
#707=EDGE_LOOP('',(#3311,#3312,#3313,#3314,#3315));
#708=EDGE_LOOP('',(#3316,#3317,#3318,#3319));
#709=EDGE_LOOP('',(#3320,#3321,#3322,#3323,#3324,#3325,#3326,#3327,#3328,
#3329));
#710=EDGE_LOOP('',(#3330,#3331,#3332,#3333,#3334,#3335,#3336,#3337,#3338,
#3339,#3340));
#711=EDGE_LOOP('',(#3341,#3342,#3343,#3344));
#712=EDGE_LOOP('',(#3345));
#713=EDGE_LOOP('',(#3346));
#714=EDGE_LOOP('',(#3347));
#715=EDGE_LOOP('',(#3348));
#716=EDGE_LOOP('',(#3349));
#717=EDGE_LOOP('',(#3350));
#718=EDGE_LOOP('',(#3351,#3352,#3353,#3354,#3355));
#719=EDGE_LOOP('',(#3356,#3357,#3358,#3359));
#720=EDGE_LOOP('',(#3360,#3361,#3362,#3363,#3364,#3365,#3366,#3367,#3368,
#3369,#3370,#3371,#3372,#3373,#3374,#3375,#3376,#3377,#3378,#3379,#3380,
#3381,#3382,#3383,#3384,#3385,#3386,#3387,#3388,#3389,#3390,#3391,#3392,
#3393,#3394,#3395,#3396,#3397,#3398,#3399,#3400,#3401,#3402,#3403,#3404,
#3405,#3406,#3407,#3408,#3409,#3410,#3411,#3412,#3413,#3414,#3415,#3416,
#3417,#3418,#3419,#3420,#3421,#3422,#3423,#3424,#3425,#3426,#3427,#3428,
#3429,#3430,#3431,#3432,#3433,#3434,#3435,#3436,#3437,#3438,#3439,#3440,
#3441,#3442,#3443,#3444,#3445,#3446,#3447,#3448,#3449,#3450,#3451,#3452,
#3453,#3454,#3455,#3456,#3457,#3458,#3459));
#721=EDGE_LOOP('',(#3460,#3461,#3462,#3463));
#722=EDGE_LOOP('',(#3464));
#723=EDGE_LOOP('',(#3465,#3466,#3467,#3468,#3469,#3470,#3471,#3472,#3473,
#3474,#3475,#3476,#3477,#3478,#3479,#3480,#3481,#3482,#3483,#3484,#3485,
#3486,#3487,#3488,#3489,#3490,#3491,#3492,#3493,#3494,#3495,#3496,#3497,
#3498,#3499,#3500,#3501,#3502,#3503,#3504,#3505,#3506,#3507,#3508,#3509,
#3510,#3511,#3512,#3513,#3514,#3515,#3516,#3517,#3518,#3519,#3520,#3521,
#3522,#3523,#3524,#3525,#3526,#3527,#3528,#3529,#3530,#3531,#3532,#3533,
#3534,#3535,#3536,#3537,#3538,#3539,#3540,#3541,#3542,#3543,#3544,#3545,
#3546,#3547,#3548,#3549,#3550,#3551,#3552,#3553,#3554,#3555,#3556,#3557,
#3558,#3559,#3560));
#724=EDGE_LOOP('',(#3561,#3562,#3563,#3564));
#725=EDGE_LOOP('',(#3565,#3566,#3567,#3568));
#726=EDGE_LOOP('',(#3569,#3570,#3571,#3572));
#727=EDGE_LOOP('',(#3573,#3574,#3575,#3576));
#728=EDGE_LOOP('',(#3577,#3578,#3579,#3580));
#729=EDGE_LOOP('',(#3581,#3582,#3583,#3584));
#730=EDGE_LOOP('',(#3585,#3586,#3587,#3588));
#731=EDGE_LOOP('',(#3589,#3590,#3591,#3592));
#732=EDGE_LOOP('',(#3593,#3594,#3595,#3596));
#733=EDGE_LOOP('',(#3597,#3598,#3599,#3600));
#734=EDGE_LOOP('',(#3601,#3602,#3603,#3604));
#735=EDGE_LOOP('',(#3605,#3606,#3607,#3608));
#736=EDGE_LOOP('',(#3609,#3610,#3611,#3612));
#737=EDGE_LOOP('',(#3613,#3614,#3615,#3616));
#738=EDGE_LOOP('',(#3617,#3618,#3619,#3620));
#739=EDGE_LOOP('',(#3621,#3622,#3623,#3624));
#740=EDGE_LOOP('',(#3625,#3626,#3627,#3628));
#741=EDGE_LOOP('',(#3629,#3630,#3631,#3632));
#742=EDGE_LOOP('',(#3633,#3634,#3635,#3636));
#743=EDGE_LOOP('',(#3637,#3638,#3639,#3640));
#744=EDGE_LOOP('',(#3641,#3642,#3643,#3644));
#745=EDGE_LOOP('',(#3645,#3646,#3647,#3648));
#746=EDGE_LOOP('',(#3649,#3650,#3651,#3652));
#747=EDGE_LOOP('',(#3653,#3654,#3655,#3656));
#748=EDGE_LOOP('',(#3657,#3658,#3659,#3660));
#749=EDGE_LOOP('',(#3661,#3662,#3663,#3664));
#750=EDGE_LOOP('',(#3665,#3666,#3667,#3668));
#751=EDGE_LOOP('',(#3669,#3670,#3671,#3672));
#752=EDGE_LOOP('',(#3673,#3674,#3675,#3676));
#753=EDGE_LOOP('',(#3677,#3678,#3679,#3680));
#754=EDGE_LOOP('',(#3681,#3682,#3683,#3684));
#755=EDGE_LOOP('',(#3685,#3686,#3687,#3688));
#756=EDGE_LOOP('',(#3689,#3690,#3691,#3692));
#757=EDGE_LOOP('',(#3693,#3694,#3695,#3696));
#758=EDGE_LOOP('',(#3697,#3698,#3699,#3700));
#759=EDGE_LOOP('',(#3701,#3702,#3703,#3704));
#760=EDGE_LOOP('',(#3705,#3706,#3707,#3708));
#761=EDGE_LOOP('',(#3709,#3710,#3711,#3712));
#762=EDGE_LOOP('',(#3713,#3714,#3715,#3716));
#763=EDGE_LOOP('',(#3717,#3718,#3719,#3720));
#764=EDGE_LOOP('',(#3721,#3722,#3723,#3724));
#765=EDGE_LOOP('',(#3725,#3726,#3727,#3728));
#766=EDGE_LOOP('',(#3729,#3730,#3731,#3732));
#767=EDGE_LOOP('',(#3733,#3734,#3735,#3736));
#768=EDGE_LOOP('',(#3737,#3738,#3739,#3740,#3741));
#769=EDGE_LOOP('',(#3742,#3743,#3744,#3745));
#770=EDGE_LOOP('',(#3746,#3747,#3748,#3749));
#771=EDGE_LOOP('',(#3750,#3751,#3752,#3753));
#772=EDGE_LOOP('',(#3754,#3755,#3756,#3757));
#773=EDGE_LOOP('',(#3758,#3759,#3760,#3761));
#774=EDGE_LOOP('',(#3762,#3763,#3764,#3765));
#775=EDGE_LOOP('',(#3766,#3767,#3768,#3769));
#776=EDGE_LOOP('',(#3770,#3771,#3772,#3773));
#777=EDGE_LOOP('',(#3774,#3775,#3776,#3777));
#778=EDGE_LOOP('',(#3778,#3779,#3780,#3781));
#779=EDGE_LOOP('',(#3782,#3783,#3784,#3785));
#780=EDGE_LOOP('',(#3786,#3787,#3788,#3789));
#781=EDGE_LOOP('',(#3790,#3791,#3792,#3793));
#782=EDGE_LOOP('',(#3794,#3795,#3796,#3797));
#783=EDGE_LOOP('',(#3798,#3799,#3800,#3801));
#784=EDGE_LOOP('',(#3802,#3803,#3804,#3805));
#785=EDGE_LOOP('',(#3806,#3807,#3808,#3809));
#786=EDGE_LOOP('',(#3810,#3811,#3812,#3813));
#787=EDGE_LOOP('',(#3814,#3815,#3816,#3817));
#788=EDGE_LOOP('',(#3818,#3819,#3820,#3821));
#789=EDGE_LOOP('',(#3822,#3823,#3824,#3825));
#790=EDGE_LOOP('',(#3826,#3827,#3828,#3829));
#791=EDGE_LOOP('',(#3830,#3831,#3832,#3833));
#792=EDGE_LOOP('',(#3834,#3835,#3836,#3837));
#793=EDGE_LOOP('',(#3838,#3839,#3840,#3841));
#794=EDGE_LOOP('',(#3842,#3843,#3844,#3845));
#795=EDGE_LOOP('',(#3846,#3847,#3848,#3849));
#796=EDGE_LOOP('',(#3850,#3851,#3852,#3853));
#797=EDGE_LOOP('',(#3854,#3855,#3856,#3857));
#798=EDGE_LOOP('',(#3858,#3859,#3860,#3861));
#799=EDGE_LOOP('',(#3862,#3863,#3864,#3865));
#800=EDGE_LOOP('',(#3866,#3867,#3868,#3869));
#801=EDGE_LOOP('',(#3870,#3871,#3872,#3873));
#802=EDGE_LOOP('',(#3874,#3875,#3876,#3877));
#803=EDGE_LOOP('',(#3878,#3879,#3880,#3881));
#804=EDGE_LOOP('',(#3882,#3883,#3884,#3885));
#805=EDGE_LOOP('',(#3886,#3887,#3888,#3889));
#806=EDGE_LOOP('',(#3890,#3891,#3892,#3893));
#807=EDGE_LOOP('',(#3894,#3895,#3896,#3897));
#808=EDGE_LOOP('',(#3898,#3899,#3900,#3901));
#809=EDGE_LOOP('',(#3902,#3903,#3904,#3905));
#810=EDGE_LOOP('',(#3906,#3907,#3908,#3909));
#811=EDGE_LOOP('',(#3910,#3911,#3912,#3913));
#812=EDGE_LOOP('',(#3914,#3915,#3916,#3917));
#813=EDGE_LOOP('',(#3918,#3919,#3920,#3921));
#814=EDGE_LOOP('',(#3922,#3923,#3924,#3925));
#815=EDGE_LOOP('',(#3926,#3927,#3928,#3929));
#816=EDGE_LOOP('',(#3930,#3931,#3932,#3933));
#817=EDGE_LOOP('',(#3934,#3935,#3936,#3937));
#818=EDGE_LOOP('',(#3938,#3939,#3940,#3941));
#819=EDGE_LOOP('',(#3942,#3943,#3944,#3945));
#820=EDGE_LOOP('',(#3946,#3947,#3948,#3949));
#821=EDGE_LOOP('',(#3950,#3951,#3952,#3953,#3954));
#822=EDGE_LOOP('',(#3955,#3956,#3957,#3958,#3959));
#823=EDGE_LOOP('',(#3960,#3961,#3962,#3963,#3964));
#824=EDGE_LOOP('',(#3965,#3966,#3967,#3968,#3969,#3970,#3971,#3972,#3973));
#825=EDGE_LOOP('',(#3974,#3975,#3976,#3977,#3978,#3979,#3980,#3981));
#826=LINE('',#6043,#1168);
#827=LINE('',#6046,#1169);
#828=LINE('',#6049,#1170);
#829=LINE('',#6051,#1171);
#830=LINE('',#6053,#1172);
#831=LINE('',#6055,#1173);
#832=LINE('',#6056,#1174);
#833=LINE('',#6061,#1175);
#834=LINE('',#6064,#1176);
#835=LINE('',#6069,#1177);
#836=LINE('',#6072,#1178);
#837=LINE('',#6077,#1179);
#838=LINE('',#6080,#1180);
#839=LINE('',#6085,#1181);
#840=LINE('',#6088,#1182);
#841=LINE('',#6093,#1183);
#842=LINE('',#6096,#1184);
#843=LINE('',#6101,#1185);
#844=LINE('',#6104,#1186);
#845=LINE('',#6109,#1187);
#846=LINE('',#6112,#1188);
#847=LINE('',#6117,#1189);
#848=LINE('',#6120,#1190);
#849=LINE('',#6125,#1191);
#850=LINE('',#6128,#1192);
#851=LINE('',#6133,#1193);
#852=LINE('',#6136,#1194);
#853=LINE('',#6141,#1195);
#854=LINE('',#6144,#1196);
#855=LINE('',#6149,#1197);
#856=LINE('',#6152,#1198);
#857=LINE('',#6157,#1199);
#858=LINE('',#6160,#1200);
#859=LINE('',#6165,#1201);
#860=LINE('',#6168,#1202);
#861=LINE('',#6173,#1203);
#862=LINE('',#6176,#1204);
#863=LINE('',#6179,#1205);
#864=LINE('',#6180,#1206);
#865=LINE('',#6186,#1207);
#866=LINE('',#6189,#1208);
#867=LINE('',#6192,#1209);
#868=LINE('',#6194,#1210);
#869=LINE('',#6195,#1211);
#870=LINE('',#6198,#1212);
#871=LINE('',#6202,#1213);
#872=LINE('',#6203,#1214);
#873=LINE('',#6210,#1215);
#874=LINE('',#6213,#1216);
#875=LINE('',#6216,#1217);
#876=LINE('',#6217,#1218);
#877=LINE('',#6223,#1219);
#878=LINE('',#6226,#1220);
#879=LINE('',#6229,#1221);
#880=LINE('',#6233,#1222);
#881=LINE('',#6235,#1223);
#882=LINE('',#6236,#1224);
#883=LINE('',#6243,#1225);
#884=LINE('',#6244,#1226);
#885=LINE('',#6248,#1227);
#886=LINE('',#6253,#1228);
#887=LINE('',#6256,#1229);
#888=LINE('',#6257,#1230);
#889=LINE('',#6264,#1231);
#890=LINE('',#6267,#1232);
#891=LINE('',#6269,#1233);
#892=LINE('',#6273,#1234);
#893=LINE('',#6277,#1235);
#894=LINE('',#6282,#1236);
#895=LINE('',#6288,#1237);
#896=LINE('',#6294,#1238);
#897=LINE('',#6300,#1239);
#898=LINE('',#6306,#1240);
#899=LINE('',#6312,#1241);
#900=LINE('',#6318,#1242);
#901=LINE('',#6319,#1243);
#902=LINE('',#6322,#1244);
#903=LINE('',#6323,#1245);
#904=LINE('',#6327,#1246);
#905=LINE('',#6329,#1247);
#906=LINE('',#6334,#1248);
#907=LINE('',#6335,#1249);
#908=LINE('',#6338,#1250);
#909=LINE('',#6339,#1251);
#910=LINE('',#6343,#1252);
#911=LINE('',#6345,#1253);
#912=LINE('',#6350,#1254);
#913=LINE('',#6351,#1255);
#914=LINE('',#6354,#1256);
#915=LINE('',#6355,#1257);
#916=LINE('',#6359,#1258);
#917=LINE('',#6361,#1259);
#918=LINE('',#6366,#1260);
#919=LINE('',#6367,#1261);
#920=LINE('',#6370,#1262);
#921=LINE('',#6371,#1263);
#922=LINE('',#6375,#1264);
#923=LINE('',#6377,#1265);
#924=LINE('',#6382,#1266);
#925=LINE('',#6383,#1267);
#926=LINE('',#6386,#1268);
#927=LINE('',#6387,#1269);
#928=LINE('',#6391,#1270);
#929=LINE('',#6393,#1271);
#930=LINE('',#6398,#1272);
#931=LINE('',#6399,#1273);
#932=LINE('',#6402,#1274);
#933=LINE('',#6403,#1275);
#934=LINE('',#6407,#1276);
#935=LINE('',#6409,#1277);
#936=LINE('',#6414,#1278);
#937=LINE('',#6415,#1279);
#938=LINE('',#6418,#1280);
#939=LINE('',#6419,#1281);
#940=LINE('',#6423,#1282);
#941=LINE('',#6425,#1283);
#942=LINE('',#6430,#1284);
#943=LINE('',#6431,#1285);
#944=LINE('',#6434,#1286);
#945=LINE('',#6435,#1287);
#946=LINE('',#6439,#1288);
#947=LINE('',#6441,#1289);
#948=LINE('',#6446,#1290);
#949=LINE('',#6447,#1291);
#950=LINE('',#6450,#1292);
#951=LINE('',#6451,#1293);
#952=LINE('',#6455,#1294);
#953=LINE('',#6457,#1295);
#954=LINE('',#6462,#1296);
#955=LINE('',#6463,#1297);
#956=LINE('',#6466,#1298);
#957=LINE('',#6467,#1299);
#958=LINE('',#6471,#1300);
#959=LINE('',#6473,#1301);
#960=LINE('',#6478,#1302);
#961=LINE('',#6479,#1303);
#962=LINE('',#6482,#1304);
#963=LINE('',#6483,#1305);
#964=LINE('',#6487,#1306);
#965=LINE('',#6489,#1307);
#966=LINE('',#6494,#1308);
#967=LINE('',#6495,#1309);
#968=LINE('',#6498,#1310);
#969=LINE('',#6499,#1311);
#970=LINE('',#6503,#1312);
#971=LINE('',#6505,#1313);
#972=LINE('',#6510,#1314);
#973=LINE('',#6511,#1315);
#974=LINE('',#6514,#1316);
#975=LINE('',#6515,#1317);
#976=LINE('',#6519,#1318);
#977=LINE('',#6521,#1319);
#978=LINE('',#6526,#1320);
#979=LINE('',#6527,#1321);
#980=LINE('',#6530,#1322);
#981=LINE('',#6531,#1323);
#982=LINE('',#6535,#1324);
#983=LINE('',#6537,#1325);
#984=LINE('',#6542,#1326);
#985=LINE('',#6543,#1327);
#986=LINE('',#6546,#1328);
#987=LINE('',#6547,#1329);
#988=LINE('',#6551,#1330);
#989=LINE('',#6553,#1331);
#990=LINE('',#6555,#1332);
#991=LINE('',#6559,#1333);
#992=LINE('',#6564,#1334);
#993=LINE('',#6567,#1335);
#994=LINE('',#6569,#1336);
#995=LINE('',#6571,#1337);
#996=LINE('',#6572,#1338);
#997=LINE('',#6574,#1339);
#998=LINE('',#6576,#1340);
#999=LINE('',#6578,#1341);
#1000=LINE('',#6579,#1342);
#1001=LINE('',#6584,#1343);
#1002=LINE('',#6588,#1344);
#1003=LINE('',#6592,#1345);
#1004=LINE('',#6594,#1346);
#1005=LINE('',#6596,#1347);
#1006=LINE('',#6599,#1348);
#1007=LINE('',#6600,#1349);
#1008=LINE('',#6605,#1350);
#1009=LINE('',#6607,#1351);
#1010=LINE('',#6609,#1352);
#1011=LINE('',#6618,#1353);
#1012=LINE('',#6645,#1354);
#1013=LINE('',#6679,#1355);
#1014=LINE('',#6714,#1356);
#1015=LINE('',#6723,#1357);
#1016=LINE('',#6755,#1358);
#1017=LINE('',#7206,#1359);
#1018=LINE('',#7210,#1360);
#1019=LINE('',#7235,#1361);
#1020=LINE('',#7940,#1362);
#1021=LINE('',#7945,#1363);
#1022=LINE('',#7949,#1364);
#1023=LINE('',#7953,#1365);
#1024=LINE('',#7957,#1366);
#1025=LINE('',#7961,#1367);
#1026=LINE('',#7965,#1368);
#1027=LINE('',#7969,#1369);
#1028=LINE('',#7973,#1370);
#1029=LINE('',#7977,#1371);
#1030=LINE('',#7981,#1372);
#1031=LINE('',#7985,#1373);
#1032=LINE('',#7989,#1374);
#1033=LINE('',#7993,#1375);
#1034=LINE('',#7997,#1376);
#1035=LINE('',#8001,#1377);
#1036=LINE('',#8005,#1378);
#1037=LINE('',#8009,#1379);
#1038=LINE('',#8013,#1380);
#1039=LINE('',#8017,#1381);
#1040=LINE('',#8021,#1382);
#1041=LINE('',#8025,#1383);
#1042=LINE('',#8029,#1384);
#1043=LINE('',#8033,#1385);
#1044=LINE('',#8037,#1386);
#1045=LINE('',#8041,#1387);
#1046=LINE('',#8045,#1388);
#1047=LINE('',#8049,#1389);
#1048=LINE('',#8053,#1390);
#1049=LINE('',#8057,#1391);
#1050=LINE('',#8061,#1392);
#1051=LINE('',#8065,#1393);
#1052=LINE('',#8069,#1394);
#1053=LINE('',#8073,#1395);
#1054=LINE('',#8077,#1396);
#1055=LINE('',#8081,#1397);
#1056=LINE('',#8085,#1398);
#1057=LINE('',#8089,#1399);
#1058=LINE('',#8093,#1400);
#1059=LINE('',#8097,#1401);
#1060=LINE('',#8101,#1402);
#1061=LINE('',#8105,#1403);
#1062=LINE('',#8109,#1404);
#1063=LINE('',#8113,#1405);
#1064=LINE('',#8117,#1406);
#1065=LINE('',#8121,#1407);
#1066=LINE('',#8125,#1408);
#1067=LINE('',#8129,#1409);
#1068=LINE('',#8133,#1410);
#1069=LINE('',#8136,#1411);
#1070=LINE('',#8137,#1412);
#1071=LINE('',#8139,#1413);
#1072=LINE('',#8140,#1414);
#1073=LINE('',#8142,#1415);
#1074=LINE('',#8143,#1416);
#1075=LINE('',#8146,#1417);
#1076=LINE('',#8147,#1418);
#1077=LINE('',#8150,#1419);
#1078=LINE('',#8151,#1420);
#1079=LINE('',#8154,#1421);
#1080=LINE('',#8155,#1422);
#1081=LINE('',#8158,#1423);
#1082=LINE('',#8159,#1424);
#1083=LINE('',#8162,#1425);
#1084=LINE('',#8163,#1426);
#1085=LINE('',#8166,#1427);
#1086=LINE('',#8167,#1428);
#1087=LINE('',#8170,#1429);
#1088=LINE('',#8171,#1430);
#1089=LINE('',#8174,#1431);
#1090=LINE('',#8175,#1432);
#1091=LINE('',#8178,#1433);
#1092=LINE('',#8179,#1434);
#1093=LINE('',#8182,#1435);
#1094=LINE('',#8183,#1436);
#1095=LINE('',#8186,#1437);
#1096=LINE('',#8187,#1438);
#1097=LINE('',#8190,#1439);
#1098=LINE('',#8191,#1440);
#1099=LINE('',#8194,#1441);
#1100=LINE('',#8195,#1442);
#1101=LINE('',#8198,#1443);
#1102=LINE('',#8199,#1444);
#1103=LINE('',#8202,#1445);
#1104=LINE('',#8203,#1446);
#1105=LINE('',#8206,#1447);
#1106=LINE('',#8207,#1448);
#1107=LINE('',#8210,#1449);
#1108=LINE('',#8211,#1450);
#1109=LINE('',#8214,#1451);
#1110=LINE('',#8215,#1452);
#1111=LINE('',#8218,#1453);
#1112=LINE('',#8219,#1454);
#1113=LINE('',#8222,#1455);
#1114=LINE('',#8223,#1456);
#1115=LINE('',#8226,#1457);
#1116=LINE('',#8227,#1458);
#1117=LINE('',#8230,#1459);
#1118=LINE('',#8231,#1460);
#1119=LINE('',#8234,#1461);
#1120=LINE('',#8235,#1462);
#1121=LINE('',#8238,#1463);
#1122=LINE('',#8239,#1464);
#1123=LINE('',#8242,#1465);
#1124=LINE('',#8243,#1466);
#1125=LINE('',#8246,#1467);
#1126=LINE('',#8247,#1468);
#1127=LINE('',#8250,#1469);
#1128=LINE('',#8251,#1470);
#1129=LINE('',#8254,#1471);
#1130=LINE('',#8255,#1472);
#1131=LINE('',#8258,#1473);
#1132=LINE('',#8259,#1474);
#1133=LINE('',#8262,#1475);
#1134=LINE('',#8263,#1476);
#1135=LINE('',#8266,#1477);
#1136=LINE('',#8267,#1478);
#1137=LINE('',#8270,#1479);
#1138=LINE('',#8271,#1480);
#1139=LINE('',#8274,#1481);
#1140=LINE('',#8275,#1482);
#1141=LINE('',#8278,#1483);
#1142=LINE('',#8279,#1484);
#1143=LINE('',#8282,#1485);
#1144=LINE('',#8283,#1486);
#1145=LINE('',#8286,#1487);
#1146=LINE('',#8287,#1488);
#1147=LINE('',#8290,#1489);
#1148=LINE('',#8291,#1490);
#1149=LINE('',#8294,#1491);
#1150=LINE('',#8295,#1492);
#1151=LINE('',#8298,#1493);
#1152=LINE('',#8299,#1494);
#1153=LINE('',#8302,#1495);
#1154=LINE('',#8303,#1496);
#1155=LINE('',#8306,#1497);
#1156=LINE('',#8307,#1498);
#1157=LINE('',#8310,#1499);
#1158=LINE('',#8311,#1500);
#1159=LINE('',#8314,#1501);
#1160=LINE('',#8315,#1502);
#1161=LINE('',#8318,#1503);
#1162=LINE('',#8319,#1504);
#1163=LINE('',#8323,#1505);
#1164=LINE('',#8324,#1506);
#1165=LINE('',#8332,#1507);
#1166=LINE('',#8339,#1508);
#1167=LINE('',#8341,#1509);
#1168=VECTOR('',#4902,0.393700787401575);
#1169=VECTOR('',#4905,0.393700787401575);
#1170=VECTOR('',#4908,0.393700787401575);
#1171=VECTOR('',#4909,0.393700787401575);
#1172=VECTOR('',#4910,0.393700787401575);
#1173=VECTOR('',#4911,0.393700787401575);
#1174=VECTOR('',#4912,0.393700787401575);
#1175=VECTOR('',#4915,0.393700787401575);
#1176=VECTOR('',#4918,0.393700787401575);
#1177=VECTOR('',#4921,0.393700787401575);
#1178=VECTOR('',#4924,0.393700787401575);
#1179=VECTOR('',#4927,0.393700787401575);
#1180=VECTOR('',#4930,0.393700787401575);
#1181=VECTOR('',#4933,0.393700787401575);
#1182=VECTOR('',#4936,0.393700787401575);
#1183=VECTOR('',#4939,0.393700787401575);
#1184=VECTOR('',#4942,0.393700787401575);
#1185=VECTOR('',#4945,0.393700787401575);
#1186=VECTOR('',#4948,0.393700787401575);
#1187=VECTOR('',#4951,0.393700787401575);
#1188=VECTOR('',#4954,0.393700787401575);
#1189=VECTOR('',#4957,0.393700787401575);
#1190=VECTOR('',#4960,0.393700787401575);
#1191=VECTOR('',#4963,0.393700787401575);
#1192=VECTOR('',#4966,0.393700787401575);
#1193=VECTOR('',#4969,0.393700787401575);
#1194=VECTOR('',#4972,0.393700787401575);
#1195=VECTOR('',#4975,0.393700787401575);
#1196=VECTOR('',#4978,0.393700787401575);
#1197=VECTOR('',#4981,0.393700787401575);
#1198=VECTOR('',#4984,0.393700787401575);
#1199=VECTOR('',#4987,0.393700787401575);
#1200=VECTOR('',#4990,0.393700787401575);
#1201=VECTOR('',#4993,0.393700787401575);
#1202=VECTOR('',#4996,0.393700787401575);
#1203=VECTOR('',#4999,0.393700787401575);
#1204=VECTOR('',#5002,0.393700787401575);
#1205=VECTOR('',#5005,0.393700787401575);
#1206=VECTOR('',#5006,0.393700787401575);
#1207=VECTOR('',#5011,0.393700787401575);
#1208=VECTOR('',#5014,0.393700787401575);
#1209=VECTOR('',#5017,0.393700787401575);
#1210=VECTOR('',#5018,0.393700787401575);
#1211=VECTOR('',#5019,0.393700787401575);
#1212=VECTOR('',#5022,0.393700787401575);
#1213=VECTOR('',#5025,0.393700787401575);
#1214=VECTOR('',#5026,0.393700787401575);
#1215=VECTOR('',#5033,0.393700787401575);
#1216=VECTOR('',#5036,0.393700787401575);
#1217=VECTOR('',#5039,0.393700787401575);
#1218=VECTOR('',#5040,0.393700787401575);
#1219=VECTOR('',#5045,0.393700787401575);
#1220=VECTOR('',#5048,0.393700787401575);
#1221=VECTOR('',#5051,0.393700787401575);
#1222=VECTOR('',#5054,0.393700787401575);
#1223=VECTOR('',#5055,0.393700787401575);
#1224=VECTOR('',#5056,0.393700787401575);
#1225=VECTOR('',#5063,0.393700787401575);
#1226=VECTOR('',#5064,0.393700787401575);
#1227=VECTOR('',#5069,0.393700787401575);
#1228=VECTOR('',#5076,0.393700787401575);
#1229=VECTOR('',#5079,0.393700787401575);
#1230=VECTOR('',#5080,0.393700787401575);
#1231=VECTOR('',#5087,0.393700787401575);
#1232=VECTOR('',#5092,0.083);
#1233=VECTOR('',#5095,0.083);
#1234=VECTOR('',#5100,0.083);
#1235=VECTOR('',#5105,0.083);
#1236=VECTOR('',#5110,0.058);
#1237=VECTOR('',#5117,0.058);
#1238=VECTOR('',#5124,0.058);
#1239=VECTOR('',#5131,0.058);
#1240=VECTOR('',#5138,0.058);
#1241=VECTOR('',#5145,0.058);
#1242=VECTOR('',#5152,0.393700787401575);
#1243=VECTOR('',#5153,0.393700787401575);
#1244=VECTOR('',#5156,0.393700787401575);
#1245=VECTOR('',#5157,0.393700787401575);
#1246=VECTOR('',#5162,0.393700787401575);
#1247=VECTOR('',#5165,0.393700787401575);
#1248=VECTOR('',#5170,0.393700787401575);
#1249=VECTOR('',#5171,0.393700787401575);
#1250=VECTOR('',#5174,0.393700787401575);
#1251=VECTOR('',#5175,0.393700787401575);
#1252=VECTOR('',#5180,0.393700787401575);
#1253=VECTOR('',#5183,0.393700787401575);
#1254=VECTOR('',#5188,0.393700787401575);
#1255=VECTOR('',#5189,0.393700787401575);
#1256=VECTOR('',#5192,0.393700787401575);
#1257=VECTOR('',#5193,0.393700787401575);
#1258=VECTOR('',#5198,0.393700787401575);
#1259=VECTOR('',#5201,0.393700787401575);
#1260=VECTOR('',#5206,0.393700787401575);
#1261=VECTOR('',#5207,0.393700787401575);
#1262=VECTOR('',#5210,0.393700787401575);
#1263=VECTOR('',#5211,0.393700787401575);
#1264=VECTOR('',#5216,0.393700787401575);
#1265=VECTOR('',#5219,0.393700787401575);
#1266=VECTOR('',#5224,0.393700787401575);
#1267=VECTOR('',#5225,0.393700787401575);
#1268=VECTOR('',#5228,0.393700787401575);
#1269=VECTOR('',#5229,0.393700787401575);
#1270=VECTOR('',#5234,0.393700787401575);
#1271=VECTOR('',#5237,0.393700787401575);
#1272=VECTOR('',#5242,0.393700787401575);
#1273=VECTOR('',#5243,0.393700787401575);
#1274=VECTOR('',#5246,0.393700787401575);
#1275=VECTOR('',#5247,0.393700787401575);
#1276=VECTOR('',#5252,0.393700787401575);
#1277=VECTOR('',#5255,0.393700787401575);
#1278=VECTOR('',#5260,0.393700787401575);
#1279=VECTOR('',#5261,0.393700787401575);
#1280=VECTOR('',#5264,0.393700787401575);
#1281=VECTOR('',#5265,0.393700787401575);
#1282=VECTOR('',#5270,0.393700787401575);
#1283=VECTOR('',#5273,0.393700787401575);
#1284=VECTOR('',#5278,0.393700787401575);
#1285=VECTOR('',#5279,0.393700787401575);
#1286=VECTOR('',#5282,0.393700787401575);
#1287=VECTOR('',#5283,0.393700787401575);
#1288=VECTOR('',#5288,0.393700787401575);
#1289=VECTOR('',#5291,0.393700787401575);
#1290=VECTOR('',#5296,0.393700787401575);
#1291=VECTOR('',#5297,0.393700787401575);
#1292=VECTOR('',#5300,0.393700787401575);
#1293=VECTOR('',#5301,0.393700787401575);
#1294=VECTOR('',#5306,0.393700787401575);
#1295=VECTOR('',#5309,0.393700787401575);
#1296=VECTOR('',#5314,0.393700787401575);
#1297=VECTOR('',#5315,0.393700787401575);
#1298=VECTOR('',#5318,0.393700787401575);
#1299=VECTOR('',#5319,0.393700787401575);
#1300=VECTOR('',#5324,0.393700787401575);
#1301=VECTOR('',#5327,0.393700787401575);
#1302=VECTOR('',#5332,0.393700787401575);
#1303=VECTOR('',#5333,0.393700787401575);
#1304=VECTOR('',#5336,0.393700787401575);
#1305=VECTOR('',#5337,0.393700787401575);
#1306=VECTOR('',#5342,0.393700787401575);
#1307=VECTOR('',#5345,0.393700787401575);
#1308=VECTOR('',#5350,0.393700787401575);
#1309=VECTOR('',#5351,0.393700787401575);
#1310=VECTOR('',#5354,0.393700787401575);
#1311=VECTOR('',#5355,0.393700787401575);
#1312=VECTOR('',#5360,0.393700787401575);
#1313=VECTOR('',#5363,0.393700787401575);
#1314=VECTOR('',#5368,0.393700787401575);
#1315=VECTOR('',#5369,0.393700787401575);
#1316=VECTOR('',#5372,0.393700787401575);
#1317=VECTOR('',#5373,0.393700787401575);
#1318=VECTOR('',#5378,0.393700787401575);
#1319=VECTOR('',#5381,0.393700787401575);
#1320=VECTOR('',#5386,0.393700787401575);
#1321=VECTOR('',#5387,0.393700787401575);
#1322=VECTOR('',#5390,0.393700787401575);
#1323=VECTOR('',#5391,0.393700787401575);
#1324=VECTOR('',#5396,0.393700787401575);
#1325=VECTOR('',#5399,0.393700787401575);
#1326=VECTOR('',#5404,0.393700787401575);
#1327=VECTOR('',#5405,0.393700787401575);
#1328=VECTOR('',#5408,0.393700787401575);
#1329=VECTOR('',#5409,0.393700787401575);
#1330=VECTOR('',#5414,0.393700787401575);
#1331=VECTOR('',#5417,0.393700787401575);
#1332=VECTOR('',#5420,0.393700787401575);
#1333=VECTOR('',#5423,0.393700787401575);
#1334=VECTOR('',#5430,0.393700787401575);
#1335=VECTOR('',#5433,0.393700787401575);
#1336=VECTOR('',#5434,0.393700787401575);
#1337=VECTOR('',#5435,0.393700787401575);
#1338=VECTOR('',#5436,0.393700787401575);
#1339=VECTOR('',#5439,0.393700787401575);
#1340=VECTOR('',#5442,0.393700787401575);
#1341=VECTOR('',#5443,0.393700787401575);
#1342=VECTOR('',#5444,0.393700787401575);
#1343=VECTOR('',#5451,0.393700787401575);
#1344=VECTOR('',#5454,0.393700787401575);
#1345=VECTOR('',#5461,0.393700787401575);
#1346=VECTOR('',#5464,0.393700787401575);
#1347=VECTOR('',#5467,0.393700787401575);
#1348=VECTOR('',#5472,0.393700787401575);
#1349=VECTOR('',#5473,0.393700787401575);
#1350=VECTOR('',#5482,0.393700787401575);
#1351=VECTOR('',#5485,0.393700787401575);
#1352=VECTOR('',#5488,0.393700787401575);
#1353=VECTOR('',#5501,0.056);
#1354=VECTOR('',#5506,0.056);
#1355=VECTOR('',#5509,0.056);
#1356=VECTOR('',#5514,0.0397620236790417);
#1357=VECTOR('',#5519,0.0397620236790417);
#1358=VECTOR('',#5524,0.0397620236790417);
#1359=VECTOR('',#5553,0.0825);
#1360=VECTOR('',#5558,0.0825);
#1361=VECTOR('',#5561,0.1040625);
#1362=VECTOR('',#5566,0.125);
#1363=VECTOR('',#5571,0.0104883508572808);
#1364=VECTOR('',#5574,0.0104883508572808);
#1365=VECTOR('',#5577,0.0104883508572798);
#1366=VECTOR('',#5580,0.0104883508572798);
#1367=VECTOR('',#5583,0.0104883508572808);
#1368=VECTOR('',#5586,0.0104883508572808);
#1369=VECTOR('',#5589,0.0104883508572808);
#1370=VECTOR('',#5592,0.0104883508572808);
#1371=VECTOR('',#5595,0.0104883508572808);
#1372=VECTOR('',#5598,0.0104883508572808);
#1373=VECTOR('',#5601,0.0104883508572809);
#1374=VECTOR('',#5604,0.0104883508572808);
#1375=VECTOR('',#5607,0.0104883508572809);
#1376=VECTOR('',#5610,0.0104883508572808);
#1377=VECTOR('',#5613,0.0104883508572808);
#1378=VECTOR('',#5616,0.0104883508572808);
#1379=VECTOR('',#5619,0.0104883508572809);
#1380=VECTOR('',#5622,0.0104883508572807);
#1381=VECTOR('',#5625,0.0104883508572808);
#1382=VECTOR('',#5628,0.0104883508572808);
#1383=VECTOR('',#5631,0.0104883508572808);
#1384=VECTOR('',#5634,0.0104883508572808);
#1385=VECTOR('',#5637,0.0104883508572808);
#1386=VECTOR('',#5640,0.0104883508572808);
#1387=VECTOR('',#5643,0.0104883508572808);
#1388=VECTOR('',#5646,0.0104883508572808);
#1389=VECTOR('',#5649,0.0104883508572803);
#1390=VECTOR('',#5652,0.0104883508572803);
#1391=VECTOR('',#5655,0.0104883508572813);
#1392=VECTOR('',#5658,0.0104883508572813);
#1393=VECTOR('',#5661,0.0104883508572808);
#1394=VECTOR('',#5664,0.0104883508572808);
#1395=VECTOR('',#5667,0.0104883508572808);
#1396=VECTOR('',#5670,0.0104883508572808);
#1397=VECTOR('',#5673,0.0104883508572808);
#1398=VECTOR('',#5676,0.0104883508572808);
#1399=VECTOR('',#5679,0.0104883508572808);
#1400=VECTOR('',#5682,0.0104883508572808);
#1401=VECTOR('',#5685,0.0104883508572808);
#1402=VECTOR('',#5688,0.0104883508572808);
#1403=VECTOR('',#5691,0.0104883508572808);
#1404=VECTOR('',#5694,0.0104883508572808);
#1405=VECTOR('',#5697,0.0104883508572808);
#1406=VECTOR('',#5700,0.0104883508572808);
#1407=VECTOR('',#5703,0.0104883508572808);
#1408=VECTOR('',#5706,0.0104883508572808);
#1409=VECTOR('',#5709,0.0104883508572808);
#1410=VECTOR('',#5712,0.0104883508572808);
#1411=VECTOR('',#5717,0.00511714380763982);
#1412=VECTOR('',#5718,0.00511714380763952);
#1413=VECTOR('',#5721,0.00737435442147542);
#1414=VECTOR('',#5722,0.00737435442147525);
#1415=VECTOR('',#5725,0.0051171438076396);
#1416=VECTOR('',#5726,0.00511714380763946);
#1417=VECTOR('',#5731,0.0073743544214754);
#1418=VECTOR('',#5732,0.00737435442147526);
#1419=VECTOR('',#5737,0.00511714380763961);
#1420=VECTOR('',#5738,0.0051171438076395);
#1421=VECTOR('',#5743,0.00737435442147541);
#1422=VECTOR('',#5744,0.00737435442147525);
#1423=VECTOR('',#5749,0.0051171438076396);
#1424=VECTOR('',#5750,0.00511714380763952);
#1425=VECTOR('',#5755,0.00737435442147549);
#1426=VECTOR('',#5756,0.00737435442147526);
#1427=VECTOR('',#5761,0.00511714380763961);
#1428=VECTOR('',#5762,0.0051171438076395);
#1429=VECTOR('',#5767,0.00737435442147574);
#1430=VECTOR('',#5768,0.00737435442147525);
#1431=VECTOR('',#5773,0.0051171438076396);
#1432=VECTOR('',#5774,0.00511714380763942);
#1433=VECTOR('',#5779,0.00737435442147553);
#1434=VECTOR('',#5780,0.00737435442147525);
#1435=VECTOR('',#5785,0.00511714380763961);
#1436=VECTOR('',#5786,0.0051171438076393);
#1437=VECTOR('',#5791,0.00737435442147542);
#1438=VECTOR('',#5792,0.00737435442147525);
#1439=VECTOR('',#5797,0.0051171438076396);
#1440=VECTOR('',#5798,0.00511714380763946);
#1441=VECTOR('',#5803,0.0073743544214754);
#1442=VECTOR('',#5804,0.00737435442147526);
#1443=VECTOR('',#5809,0.00511714380763961);
#1444=VECTOR('',#5810,0.0051171438076395);
#1445=VECTOR('',#5815,0.00737435442147541);
#1446=VECTOR('',#5816,0.00737435442147525);
#1447=VECTOR('',#5821,0.0051171438076396);
#1448=VECTOR('',#5822,0.00511714380763951);
#1449=VECTOR('',#5827,0.00737435442147549);
#1450=VECTOR('',#5828,0.00737435442147525);
#1451=VECTOR('',#5833,0.0051171438076396);
#1452=VECTOR('',#5834,0.0051171438076395);
#1453=VECTOR('',#5839,0.00737435442147573);
#1454=VECTOR('',#5840,0.00737435442147525);
#1455=VECTOR('',#5845,0.00511714380763949);
#1456=VECTOR('',#5846,0.00511714380763949);
#1457=VECTOR('',#5851,0.00737435442147525);
#1458=VECTOR('',#5852,0.00737435442147554);
#1459=VECTOR('',#5857,0.00511714380763954);
#1460=VECTOR('',#5858,0.00511714380763971);
#1461=VECTOR('',#5863,0.00737435442147525);
#1462=VECTOR('',#5864,0.00737435442147574);
#1463=VECTOR('',#5869,0.00511714380763949);
#1464=VECTOR('',#5870,0.0051171438076396);
#1465=VECTOR('',#5875,0.00737435442147525);
#1466=VECTOR('',#5876,0.00737435442147549);
#1467=VECTOR('',#5881,0.00511714380763952);
#1468=VECTOR('',#5882,0.00511714380763961);
#1469=VECTOR('',#5887,0.00737435442147526);
#1470=VECTOR('',#5888,0.00737435442147541);
#1471=VECTOR('',#5893,0.00511714380763951);
#1472=VECTOR('',#5894,0.0051171438076396);
#1473=VECTOR('',#5899,0.00737435442147525);
#1474=VECTOR('',#5900,0.00737435442147539);
#1475=VECTOR('',#5905,0.00511714380763946);
#1476=VECTOR('',#5906,0.0051171438076396);
#1477=VECTOR('',#5911,0.00737435442147524);
#1478=VECTOR('',#5912,0.00737435442147542);
#1479=VECTOR('',#5917,0.0051171438076393);
#1480=VECTOR('',#5918,0.0051171438076396);
#1481=VECTOR('',#5923,0.00737435442147526);
#1482=VECTOR('',#5924,0.00737435442147553);
#1483=VECTOR('',#5929,0.00511714380763942);
#1484=VECTOR('',#5930,0.0051171438076396);
#1485=VECTOR('',#5935,0.00737435442147525);
#1486=VECTOR('',#5936,0.00737435442147573);
#1487=VECTOR('',#5941,0.00511714380763949);
#1488=VECTOR('',#5942,0.0051171438076396);
#1489=VECTOR('',#5947,0.00737435442147525);
#1490=VECTOR('',#5948,0.00737435442147549);
#1491=VECTOR('',#5953,0.00511714380763951);
#1492=VECTOR('',#5954,0.0051171438076396);
#1493=VECTOR('',#5959,0.00737435442147525);
#1494=VECTOR('',#5960,0.00737435442147541);
#1495=VECTOR('',#5965,0.0051171438076395);
#1496=VECTOR('',#5966,0.0051171438076396);
#1497=VECTOR('',#5971,0.00737435442147525);
#1498=VECTOR('',#5972,0.0073743544214754);
#1499=VECTOR('',#5977,0.00511714380763947);
#1500=VECTOR('',#5978,0.0051171438076396);
#1501=VECTOR('',#5983,0.00737435442147525);
#1502=VECTOR('',#5984,0.00737435442147543);
#1503=VECTOR('',#5989,0.0051171438076396);
#1504=VECTOR('',#5990,0.00511714380763943);
#1505=VECTOR('',#5997,0.00737435442147554);
#1506=VECTOR('',#5998,0.00737435442147525);
#1507=VECTOR('',#6009,0.123457138918801);
#1508=VECTOR('',#6022,0.0585);
#1509=VECTOR('',#6025,0.0585);
#1510=CIRCLE('',#4497,0.02);
#1511=CIRCLE('',#4498,0.02);
#1512=CIRCLE('',#4500,0.0900000000000001);
#1513=CIRCLE('',#4501,0.0900000000000001);
#1514=CIRCLE('',#4502,0.0900000000000001);
#1515=CIRCLE('',#4503,0.0900000000000001);
#1516=CIRCLE('',#4504,0.0900000000000001);
#1517=CIRCLE('',#4505,0.0900000000000001);
#1518=CIRCLE('',#4506,0.0900000000000001);
#1519=CIRCLE('',#4507,0.0900000000000001);
#1520=CIRCLE('',#4508,0.0900000000000001);
#1521=CIRCLE('',#4509,0.0900000000000001);
#1522=CIRCLE('',#4510,0.0900000000000001);
#1523=CIRCLE('',#4511,0.0900000000000001);
#1524=CIRCLE('',#4512,0.0900000000000001);
#1525=CIRCLE('',#4513,0.0900000000000001);
#1526=CIRCLE('',#4514,0.0900000000000001);
#1527=CIRCLE('',#4515,0.0900000000000001);
#1528=CIRCLE('',#4516,0.0900000000000001);
#1529=CIRCLE('',#4517,0.0900000000000001);
#1530=CIRCLE('',#4518,0.0900000000000001);
#1531=CIRCLE('',#4519,0.0900000000000001);
#1532=CIRCLE('',#4520,0.0900000000000001);
#1533=CIRCLE('',#4521,0.0900000000000001);
#1534=CIRCLE('',#4522,0.0900000000000001);
#1535=CIRCLE('',#4523,0.0900000000000001);
#1536=CIRCLE('',#4524,0.0900000000000001);
#1537=CIRCLE('',#4525,0.0900000000000001);
#1538=CIRCLE('',#4526,0.0900000000000001);
#1539=CIRCLE('',#4527,0.0900000000000001);
#1540=CIRCLE('',#4528,0.0900000000000001);
#1541=CIRCLE('',#4529,0.0900000000000001);
#1542=CIRCLE('',#4532,0.12);
#1543=CIRCLE('',#4533,0.12);
#1544=CIRCLE('',#4536,0.12);
#1545=CIRCLE('',#4537,0.083);
#1546=CIRCLE('',#4538,0.083);
#1547=CIRCLE('',#4540,0.12);
#1548=CIRCLE('',#4543,0.12);
#1549=CIRCLE('',#4544,0.12);
#1550=CIRCLE('',#4546,0.12);
#1551=CIRCLE('',#4547,0.083);
#1552=CIRCLE('',#4548,0.083);
#1553=CIRCLE('',#4551,0.12);
#1554=CIRCLE('',#4553,0.0314960629921257);
#1555=CIRCLE('',#4554,0.0629921259842517);
#1556=CIRCLE('',#4556,0.083);
#1557=CIRCLE('',#4557,0.083);
#1558=CIRCLE('',#4559,0.062992125984252);
#1559=CIRCLE('',#4563,0.083);
#1560=CIRCLE('',#4565,0.083);
#1561=CIRCLE('',#4567,0.058);
#1562=CIRCLE('',#4568,0.0579999999999994);
#1563=CIRCLE('',#4570,0.058);
#1564=CIRCLE('',#4571,0.0579999999999995);
#1565=CIRCLE('',#4573,0.058);
#1566=CIRCLE('',#4574,0.0579999999999994);
#1567=CIRCLE('',#4576,0.058);
#1568=CIRCLE('',#4577,0.0579999999999999);
#1569=CIRCLE('',#4579,0.058);
#1570=CIRCLE('',#4580,0.058);
#1571=CIRCLE('',#4582,0.058);
#1572=CIRCLE('',#4583,0.0579999999999994);
#1573=CIRCLE('',#4585,0.0900000000000001);
#1574=CIRCLE('',#4588,0.0900000000000001);
#1575=CIRCLE('',#4591,0.0900000000000001);
#1576=CIRCLE('',#4594,0.0900000000000001);
#1577=CIRCLE('',#4597,0.0900000000000001);
#1578=CIRCLE('',#4600,0.0900000000000001);
#1579=CIRCLE('',#4603,0.0900000000000001);
#1580=CIRCLE('',#4606,0.0900000000000001);
#1581=CIRCLE('',#4609,0.0900000000000001);
#1582=CIRCLE('',#4612,0.0900000000000001);
#1583=CIRCLE('',#4615,0.0900000000000001);
#1584=CIRCLE('',#4618,0.0900000000000001);
#1585=CIRCLE('',#4621,0.0900000000000001);
#1586=CIRCLE('',#4624,0.0900000000000001);
#1587=CIRCLE('',#4627,0.0900000000000001);
#1588=CIRCLE('',#4630,0.0900000000000001);
#1589=CIRCLE('',#4633,0.0900000000000001);
#1590=CIRCLE('',#4636,0.0900000000000001);
#1591=CIRCLE('',#4639,0.0900000000000001);
#1592=CIRCLE('',#4642,0.0900000000000001);
#1593=CIRCLE('',#4645,0.0900000000000001);
#1594=CIRCLE('',#4648,0.0900000000000001);
#1595=CIRCLE('',#4651,0.0900000000000001);
#1596=CIRCLE('',#4654,0.0900000000000001);
#1597=CIRCLE('',#4657,0.0900000000000001);
#1598=CIRCLE('',#4660,0.0900000000000001);
#1599=CIRCLE('',#4663,0.0900000000000001);
#1600=CIRCLE('',#4666,0.0900000000000001);
#1601=CIRCLE('',#4669,0.0900000000000001);
#1602=CIRCLE('',#4672,0.0900000000000001);
#1603=CIRCLE('',#4675,0.0629921259842524);
#1604=CIRCLE('',#4676,0.0629921259842527);
#1605=CIRCLE('',#4678,0.0314960629921266);
#1606=CIRCLE('',#4683,0.0314960629921267);
#1607=CIRCLE('',#4685,0.062992125984252);
#1608=CIRCLE('',#4686,0.062992125984252);
#1609=CIRCLE('',#4689,0.031496062992126);
#1610=CIRCLE('',#4694,0.0314960629921267);
#1611=CIRCLE('',#4697,0.0314960629921253);
#1612=CIRCLE('',#4705,0.056);
#1613=CIRCLE('',#4708,0.056);
#1614=CIRCLE('',#4710,0.0397620236790417);
#1615=CIRCLE('',#4712,0.0397620236790417);
#1616=CIRCLE('',#4714,0.0397620236790417);
#1617=CIRCLE('',#4717,0.123457138918801);
#1618=CIRCLE('',#4718,0.0585);
#1619=CIRCLE('',#4720,0.1040625);
#1620=CIRCLE('',#4721,0.0792846096908264);
#1621=CIRCLE('',#4723,0.0825);
#1622=CIRCLE('',#4724,0.0671294192815881);
#1623=CIRCLE('',#4726,0.0825);
#1624=CIRCLE('',#4727,0.0825);
#1625=CIRCLE('',#4729,0.0819037019600586);
#1626=CIRCLE('',#4732,0.125);
#1627=CIRCLE('',#4733,0.125);
#1628=CIRCLE('',#4735,0.00490625);
#1629=CIRCLE('',#4736,0.00490624999999995);
#1630=CIRCLE('',#4737,0.00490625);
#1631=CIRCLE('',#4738,0.00490624999999995);
#1632=CIRCLE('',#4739,0.00490625);
#1633=CIRCLE('',#4740,0.00490624999999995);
#1634=CIRCLE('',#4741,0.00490625);
#1635=CIRCLE('',#4742,0.00490624999999995);
#1636=CIRCLE('',#4743,0.00490625);
#1637=CIRCLE('',#4744,0.00490624999999995);
#1638=CIRCLE('',#4745,0.00490625);
#1639=CIRCLE('',#4746,0.00490624999999995);
#1640=CIRCLE('',#4747,0.00490625);
#1641=CIRCLE('',#4748,0.00490624999999995);
#1642=CIRCLE('',#4749,0.00490625);
#1643=CIRCLE('',#4750,0.00490624999999995);
#1644=CIRCLE('',#4751,0.00490625);
#1645=CIRCLE('',#4752,0.00490624999999995);
#1646=CIRCLE('',#4753,0.00490625);
#1647=CIRCLE('',#4754,0.00490624999999995);
#1648=CIRCLE('',#4755,0.00490625);
#1649=CIRCLE('',#4756,0.00490624999999995);
#1650=CIRCLE('',#4757,0.00490625);
#1651=CIRCLE('',#4758,0.00490624999999995);
#1652=CIRCLE('',#4759,0.00490625);
#1653=CIRCLE('',#4760,0.00490624999999995);
#1654=CIRCLE('',#4761,0.00490625);
#1655=CIRCLE('',#4762,0.00490624999999995);
#1656=CIRCLE('',#4763,0.00490625);
#1657=CIRCLE('',#4764,0.00490624999999995);
#1658=CIRCLE('',#4765,0.00490625);
#1659=CIRCLE('',#4766,0.00490624999999995);
#1660=CIRCLE('',#4767,0.00490625);
#1661=CIRCLE('',#4768,0.00490624999999995);
#1662=CIRCLE('',#4769,0.00490625);
#1663=CIRCLE('',#4770,0.00490624999999995);
#1664=CIRCLE('',#4771,0.00490625);
#1665=CIRCLE('',#4772,0.00490624999999995);
#1666=CIRCLE('',#4773,0.00490625);
#1667=CIRCLE('',#4774,0.00490624999999995);
#1668=CIRCLE('',#4775,0.00490625);
#1669=CIRCLE('',#4776,0.00490624999999995);
#1670=CIRCLE('',#4777,0.00490625);
#1671=CIRCLE('',#4778,0.00490624999999995);
#1672=CIRCLE('',#4779,0.00490625);
#1673=CIRCLE('',#4780,0.00490624999999995);
#1674=CIRCLE('',#4781,0.00490625);
#1675=CIRCLE('',#4782,0.00490624999999995);
#1676=CIRCLE('',#4881,0.124734135677714);
#1677=CIRCLE('',#4882,0.124734135677714);
#1678=CIRCLE('',#4884,0.0175);
#1679=CIRCLE('',#4886,0.0175);
#1680=VERTEX_POINT('',#6039);
#1681=VERTEX_POINT('',#6040);
#1682=VERTEX_POINT('',#6042);
#1683=VERTEX_POINT('',#6044);
#1684=VERTEX_POINT('',#6048);
#1685=VERTEX_POINT('',#6050);
#1686=VERTEX_POINT('',#6052);
#1687=VERTEX_POINT('',#6054);
#1688=VERTEX_POINT('',#6057);
#1689=VERTEX_POINT('',#6058);
#1690=VERTEX_POINT('',#6060);
#1691=VERTEX_POINT('',#6062);
#1692=VERTEX_POINT('',#6065);
#1693=VERTEX_POINT('',#6066);
#1694=VERTEX_POINT('',#6068);
#1695=VERTEX_POINT('',#6070);
#1696=VERTEX_POINT('',#6073);
#1697=VERTEX_POINT('',#6074);
#1698=VERTEX_POINT('',#6076);
#1699=VERTEX_POINT('',#6078);
#1700=VERTEX_POINT('',#6081);
#1701=VERTEX_POINT('',#6082);
#1702=VERTEX_POINT('',#6084);
#1703=VERTEX_POINT('',#6086);
#1704=VERTEX_POINT('',#6089);
#1705=VERTEX_POINT('',#6090);
#1706=VERTEX_POINT('',#6092);
#1707=VERTEX_POINT('',#6094);
#1708=VERTEX_POINT('',#6097);
#1709=VERTEX_POINT('',#6098);
#1710=VERTEX_POINT('',#6100);
#1711=VERTEX_POINT('',#6102);
#1712=VERTEX_POINT('',#6105);
#1713=VERTEX_POINT('',#6106);
#1714=VERTEX_POINT('',#6108);
#1715=VERTEX_POINT('',#6110);
#1716=VERTEX_POINT('',#6113);
#1717=VERTEX_POINT('',#6114);
#1718=VERTEX_POINT('',#6116);
#1719=VERTEX_POINT('',#6118);
#1720=VERTEX_POINT('',#6121);
#1721=VERTEX_POINT('',#6122);
#1722=VERTEX_POINT('',#6124);
#1723=VERTEX_POINT('',#6126);
#1724=VERTEX_POINT('',#6129);
#1725=VERTEX_POINT('',#6130);
#1726=VERTEX_POINT('',#6132);
#1727=VERTEX_POINT('',#6134);
#1728=VERTEX_POINT('',#6137);
#1729=VERTEX_POINT('',#6138);
#1730=VERTEX_POINT('',#6140);
#1731=VERTEX_POINT('',#6142);
#1732=VERTEX_POINT('',#6145);
#1733=VERTEX_POINT('',#6146);
#1734=VERTEX_POINT('',#6148);
#1735=VERTEX_POINT('',#6150);
#1736=VERTEX_POINT('',#6153);
#1737=VERTEX_POINT('',#6154);
#1738=VERTEX_POINT('',#6156);
#1739=VERTEX_POINT('',#6158);
#1740=VERTEX_POINT('',#6161);
#1741=VERTEX_POINT('',#6162);
#1742=VERTEX_POINT('',#6164);
#1743=VERTEX_POINT('',#6166);
#1744=VERTEX_POINT('',#6169);
#1745=VERTEX_POINT('',#6170);
#1746=VERTEX_POINT('',#6172);
#1747=VERTEX_POINT('',#6174);
#1748=VERTEX_POINT('',#6178);
#1749=VERTEX_POINT('',#6182);
#1750=VERTEX_POINT('',#6183);
#1751=VERTEX_POINT('',#6185);
#1752=VERTEX_POINT('',#6187);
#1753=VERTEX_POINT('',#6191);
#1754=VERTEX_POINT('',#6193);
#1755=VERTEX_POINT('',#6197);
#1756=VERTEX_POINT('',#6199);
#1757=VERTEX_POINT('',#6201);
#1758=VERTEX_POINT('',#6204);
#1759=VERTEX_POINT('',#6206);
#1760=VERTEX_POINT('',#6209);
#1761=VERTEX_POINT('',#6211);
#1762=VERTEX_POINT('',#6215);
#1763=VERTEX_POINT('',#6219);
#1764=VERTEX_POINT('',#6220);
#1765=VERTEX_POINT('',#6222);
#1766=VERTEX_POINT('',#6224);
#1767=VERTEX_POINT('',#6228);
#1768=VERTEX_POINT('',#6230);
#1769=VERTEX_POINT('',#6232);
#1770=VERTEX_POINT('',#6234);
#1771=VERTEX_POINT('',#6237);
#1772=VERTEX_POINT('',#6239);
#1773=VERTEX_POINT('',#6242);
#1774=VERTEX_POINT('',#6246);
#1775=VERTEX_POINT('',#6251);
#1776=VERTEX_POINT('',#6255);
#1777=VERTEX_POINT('',#6258);
#1778=VERTEX_POINT('',#6260);
#1779=VERTEX_POINT('',#6263);
#1780=VERTEX_POINT('',#6271);
#1781=VERTEX_POINT('',#6275);
#1782=VERTEX_POINT('',#6279);
#1783=VERTEX_POINT('',#6281);
#1784=VERTEX_POINT('',#6285);
#1785=VERTEX_POINT('',#6287);
#1786=VERTEX_POINT('',#6291);
#1787=VERTEX_POINT('',#6293);
#1788=VERTEX_POINT('',#6297);
#1789=VERTEX_POINT('',#6299);
#1790=VERTEX_POINT('',#6303);
#1791=VERTEX_POINT('',#6305);
#1792=VERTEX_POINT('',#6309);
#1793=VERTEX_POINT('',#6311);
#1794=VERTEX_POINT('',#6315);
#1795=VERTEX_POINT('',#6316);
#1796=VERTEX_POINT('',#6321);
#1797=VERTEX_POINT('',#6325);
#1798=VERTEX_POINT('',#6331);
#1799=VERTEX_POINT('',#6332);
#1800=VERTEX_POINT('',#6337);
#1801=VERTEX_POINT('',#6341);
#1802=VERTEX_POINT('',#6347);
#1803=VERTEX_POINT('',#6348);
#1804=VERTEX_POINT('',#6353);
#1805=VERTEX_POINT('',#6357);
#1806=VERTEX_POINT('',#6363);
#1807=VERTEX_POINT('',#6364);
#1808=VERTEX_POINT('',#6369);
#1809=VERTEX_POINT('',#6373);
#1810=VERTEX_POINT('',#6379);
#1811=VERTEX_POINT('',#6380);
#1812=VERTEX_POINT('',#6385);
#1813=VERTEX_POINT('',#6389);
#1814=VERTEX_POINT('',#6395);
#1815=VERTEX_POINT('',#6396);
#1816=VERTEX_POINT('',#6401);
#1817=VERTEX_POINT('',#6405);
#1818=VERTEX_POINT('',#6411);
#1819=VERTEX_POINT('',#6412);
#1820=VERTEX_POINT('',#6417);
#1821=VERTEX_POINT('',#6421);
#1822=VERTEX_POINT('',#6427);
#1823=VERTEX_POINT('',#6428);
#1824=VERTEX_POINT('',#6433);
#1825=VERTEX_POINT('',#6437);
#1826=VERTEX_POINT('',#6443);
#1827=VERTEX_POINT('',#6444);
#1828=VERTEX_POINT('',#6449);
#1829=VERTEX_POINT('',#6453);
#1830=VERTEX_POINT('',#6459);
#1831=VERTEX_POINT('',#6460);
#1832=VERTEX_POINT('',#6465);
#1833=VERTEX_POINT('',#6469);
#1834=VERTEX_POINT('',#6475);
#1835=VERTEX_POINT('',#6476);
#1836=VERTEX_POINT('',#6481);
#1837=VERTEX_POINT('',#6485);
#1838=VERTEX_POINT('',#6491);
#1839=VERTEX_POINT('',#6492);
#1840=VERTEX_POINT('',#6497);
#1841=VERTEX_POINT('',#6501);
#1842=VERTEX_POINT('',#6507);
#1843=VERTEX_POINT('',#6508);
#1844=VERTEX_POINT('',#6513);
#1845=VERTEX_POINT('',#6517);
#1846=VERTEX_POINT('',#6523);
#1847=VERTEX_POINT('',#6524);
#1848=VERTEX_POINT('',#6529);
#1849=VERTEX_POINT('',#6533);
#1850=VERTEX_POINT('',#6539);
#1851=VERTEX_POINT('',#6540);
#1852=VERTEX_POINT('',#6545);
#1853=VERTEX_POINT('',#6549);
#1854=VERTEX_POINT('',#6556);
#1855=VERTEX_POINT('',#6558);
#1856=VERTEX_POINT('',#6562);
#1857=VERTEX_POINT('',#6566);
#1858=VERTEX_POINT('',#6568);
#1859=VERTEX_POINT('',#6570);
#1860=VERTEX_POINT('',#6577);
#1861=VERTEX_POINT('',#6583);
#1862=VERTEX_POINT('',#6585);
#1863=VERTEX_POINT('',#6587);
#1864=VERTEX_POINT('',#6616);
#1865=VERTEX_POINT('',#6617);
#1866=VERTEX_POINT('',#6619);
#1867=VERTEX_POINT('',#6629);
#1868=VERTEX_POINT('',#6643);
#1869=VERTEX_POINT('',#6644);
#1870=VERTEX_POINT('',#6677);
#1871=VERTEX_POINT('',#6678);
#1872=VERTEX_POINT('',#6680);
#1873=VERTEX_POINT('',#6694);
#1874=VERTEX_POINT('',#6712);
#1875=VERTEX_POINT('',#6713);
#1876=VERTEX_POINT('',#6715);
#1877=VERTEX_POINT('',#6721);
#1878=VERTEX_POINT('',#6722);
#1879=VERTEX_POINT('',#6724);
#1880=VERTEX_POINT('',#6753);
#1881=VERTEX_POINT('',#6754);
#1882=VERTEX_POINT('',#6756);
#1883=VERTEX_POINT('',#6760);
#1884=VERTEX_POINT('',#6902);
#1885=VERTEX_POINT('',#7125);
#1886=VERTEX_POINT('',#7187);
#1887=VERTEX_POINT('',#7189);
#1888=VERTEX_POINT('',#7192);
#1889=VERTEX_POINT('',#7194);
#1890=VERTEX_POINT('',#7197);
#1891=VERTEX_POINT('',#7199);
#1892=VERTEX_POINT('',#7202);
#1893=VERTEX_POINT('',#7203);
#1894=VERTEX_POINT('',#7208);
#1895=VERTEX_POINT('',#7212);
#1896=VERTEX_POINT('',#7213);
#1897=VERTEX_POINT('',#7224);
#1898=VERTEX_POINT('',#7228);
#1899=VERTEX_POINT('',#7236);
#1900=VERTEX_POINT('',#7243);
#1901=VERTEX_POINT('',#7247);
#1902=VERTEX_POINT('',#7258);
#1903=VERTEX_POINT('',#7262);
#1904=VERTEX_POINT('',#7273);
#1905=VERTEX_POINT('',#7277);
#1906=VERTEX_POINT('',#7288);
#1907=VERTEX_POINT('',#7292);
#1908=VERTEX_POINT('',#7303);
#1909=VERTEX_POINT('',#7307);
#1910=VERTEX_POINT('',#7318);
#1911=VERTEX_POINT('',#7322);
#1912=VERTEX_POINT('',#7333);
#1913=VERTEX_POINT('',#7337);
#1914=VERTEX_POINT('',#7348);
#1915=VERTEX_POINT('',#7352);
#1916=VERTEX_POINT('',#7363);
#1917=VERTEX_POINT('',#7367);
#1918=VERTEX_POINT('',#7378);
#1919=VERTEX_POINT('',#7382);
#1920=VERTEX_POINT('',#7393);
#1921=VERTEX_POINT('',#7397);
#1922=VERTEX_POINT('',#7408);
#1923=VERTEX_POINT('',#7412);
#1924=VERTEX_POINT('',#7423);
#1925=VERTEX_POINT('',#7427);
#1926=VERTEX_POINT('',#7438);
#1927=VERTEX_POINT('',#7442);
#1928=VERTEX_POINT('',#7453);
#1929=VERTEX_POINT('',#7457);
#1930=VERTEX_POINT('',#7468);
#1931=VERTEX_POINT('',#7472);
#1932=VERTEX_POINT('',#7483);
#1933=VERTEX_POINT('',#7487);
#1934=VERTEX_POINT('',#7498);
#1935=VERTEX_POINT('',#7502);
#1936=VERTEX_POINT('',#7513);
#1937=VERTEX_POINT('',#7517);
#1938=VERTEX_POINT('',#7528);
#1939=VERTEX_POINT('',#7532);
#1940=VERTEX_POINT('',#7543);
#1941=VERTEX_POINT('',#7547);
#1942=VERTEX_POINT('',#7558);
#1943=VERTEX_POINT('',#7562);
#1944=VERTEX_POINT('',#7573);
#1945=VERTEX_POINT('',#7577);
#1946=VERTEX_POINT('',#7588);
#1947=VERTEX_POINT('',#7592);
#1948=VERTEX_POINT('',#7603);
#1949=VERTEX_POINT('',#7607);
#1950=VERTEX_POINT('',#7618);
#1951=VERTEX_POINT('',#7622);
#1952=VERTEX_POINT('',#7633);
#1953=VERTEX_POINT('',#7637);
#1954=VERTEX_POINT('',#7648);
#1955=VERTEX_POINT('',#7652);
#1956=VERTEX_POINT('',#7663);
#1957=VERTEX_POINT('',#7667);
#1958=VERTEX_POINT('',#7678);
#1959=VERTEX_POINT('',#7682);
#1960=VERTEX_POINT('',#7693);
#1961=VERTEX_POINT('',#7697);
#1962=VERTEX_POINT('',#7708);
#1963=VERTEX_POINT('',#7712);
#1964=VERTEX_POINT('',#7723);
#1965=VERTEX_POINT('',#7727);
#1966=VERTEX_POINT('',#7738);
#1967=VERTEX_POINT('',#7742);
#1968=VERTEX_POINT('',#7753);
#1969=VERTEX_POINT('',#7757);
#1970=VERTEX_POINT('',#7768);
#1971=VERTEX_POINT('',#7772);
#1972=VERTEX_POINT('',#7783);
#1973=VERTEX_POINT('',#7787);
#1974=VERTEX_POINT('',#7798);
#1975=VERTEX_POINT('',#7802);
#1976=VERTEX_POINT('',#7813);
#1977=VERTEX_POINT('',#7817);
#1978=VERTEX_POINT('',#7828);
#1979=VERTEX_POINT('',#7832);
#1980=VERTEX_POINT('',#7843);
#1981=VERTEX_POINT('',#7847);
#1982=VERTEX_POINT('',#7858);
#1983=VERTEX_POINT('',#7862);
#1984=VERTEX_POINT('',#7873);
#1985=VERTEX_POINT('',#7877);
#1986=VERTEX_POINT('',#7888);
#1987=VERTEX_POINT('',#7892);
#1988=VERTEX_POINT('',#7903);
#1989=VERTEX_POINT('',#7907);
#1990=VERTEX_POINT('',#7918);
#1991=VERTEX_POINT('',#7922);
#1992=VERTEX_POINT('',#7937);
#1993=VERTEX_POINT('',#7939);
#1994=VERTEX_POINT('',#7943);
#1995=VERTEX_POINT('',#7944);
#1996=VERTEX_POINT('',#7946);
#1997=VERTEX_POINT('',#7948);
#1998=VERTEX_POINT('',#7950);
#1999=VERTEX_POINT('',#7952);
#2000=VERTEX_POINT('',#7954);
#2001=VERTEX_POINT('',#7956);
#2002=VERTEX_POINT('',#7958);
#2003=VERTEX_POINT('',#7960);
#2004=VERTEX_POINT('',#7962);
#2005=VERTEX_POINT('',#7964);
#2006=VERTEX_POINT('',#7966);
#2007=VERTEX_POINT('',#7968);
#2008=VERTEX_POINT('',#7970);
#2009=VERTEX_POINT('',#7972);
#2010=VERTEX_POINT('',#7974);
#2011=VERTEX_POINT('',#7976);
#2012=VERTEX_POINT('',#7978);
#2013=VERTEX_POINT('',#7980);
#2014=VERTEX_POINT('',#7982);
#2015=VERTEX_POINT('',#7984);
#2016=VERTEX_POINT('',#7986);
#2017=VERTEX_POINT('',#7988);
#2018=VERTEX_POINT('',#7990);
#2019=VERTEX_POINT('',#7992);
#2020=VERTEX_POINT('',#7994);
#2021=VERTEX_POINT('',#7996);
#2022=VERTEX_POINT('',#7998);
#2023=VERTEX_POINT('',#8000);
#2024=VERTEX_POINT('',#8002);
#2025=VERTEX_POINT('',#8004);
#2026=VERTEX_POINT('',#8006);
#2027=VERTEX_POINT('',#8008);
#2028=VERTEX_POINT('',#8010);
#2029=VERTEX_POINT('',#8012);
#2030=VERTEX_POINT('',#8014);
#2031=VERTEX_POINT('',#8016);
#2032=VERTEX_POINT('',#8018);
#2033=VERTEX_POINT('',#8020);
#2034=VERTEX_POINT('',#8022);
#2035=VERTEX_POINT('',#8024);
#2036=VERTEX_POINT('',#8026);
#2037=VERTEX_POINT('',#8028);
#2038=VERTEX_POINT('',#8030);
#2039=VERTEX_POINT('',#8032);
#2040=VERTEX_POINT('',#8034);
#2041=VERTEX_POINT('',#8036);
#2042=VERTEX_POINT('',#8038);
#2043=VERTEX_POINT('',#8040);
#2044=VERTEX_POINT('',#8042);
#2045=VERTEX_POINT('',#8044);
#2046=VERTEX_POINT('',#8046);
#2047=VERTEX_POINT('',#8048);
#2048=VERTEX_POINT('',#8050);
#2049=VERTEX_POINT('',#8052);
#2050=VERTEX_POINT('',#8054);
#2051=VERTEX_POINT('',#8056);
#2052=VERTEX_POINT('',#8058);
#2053=VERTEX_POINT('',#8060);
#2054=VERTEX_POINT('',#8062);
#2055=VERTEX_POINT('',#8064);
#2056=VERTEX_POINT('',#8066);
#2057=VERTEX_POINT('',#8068);
#2058=VERTEX_POINT('',#8070);
#2059=VERTEX_POINT('',#8072);
#2060=VERTEX_POINT('',#8074);
#2061=VERTEX_POINT('',#8076);
#2062=VERTEX_POINT('',#8078);
#2063=VERTEX_POINT('',#8080);
#2064=VERTEX_POINT('',#8082);
#2065=VERTEX_POINT('',#8084);
#2066=VERTEX_POINT('',#8086);
#2067=VERTEX_POINT('',#8088);
#2068=VERTEX_POINT('',#8090);
#2069=VERTEX_POINT('',#8092);
#2070=VERTEX_POINT('',#8094);
#2071=VERTEX_POINT('',#8096);
#2072=VERTEX_POINT('',#8098);
#2073=VERTEX_POINT('',#8100);
#2074=VERTEX_POINT('',#8102);
#2075=VERTEX_POINT('',#8104);
#2076=VERTEX_POINT('',#8106);
#2077=VERTEX_POINT('',#8108);
#2078=VERTEX_POINT('',#8110);
#2079=VERTEX_POINT('',#8112);
#2080=VERTEX_POINT('',#8114);
#2081=VERTEX_POINT('',#8116);
#2082=VERTEX_POINT('',#8118);
#2083=VERTEX_POINT('',#8120);
#2084=VERTEX_POINT('',#8122);
#2085=VERTEX_POINT('',#8124);
#2086=VERTEX_POINT('',#8126);
#2087=VERTEX_POINT('',#8128);
#2088=VERTEX_POINT('',#8130);
#2089=VERTEX_POINT('',#8132);
#2090=VERTEX_POINT('',#8329);
#2091=VERTEX_POINT('',#8330);
#2092=EDGE_CURVE('',#1680,#1681,#1510,.T.);
#2093=EDGE_CURVE('',#1681,#1682,#826,.T.);
#2094=EDGE_CURVE('',#1682,#1683,#1511,.T.);
#2095=EDGE_CURVE('',#1683,#1680,#827,.T.);
#2096=EDGE_CURVE('',#1680,#1684,#828,.T.);
#2097=EDGE_CURVE('',#1684,#1685,#829,.T.);
#2098=EDGE_CURVE('',#1686,#1685,#830,.T.);
#2099=EDGE_CURVE('',#1687,#1686,#831,.T.);
#2100=EDGE_CURVE('',#1681,#1687,#832,.T.);
#2101=EDGE_CURVE('',#1688,#1689,#1512,.T.);
#2102=EDGE_CURVE('',#1689,#1690,#833,.T.);
#2103=EDGE_CURVE('',#1690,#1691,#1513,.T.);
#2104=EDGE_CURVE('',#1691,#1688,#834,.T.);
#2105=EDGE_CURVE('',#1692,#1693,#1514,.T.);
#2106=EDGE_CURVE('',#1693,#1694,#835,.T.);
#2107=EDGE_CURVE('',#1694,#1695,#1515,.T.);
#2108=EDGE_CURVE('',#1695,#1692,#836,.T.);
#2109=EDGE_CURVE('',#1696,#1697,#1516,.T.);
#2110=EDGE_CURVE('',#1697,#1698,#837,.T.);
#2111=EDGE_CURVE('',#1698,#1699,#1517,.T.);
#2112=EDGE_CURVE('',#1699,#1696,#838,.T.);
#2113=EDGE_CURVE('',#1700,#1701,#1518,.T.);
#2114=EDGE_CURVE('',#1701,#1702,#839,.T.);
#2115=EDGE_CURVE('',#1702,#1703,#1519,.T.);
#2116=EDGE_CURVE('',#1703,#1700,#840,.T.);
#2117=EDGE_CURVE('',#1704,#1705,#1520,.T.);
#2118=EDGE_CURVE('',#1705,#1706,#841,.T.);
#2119=EDGE_CURVE('',#1706,#1707,#1521,.T.);
#2120=EDGE_CURVE('',#1707,#1704,#842,.T.);
#2121=EDGE_CURVE('',#1708,#1709,#1522,.T.);
#2122=EDGE_CURVE('',#1709,#1710,#843,.T.);
#2123=EDGE_CURVE('',#1710,#1711,#1523,.T.);
#2124=EDGE_CURVE('',#1711,#1708,#844,.T.);
#2125=EDGE_CURVE('',#1712,#1713,#1524,.T.);
#2126=EDGE_CURVE('',#1713,#1714,#845,.T.);
#2127=EDGE_CURVE('',#1714,#1715,#1525,.T.);
#2128=EDGE_CURVE('',#1715,#1712,#846,.T.);
#2129=EDGE_CURVE('',#1716,#1717,#1526,.T.);
#2130=EDGE_CURVE('',#1717,#1718,#847,.T.);
#2131=EDGE_CURVE('',#1718,#1719,#1527,.T.);
#2132=EDGE_CURVE('',#1719,#1716,#848,.T.);
#2133=EDGE_CURVE('',#1720,#1721,#1528,.T.);
#2134=EDGE_CURVE('',#1721,#1722,#849,.T.);
#2135=EDGE_CURVE('',#1722,#1723,#1529,.T.);
#2136=EDGE_CURVE('',#1723,#1720,#850,.T.);
#2137=EDGE_CURVE('',#1724,#1725,#1530,.T.);
#2138=EDGE_CURVE('',#1725,#1726,#851,.T.);
#2139=EDGE_CURVE('',#1726,#1727,#1531,.T.);
#2140=EDGE_CURVE('',#1727,#1724,#852,.T.);
#2141=EDGE_CURVE('',#1728,#1729,#1532,.T.);
#2142=EDGE_CURVE('',#1729,#1730,#853,.T.);
#2143=EDGE_CURVE('',#1730,#1731,#1533,.T.);
#2144=EDGE_CURVE('',#1731,#1728,#854,.T.);
#2145=EDGE_CURVE('',#1732,#1733,#1534,.T.);
#2146=EDGE_CURVE('',#1733,#1734,#855,.T.);
#2147=EDGE_CURVE('',#1734,#1735,#1535,.T.);
#2148=EDGE_CURVE('',#1735,#1732,#856,.T.);
#2149=EDGE_CURVE('',#1736,#1737,#1536,.T.);
#2150=EDGE_CURVE('',#1737,#1738,#857,.T.);
#2151=EDGE_CURVE('',#1738,#1739,#1537,.T.);
#2152=EDGE_CURVE('',#1739,#1736,#858,.T.);
#2153=EDGE_CURVE('',#1740,#1741,#1538,.T.);
#2154=EDGE_CURVE('',#1741,#1742,#859,.T.);
#2155=EDGE_CURVE('',#1742,#1743,#1539,.T.);
#2156=EDGE_CURVE('',#1743,#1740,#860,.T.);
#2157=EDGE_CURVE('',#1744,#1745,#1540,.T.);
#2158=EDGE_CURVE('',#1745,#1746,#861,.T.);
#2159=EDGE_CURVE('',#1746,#1747,#1541,.T.);
#2160=EDGE_CURVE('',#1747,#1744,#862,.T.);
#2161=EDGE_CURVE('',#1748,#1683,#863,.T.);
#2162=EDGE_CURVE('',#1684,#1748,#864,.T.);
#2163=EDGE_CURVE('',#1749,#1750,#1542,.T.);
#2164=EDGE_CURVE('',#1750,#1751,#865,.T.);
#2165=EDGE_CURVE('',#1751,#1752,#1543,.T.);
#2166=EDGE_CURVE('',#1752,#1749,#866,.T.);
#2167=EDGE_CURVE('',#1750,#1753,#867,.T.);
#2168=EDGE_CURVE('',#1753,#1754,#868,.T.);
#2169=EDGE_CURVE('',#1754,#1751,#869,.T.);
#2170=EDGE_CURVE('',#1755,#1749,#870,.T.);
#2171=EDGE_CURVE('',#1756,#1755,#1544,.T.);
#2172=EDGE_CURVE('',#1757,#1756,#871,.T.);
#2173=EDGE_CURVE('',#1757,#1753,#872,.T.);
#2174=EDGE_CURVE('',#1758,#1758,#1545,.T.);
#2175=EDGE_CURVE('',#1759,#1759,#1546,.T.);
#2176=EDGE_CURVE('',#1755,#1760,#873,.T.);
#2177=EDGE_CURVE('',#1760,#1761,#1547,.T.);
#2178=EDGE_CURVE('',#1761,#1756,#874,.T.);
#2179=EDGE_CURVE('',#1762,#1761,#875,.T.);
#2180=EDGE_CURVE('',#1762,#1757,#876,.T.);
#2181=EDGE_CURVE('',#1763,#1764,#1548,.T.);
#2182=EDGE_CURVE('',#1764,#1765,#877,.T.);
#2183=EDGE_CURVE('',#1765,#1766,#1549,.T.);
#2184=EDGE_CURVE('',#1766,#1763,#878,.T.);
#2185=EDGE_CURVE('',#1767,#1765,#879,.T.);
#2186=EDGE_CURVE('',#1768,#1767,#1550,.T.);
#2187=EDGE_CURVE('',#1769,#1768,#880,.T.);
#2188=EDGE_CURVE('',#1770,#1769,#881,.T.);
#2189=EDGE_CURVE('',#1770,#1766,#882,.T.);
#2190=EDGE_CURVE('',#1771,#1771,#1551,.T.);
#2191=EDGE_CURVE('',#1772,#1772,#1552,.T.);
#2192=EDGE_CURVE('',#1764,#1773,#883,.T.);
#2193=EDGE_CURVE('',#1767,#1773,#884,.T.);
#2194=EDGE_CURVE('',#1773,#1774,#1553,.T.);
#2195=EDGE_CURVE('',#1774,#1768,#885,.T.);
#2196=EDGE_CURVE('',#1684,#1770,#1554,.T.);
#2197=EDGE_CURVE('',#1775,#1748,#1555,.T.);
#2198=EDGE_CURVE('',#1763,#1775,#886,.T.);
#2199=EDGE_CURVE('',#1776,#1775,#887,.T.);
#2200=EDGE_CURVE('',#1774,#1776,#888,.T.);
#2201=EDGE_CURVE('',#1777,#1777,#1556,.T.);
#2202=EDGE_CURVE('',#1778,#1778,#1557,.T.);
#2203=EDGE_CURVE('',#1779,#1748,#889,.T.);
#2204=EDGE_CURVE('',#1776,#1779,#1558,.T.);
#2205=EDGE_CURVE('',#1778,#1772,#890,.T.);
#2206=EDGE_CURVE('',#1777,#1771,#891,.T.);
#2207=EDGE_CURVE('',#1780,#1780,#1559,.T.);
#2208=EDGE_CURVE('',#1780,#1758,#892,.T.);
#2209=EDGE_CURVE('',#1781,#1781,#1560,.T.);
#2210=EDGE_CURVE('',#1781,#1759,#893,.T.);
#2211=EDGE_CURVE('',#1782,#1782,#1561,.T.);
#2212=EDGE_CURVE('',#1782,#1783,#894,.T.);
#2213=EDGE_CURVE('',#1783,#1783,#1562,.T.);
#2214=EDGE_CURVE('',#1784,#1784,#1563,.T.);
#2215=EDGE_CURVE('',#1784,#1785,#895,.T.);
#2216=EDGE_CURVE('',#1785,#1785,#1564,.T.);
#2217=EDGE_CURVE('',#1786,#1786,#1565,.T.);
#2218=EDGE_CURVE('',#1786,#1787,#896,.T.);
#2219=EDGE_CURVE('',#1787,#1787,#1566,.T.);
#2220=EDGE_CURVE('',#1788,#1788,#1567,.T.);
#2221=EDGE_CURVE('',#1788,#1789,#897,.T.);
#2222=EDGE_CURVE('',#1789,#1789,#1568,.T.);
#2223=EDGE_CURVE('',#1790,#1790,#1569,.T.);
#2224=EDGE_CURVE('',#1790,#1791,#898,.T.);
#2225=EDGE_CURVE('',#1791,#1791,#1570,.T.);
#2226=EDGE_CURVE('',#1792,#1792,#1571,.T.);
#2227=EDGE_CURVE('',#1792,#1793,#899,.T.);
#2228=EDGE_CURVE('',#1793,#1793,#1572,.T.);
#2229=EDGE_CURVE('',#1794,#1795,#1573,.T.);
#2230=EDGE_CURVE('',#1794,#1745,#900,.T.);
#2231=EDGE_CURVE('',#1795,#1744,#901,.T.);
#2232=EDGE_CURVE('',#1796,#1794,#902,.T.);
#2233=EDGE_CURVE('',#1796,#1746,#903,.T.);
#2234=EDGE_CURVE('',#1797,#1796,#1574,.T.);
#2235=EDGE_CURVE('',#1797,#1747,#904,.T.);
#2236=EDGE_CURVE('',#1795,#1797,#905,.T.);
#2237=EDGE_CURVE('',#1798,#1799,#1575,.T.);
#2238=EDGE_CURVE('',#1798,#1741,#906,.T.);
#2239=EDGE_CURVE('',#1799,#1740,#907,.T.);
#2240=EDGE_CURVE('',#1800,#1798,#908,.T.);
#2241=EDGE_CURVE('',#1800,#1742,#909,.T.);
#2242=EDGE_CURVE('',#1801,#1800,#1576,.T.);
#2243=EDGE_CURVE('',#1801,#1743,#910,.T.);
#2244=EDGE_CURVE('',#1799,#1801,#911,.T.);
#2245=EDGE_CURVE('',#1802,#1803,#1577,.T.);
#2246=EDGE_CURVE('',#1802,#1737,#912,.T.);
#2247=EDGE_CURVE('',#1803,#1736,#913,.T.);
#2248=EDGE_CURVE('',#1804,#1802,#914,.T.);
#2249=EDGE_CURVE('',#1804,#1738,#915,.T.);
#2250=EDGE_CURVE('',#1805,#1804,#1578,.T.);
#2251=EDGE_CURVE('',#1805,#1739,#916,.T.);
#2252=EDGE_CURVE('',#1803,#1805,#917,.T.);
#2253=EDGE_CURVE('',#1806,#1807,#1579,.T.);
#2254=EDGE_CURVE('',#1806,#1733,#918,.T.);
#2255=EDGE_CURVE('',#1807,#1732,#919,.T.);
#2256=EDGE_CURVE('',#1808,#1806,#920,.T.);
#2257=EDGE_CURVE('',#1808,#1734,#921,.T.);
#2258=EDGE_CURVE('',#1809,#1808,#1580,.T.);
#2259=EDGE_CURVE('',#1809,#1735,#922,.T.);
#2260=EDGE_CURVE('',#1807,#1809,#923,.T.);
#2261=EDGE_CURVE('',#1810,#1811,#1581,.T.);
#2262=EDGE_CURVE('',#1810,#1729,#924,.T.);
#2263=EDGE_CURVE('',#1811,#1728,#925,.T.);
#2264=EDGE_CURVE('',#1812,#1810,#926,.T.);
#2265=EDGE_CURVE('',#1812,#1730,#927,.T.);
#2266=EDGE_CURVE('',#1813,#1812,#1582,.T.);
#2267=EDGE_CURVE('',#1813,#1731,#928,.T.);
#2268=EDGE_CURVE('',#1811,#1813,#929,.T.);
#2269=EDGE_CURVE('',#1814,#1815,#1583,.T.);
#2270=EDGE_CURVE('',#1814,#1725,#930,.T.);
#2271=EDGE_CURVE('',#1815,#1724,#931,.T.);
#2272=EDGE_CURVE('',#1816,#1814,#932,.T.);
#2273=EDGE_CURVE('',#1816,#1726,#933,.T.);
#2274=EDGE_CURVE('',#1817,#1816,#1584,.T.);
#2275=EDGE_CURVE('',#1817,#1727,#934,.T.);
#2276=EDGE_CURVE('',#1815,#1817,#935,.T.);
#2277=EDGE_CURVE('',#1818,#1819,#1585,.T.);
#2278=EDGE_CURVE('',#1818,#1721,#936,.T.);
#2279=EDGE_CURVE('',#1819,#1720,#937,.T.);
#2280=EDGE_CURVE('',#1820,#1818,#938,.T.);
#2281=EDGE_CURVE('',#1820,#1722,#939,.T.);
#2282=EDGE_CURVE('',#1821,#1820,#1586,.T.);
#2283=EDGE_CURVE('',#1821,#1723,#940,.T.);
#2284=EDGE_CURVE('',#1819,#1821,#941,.T.);
#2285=EDGE_CURVE('',#1822,#1823,#1587,.T.);
#2286=EDGE_CURVE('',#1822,#1717,#942,.T.);
#2287=EDGE_CURVE('',#1823,#1716,#943,.T.);
#2288=EDGE_CURVE('',#1824,#1822,#944,.T.);
#2289=EDGE_CURVE('',#1824,#1718,#945,.T.);
#2290=EDGE_CURVE('',#1825,#1824,#1588,.T.);
#2291=EDGE_CURVE('',#1825,#1719,#946,.T.);
#2292=EDGE_CURVE('',#1823,#1825,#947,.T.);
#2293=EDGE_CURVE('',#1826,#1827,#1589,.T.);
#2294=EDGE_CURVE('',#1826,#1713,#948,.T.);
#2295=EDGE_CURVE('',#1827,#1712,#949,.T.);
#2296=EDGE_CURVE('',#1828,#1826,#950,.T.);
#2297=EDGE_CURVE('',#1828,#1714,#951,.T.);
#2298=EDGE_CURVE('',#1829,#1828,#1590,.T.);
#2299=EDGE_CURVE('',#1829,#1715,#952,.T.);
#2300=EDGE_CURVE('',#1827,#1829,#953,.T.);
#2301=EDGE_CURVE('',#1830,#1831,#1591,.T.);
#2302=EDGE_CURVE('',#1830,#1709,#954,.T.);
#2303=EDGE_CURVE('',#1831,#1708,#955,.T.);
#2304=EDGE_CURVE('',#1832,#1830,#956,.T.);
#2305=EDGE_CURVE('',#1832,#1710,#957,.T.);
#2306=EDGE_CURVE('',#1833,#1832,#1592,.T.);
#2307=EDGE_CURVE('',#1833,#1711,#958,.T.);
#2308=EDGE_CURVE('',#1831,#1833,#959,.T.);
#2309=EDGE_CURVE('',#1834,#1835,#1593,.T.);
#2310=EDGE_CURVE('',#1834,#1705,#960,.T.);
#2311=EDGE_CURVE('',#1835,#1704,#961,.T.);
#2312=EDGE_CURVE('',#1836,#1834,#962,.T.);
#2313=EDGE_CURVE('',#1836,#1706,#963,.T.);
#2314=EDGE_CURVE('',#1837,#1836,#1594,.T.);
#2315=EDGE_CURVE('',#1837,#1707,#964,.T.);
#2316=EDGE_CURVE('',#1835,#1837,#965,.T.);
#2317=EDGE_CURVE('',#1838,#1839,#1595,.T.);
#2318=EDGE_CURVE('',#1838,#1701,#966,.T.);
#2319=EDGE_CURVE('',#1839,#1700,#967,.T.);
#2320=EDGE_CURVE('',#1840,#1838,#968,.T.);
#2321=EDGE_CURVE('',#1840,#1702,#969,.T.);
#2322=EDGE_CURVE('',#1841,#1840,#1596,.T.);
#2323=EDGE_CURVE('',#1841,#1703,#970,.T.);
#2324=EDGE_CURVE('',#1839,#1841,#971,.T.);
#2325=EDGE_CURVE('',#1842,#1843,#1597,.T.);
#2326=EDGE_CURVE('',#1842,#1697,#972,.T.);
#2327=EDGE_CURVE('',#1843,#1696,#973,.T.);
#2328=EDGE_CURVE('',#1844,#1842,#974,.T.);
#2329=EDGE_CURVE('',#1844,#1698,#975,.T.);
#2330=EDGE_CURVE('',#1845,#1844,#1598,.T.);
#2331=EDGE_CURVE('',#1845,#1699,#976,.T.);
#2332=EDGE_CURVE('',#1843,#1845,#977,.T.);
#2333=EDGE_CURVE('',#1846,#1847,#1599,.T.);
#2334=EDGE_CURVE('',#1846,#1693,#978,.T.);
#2335=EDGE_CURVE('',#1847,#1692,#979,.T.);
#2336=EDGE_CURVE('',#1848,#1846,#980,.T.);
#2337=EDGE_CURVE('',#1848,#1694,#981,.T.);
#2338=EDGE_CURVE('',#1849,#1848,#1600,.T.);
#2339=EDGE_CURVE('',#1849,#1695,#982,.T.);
#2340=EDGE_CURVE('',#1847,#1849,#983,.T.);
#2341=EDGE_CURVE('',#1850,#1851,#1601,.T.);
#2342=EDGE_CURVE('',#1850,#1689,#984,.T.);
#2343=EDGE_CURVE('',#1851,#1688,#985,.T.);
#2344=EDGE_CURVE('',#1852,#1850,#986,.T.);
#2345=EDGE_CURVE('',#1852,#1690,#987,.T.);
#2346=EDGE_CURVE('',#1853,#1852,#1602,.T.);
#2347=EDGE_CURVE('',#1853,#1691,#988,.T.);
#2348=EDGE_CURVE('',#1851,#1853,#989,.T.);
#2349=EDGE_CURVE('',#1754,#1762,#990,.T.);
#2350=EDGE_CURVE('',#1854,#1754,#1603,.T.);
#2351=EDGE_CURVE('',#1854,#1855,#991,.T.);
#2352=EDGE_CURVE('',#1855,#1762,#1604,.T.);
#2353=EDGE_CURVE('',#1753,#1856,#1605,.T.);
#2354=EDGE_CURVE('',#1856,#1854,#992,.T.);
#2355=EDGE_CURVE('',#1857,#1856,#993,.T.);
#2356=EDGE_CURVE('',#1858,#1857,#994,.T.);
#2357=EDGE_CURVE('',#1858,#1859,#995,.T.);
#2358=EDGE_CURVE('',#1856,#1859,#996,.T.);
#2359=EDGE_CURVE('',#1760,#1752,#997,.T.);
#2360=EDGE_CURVE('',#1855,#1857,#998,.T.);
#2361=EDGE_CURVE('',#1860,#1855,#999,.T.);
#2362=EDGE_CURVE('',#1860,#1858,#1000,.T.);
#2363=EDGE_CURVE('',#1857,#1757,#1606,.T.);
#2364=EDGE_CURVE('',#1861,#1860,#1001,.T.);
#2365=EDGE_CURVE('',#1862,#1861,#1607,.T.);
#2366=EDGE_CURVE('',#1862,#1863,#1002,.T.);
#2367=EDGE_CURVE('',#1863,#1860,#1608,.T.);
#2368=EDGE_CURVE('',#1859,#1861,#1003,.T.);
#2369=EDGE_CURVE('',#1859,#1686,#1609,.T.);
#2370=EDGE_CURVE('',#1686,#1862,#1004,.T.);
#2371=EDGE_CURVE('',#1861,#1854,#1005,.T.);
#2372=EDGE_CURVE('',#1863,#1687,#1006,.T.);
#2373=EDGE_CURVE('',#1682,#1863,#1007,.T.);
#2374=EDGE_CURVE('',#1687,#1858,#1610,.T.);
#2375=EDGE_CURVE('',#1685,#1779,#1008,.T.);
#2376=EDGE_CURVE('',#1685,#1769,#1611,.T.);
#2377=EDGE_CURVE('',#1769,#1776,#1009,.T.);
#2378=EDGE_CURVE('',#1779,#1862,#1010,.T.);
#2379=EDGE_CURVE('',#1864,#1865,#1011,.T.);
#2380=EDGE_CURVE('',#1865,#1866,#95,.T.);
#2381=EDGE_CURVE('',#1866,#1867,#1612,.T.);
#2382=EDGE_CURVE('',#1867,#1864,#96,.F.);
#2383=EDGE_CURVE('',#1868,#1869,#1012,.T.);
#2384=EDGE_CURVE('',#1869,#1865,#97,.T.);
#2385=EDGE_CURVE('',#1864,#1868,#98,.F.);
#2386=EDGE_CURVE('',#1870,#1871,#1013,.T.);
#2387=EDGE_CURVE('',#1870,#1872,#99,.F.);
#2388=EDGE_CURVE('',#1872,#1873,#1613,.T.);
#2389=EDGE_CURVE('',#1873,#1871,#100,.T.);
#2390=EDGE_CURVE('',#1874,#1875,#1014,.T.);
#2391=EDGE_CURVE('',#1875,#1876,#1614,.T.);
#2392=EDGE_CURVE('',#1876,#1874,#101,.T.);
#2393=EDGE_CURVE('',#1877,#1878,#1015,.T.);
#2394=EDGE_CURVE('',#1879,#1878,#102,.T.);
#2395=EDGE_CURVE('',#1879,#1875,#1615,.T.);
#2396=EDGE_CURVE('',#1874,#1877,#103,.T.);
#2397=EDGE_CURVE('',#1880,#1881,#1016,.T.);
#2398=EDGE_CURVE('',#1880,#1882,#104,.T.);
#2399=EDGE_CURVE('',#1882,#1883,#1616,.T.);
#2400=EDGE_CURVE('',#1881,#1883,#105,.T.);
#2401=EDGE_CURVE('',#1878,#1881,#106,.T.);
#2402=EDGE_CURVE('',#1883,#1884,#38,.T.);
#2403=EDGE_CURVE('',#1884,#1866,#39,.T.);
#2404=EDGE_CURVE('',#1871,#1869,#107,.T.);
#2405=EDGE_CURVE('',#1873,#1879,#40,.T.);
#2406=EDGE_CURVE('',#1867,#1882,#41,.T.);
#2407=EDGE_CURVE('',#1877,#1880,#108,.T.);
#2408=EDGE_CURVE('',#1876,#1885,#42,.T.);
#2409=EDGE_CURVE('',#1885,#1872,#43,.T.);
#2410=EDGE_CURVE('',#1868,#1870,#109,.F.);
#2411=EDGE_CURVE('',#1886,#1886,#1617,.F.);
#2412=EDGE_CURVE('',#1887,#1887,#1618,.T.);
#2413=EDGE_CURVE('',#1888,#1888,#1619,.T.);
#2414=EDGE_CURVE('',#1889,#1889,#1620,.T.);
#2415=EDGE_CURVE('',#1890,#1890,#1621,.T.);
#2416=EDGE_CURVE('',#1891,#1891,#1622,.T.);
#2417=EDGE_CURVE('',#1892,#1893,#1623,.T.);
#2418=EDGE_CURVE('',#1893,#1892,#1624,.T.);
#2419=EDGE_CURVE('',#1892,#1890,#1017,.T.);
#2420=EDGE_CURVE('',#1894,#1894,#1625,.T.);
#2421=EDGE_CURVE('',#1894,#1889,#1018,.T.);
#2422=EDGE_CURVE('',#1895,#1896,#44,.T.);
#2423=EDGE_CURVE('',#1897,#1896,#110,.T.);
#2424=EDGE_CURVE('',#1898,#1897,#45,.T.);
#2425=EDGE_CURVE('',#1898,#1888,#1019,.T.);
#2426=EDGE_CURVE('',#1899,#1898,#46,.T.);
#2427=EDGE_CURVE('',#1900,#1899,#111,.T.);
#2428=EDGE_CURVE('',#1900,#1901,#47,.T.);
#2429=EDGE_CURVE('',#1902,#1901,#112,.T.);
#2430=EDGE_CURVE('',#1903,#1902,#48,.T.);
#2431=EDGE_CURVE('',#1904,#1903,#113,.T.);
#2432=EDGE_CURVE('',#1904,#1905,#49,.T.);
#2433=EDGE_CURVE('',#1906,#1905,#114,.T.);
#2434=EDGE_CURVE('',#1907,#1906,#50,.T.);
#2435=EDGE_CURVE('',#1908,#1907,#115,.T.);
#2436=EDGE_CURVE('',#1908,#1909,#51,.T.);
#2437=EDGE_CURVE('',#1910,#1909,#116,.T.);
#2438=EDGE_CURVE('',#1911,#1910,#52,.T.);
#2439=EDGE_CURVE('',#1912,#1911,#117,.T.);
#2440=EDGE_CURVE('',#1912,#1913,#53,.T.);
#2441=EDGE_CURVE('',#1914,#1913,#118,.T.);
#2442=EDGE_CURVE('',#1915,#1914,#54,.T.);
#2443=EDGE_CURVE('',#1916,#1915,#119,.T.);
#2444=EDGE_CURVE('',#1916,#1917,#55,.T.);
#2445=EDGE_CURVE('',#1918,#1917,#120,.T.);
#2446=EDGE_CURVE('',#1919,#1918,#56,.T.);
#2447=EDGE_CURVE('',#1920,#1919,#121,.T.);
#2448=EDGE_CURVE('',#1920,#1921,#57,.T.);
#2449=EDGE_CURVE('',#1922,#1921,#122,.T.);
#2450=EDGE_CURVE('',#1923,#1922,#58,.T.);
#2451=EDGE_CURVE('',#1924,#1923,#123,.T.);
#2452=EDGE_CURVE('',#1924,#1925,#59,.T.);
#2453=EDGE_CURVE('',#1926,#1925,#124,.T.);
#2454=EDGE_CURVE('',#1927,#1926,#60,.T.);
#2455=EDGE_CURVE('',#1928,#1927,#125,.T.);
#2456=EDGE_CURVE('',#1928,#1929,#61,.T.);
#2457=EDGE_CURVE('',#1930,#1929,#126,.T.);
#2458=EDGE_CURVE('',#1931,#1930,#62,.T.);
#2459=EDGE_CURVE('',#1932,#1931,#127,.T.);
#2460=EDGE_CURVE('',#1932,#1933,#63,.T.);
#2461=EDGE_CURVE('',#1934,#1933,#128,.T.);
#2462=EDGE_CURVE('',#1935,#1934,#64,.T.);
#2463=EDGE_CURVE('',#1936,#1935,#129,.T.);
#2464=EDGE_CURVE('',#1936,#1937,#65,.T.);
#2465=EDGE_CURVE('',#1938,#1937,#130,.T.);
#2466=EDGE_CURVE('',#1939,#1938,#66,.T.);
#2467=EDGE_CURVE('',#1940,#1939,#131,.T.);
#2468=EDGE_CURVE('',#1940,#1941,#67,.T.);
#2469=EDGE_CURVE('',#1942,#1941,#132,.T.);
#2470=EDGE_CURVE('',#1943,#1942,#68,.T.);
#2471=EDGE_CURVE('',#1944,#1943,#133,.T.);
#2472=EDGE_CURVE('',#1944,#1945,#69,.T.);
#2473=EDGE_CURVE('',#1946,#1945,#134,.T.);
#2474=EDGE_CURVE('',#1947,#1946,#70,.T.);
#2475=EDGE_CURVE('',#1948,#1947,#135,.T.);
#2476=EDGE_CURVE('',#1948,#1949,#71,.T.);
#2477=EDGE_CURVE('',#1950,#1949,#136,.T.);
#2478=EDGE_CURVE('',#1951,#1950,#72,.T.);
#2479=EDGE_CURVE('',#1952,#1951,#137,.T.);
#2480=EDGE_CURVE('',#1952,#1953,#73,.T.);
#2481=EDGE_CURVE('',#1954,#1953,#138,.T.);
#2482=EDGE_CURVE('',#1955,#1954,#74,.T.);
#2483=EDGE_CURVE('',#1956,#1955,#139,.T.);
#2484=EDGE_CURVE('',#1956,#1957,#75,.T.);
#2485=EDGE_CURVE('',#1958,#1957,#140,.T.);
#2486=EDGE_CURVE('',#1959,#1958,#76,.T.);
#2487=EDGE_CURVE('',#1960,#1959,#141,.T.);
#2488=EDGE_CURVE('',#1960,#1961,#77,.T.);
#2489=EDGE_CURVE('',#1962,#1961,#142,.T.);
#2490=EDGE_CURVE('',#1963,#1962,#78,.T.);
#2491=EDGE_CURVE('',#1964,#1963,#143,.T.);
#2492=EDGE_CURVE('',#1964,#1965,#79,.T.);
#2493=EDGE_CURVE('',#1966,#1965,#144,.T.);
#2494=EDGE_CURVE('',#1967,#1966,#80,.T.);
#2495=EDGE_CURVE('',#1968,#1967,#145,.T.);
#2496=EDGE_CURVE('',#1968,#1969,#81,.T.);
#2497=EDGE_CURVE('',#1970,#1969,#146,.T.);
#2498=EDGE_CURVE('',#1971,#1970,#82,.T.);
#2499=EDGE_CURVE('',#1972,#1971,#147,.T.);
#2500=EDGE_CURVE('',#1972,#1973,#83,.T.);
#2501=EDGE_CURVE('',#1974,#1973,#148,.T.);
#2502=EDGE_CURVE('',#1975,#1974,#84,.T.);
#2503=EDGE_CURVE('',#1976,#1975,#149,.T.);
#2504=EDGE_CURVE('',#1976,#1977,#85,.T.);
#2505=EDGE_CURVE('',#1978,#1977,#150,.T.);
#2506=EDGE_CURVE('',#1979,#1978,#86,.T.);
#2507=EDGE_CURVE('',#1980,#1979,#151,.T.);
#2508=EDGE_CURVE('',#1980,#1981,#87,.T.);
#2509=EDGE_CURVE('',#1982,#1981,#152,.T.);
#2510=EDGE_CURVE('',#1983,#1982,#88,.T.);
#2511=EDGE_CURVE('',#1984,#1983,#153,.T.);
#2512=EDGE_CURVE('',#1984,#1985,#89,.T.);
#2513=EDGE_CURVE('',#1986,#1985,#154,.T.);
#2514=EDGE_CURVE('',#1987,#1986,#90,.T.);
#2515=EDGE_CURVE('',#1988,#1987,#155,.T.);
#2516=EDGE_CURVE('',#1988,#1989,#91,.T.);
#2517=EDGE_CURVE('',#1990,#1989,#156,.T.);
#2518=EDGE_CURVE('',#1991,#1990,#92,.T.);
#2519=EDGE_CURVE('',#1895,#1991,#157,.T.);
#2520=EDGE_CURVE('',#1992,#1992,#1626,.F.);
#2521=EDGE_CURVE('',#1992,#1993,#1020,.T.);
#2522=EDGE_CURVE('',#1993,#1993,#1627,.T.);
#2523=EDGE_CURVE('',#1994,#1995,#1021,.T.);
#2524=EDGE_CURVE('',#1995,#1996,#1628,.T.);
#2525=EDGE_CURVE('',#1996,#1997,#1022,.T.);
#2526=EDGE_CURVE('',#1997,#1998,#1629,.F.);
#2527=EDGE_CURVE('',#1998,#1999,#1023,.T.);
#2528=EDGE_CURVE('',#1999,#2000,#1630,.T.);
#2529=EDGE_CURVE('',#2000,#2001,#1024,.T.);
#2530=EDGE_CURVE('',#2001,#2002,#1631,.F.);
#2531=EDGE_CURVE('',#2002,#2003,#1025,.T.);
#2532=EDGE_CURVE('',#2003,#2004,#1632,.T.);
#2533=EDGE_CURVE('',#2004,#2005,#1026,.T.);
#2534=EDGE_CURVE('',#2005,#2006,#1633,.F.);
#2535=EDGE_CURVE('',#2006,#2007,#1027,.T.);
#2536=EDGE_CURVE('',#2007,#2008,#1634,.T.);
#2537=EDGE_CURVE('',#2008,#2009,#1028,.T.);
#2538=EDGE_CURVE('',#2009,#2010,#1635,.F.);
#2539=EDGE_CURVE('',#2010,#2011,#1029,.T.);
#2540=EDGE_CURVE('',#2011,#2012,#1636,.T.);
#2541=EDGE_CURVE('',#2012,#2013,#1030,.T.);
#2542=EDGE_CURVE('',#2013,#2014,#1637,.F.);
#2543=EDGE_CURVE('',#2014,#2015,#1031,.T.);
#2544=EDGE_CURVE('',#2015,#2016,#1638,.T.);
#2545=EDGE_CURVE('',#2016,#2017,#1032,.T.);
#2546=EDGE_CURVE('',#2017,#2018,#1639,.F.);
#2547=EDGE_CURVE('',#2018,#2019,#1033,.T.);
#2548=EDGE_CURVE('',#2019,#2020,#1640,.T.);
#2549=EDGE_CURVE('',#2020,#2021,#1034,.T.);
#2550=EDGE_CURVE('',#2021,#2022,#1641,.F.);
#2551=EDGE_CURVE('',#2022,#2023,#1035,.T.);
#2552=EDGE_CURVE('',#2023,#2024,#1642,.T.);
#2553=EDGE_CURVE('',#2024,#2025,#1036,.T.);
#2554=EDGE_CURVE('',#2025,#2026,#1643,.F.);
#2555=EDGE_CURVE('',#2026,#2027,#1037,.T.);
#2556=EDGE_CURVE('',#2027,#2028,#1644,.T.);
#2557=EDGE_CURVE('',#2028,#2029,#1038,.T.);
#2558=EDGE_CURVE('',#2029,#2030,#1645,.F.);
#2559=EDGE_CURVE('',#2030,#2031,#1039,.T.);
#2560=EDGE_CURVE('',#2031,#2032,#1646,.T.);
#2561=EDGE_CURVE('',#2032,#2033,#1040,.T.);
#2562=EDGE_CURVE('',#2033,#2034,#1647,.F.);
#2563=EDGE_CURVE('',#2034,#2035,#1041,.T.);
#2564=EDGE_CURVE('',#2035,#2036,#1648,.T.);
#2565=EDGE_CURVE('',#2036,#2037,#1042,.T.);
#2566=EDGE_CURVE('',#2037,#2038,#1649,.F.);
#2567=EDGE_CURVE('',#2038,#2039,#1043,.T.);
#2568=EDGE_CURVE('',#2039,#2040,#1650,.T.);
#2569=EDGE_CURVE('',#2040,#2041,#1044,.T.);
#2570=EDGE_CURVE('',#2041,#2042,#1651,.F.);
#2571=EDGE_CURVE('',#2042,#2043,#1045,.T.);
#2572=EDGE_CURVE('',#2043,#2044,#1652,.T.);
#2573=EDGE_CURVE('',#2044,#2045,#1046,.T.);
#2574=EDGE_CURVE('',#2045,#2046,#1653,.F.);
#2575=EDGE_CURVE('',#2046,#2047,#1047,.T.);
#2576=EDGE_CURVE('',#2047,#2048,#1654,.T.);
#2577=EDGE_CURVE('',#2048,#2049,#1048,.T.);
#2578=EDGE_CURVE('',#2049,#2050,#1655,.F.);
#2579=EDGE_CURVE('',#2050,#2051,#1049,.T.);
#2580=EDGE_CURVE('',#2051,#2052,#1656,.T.);
#2581=EDGE_CURVE('',#2052,#2053,#1050,.T.);
#2582=EDGE_CURVE('',#2053,#2054,#1657,.F.);
#2583=EDGE_CURVE('',#2054,#2055,#1051,.T.);
#2584=EDGE_CURVE('',#2055,#2056,#1658,.T.);
#2585=EDGE_CURVE('',#2056,#2057,#1052,.T.);
#2586=EDGE_CURVE('',#2057,#2058,#1659,.F.);
#2587=EDGE_CURVE('',#2058,#2059,#1053,.T.);
#2588=EDGE_CURVE('',#2059,#2060,#1660,.T.);
#2589=EDGE_CURVE('',#2060,#2061,#1054,.T.);
#2590=EDGE_CURVE('',#2061,#2062,#1661,.F.);
#2591=EDGE_CURVE('',#2062,#2063,#1055,.T.);
#2592=EDGE_CURVE('',#2063,#2064,#1662,.T.);
#2593=EDGE_CURVE('',#2064,#2065,#1056,.T.);
#2594=EDGE_CURVE('',#2065,#2066,#1663,.F.);
#2595=EDGE_CURVE('',#2066,#2067,#1057,.T.);
#2596=EDGE_CURVE('',#2067,#2068,#1664,.T.);
#2597=EDGE_CURVE('',#2068,#2069,#1058,.T.);
#2598=EDGE_CURVE('',#2069,#2070,#1665,.F.);
#2599=EDGE_CURVE('',#2070,#2071,#1059,.T.);
#2600=EDGE_CURVE('',#2071,#2072,#1666,.T.);
#2601=EDGE_CURVE('',#2072,#2073,#1060,.T.);
#2602=EDGE_CURVE('',#2073,#2074,#1667,.F.);
#2603=EDGE_CURVE('',#2074,#2075,#1061,.T.);
#2604=EDGE_CURVE('',#2075,#2076,#1668,.T.);
#2605=EDGE_CURVE('',#2076,#2077,#1062,.T.);
#2606=EDGE_CURVE('',#2077,#2078,#1669,.F.);
#2607=EDGE_CURVE('',#2078,#2079,#1063,.T.);
#2608=EDGE_CURVE('',#2079,#2080,#1670,.T.);
#2609=EDGE_CURVE('',#2080,#2081,#1064,.T.);
#2610=EDGE_CURVE('',#2081,#2082,#1671,.F.);
#2611=EDGE_CURVE('',#2082,#2083,#1065,.T.);
#2612=EDGE_CURVE('',#2083,#2084,#1672,.T.);
#2613=EDGE_CURVE('',#2084,#2085,#1066,.T.);
#2614=EDGE_CURVE('',#2085,#2086,#1673,.F.);
#2615=EDGE_CURVE('',#2086,#2087,#1067,.T.);
#2616=EDGE_CURVE('',#2087,#2088,#1674,.T.);
#2617=EDGE_CURVE('',#2088,#2089,#1068,.T.);
#2618=EDGE_CURVE('',#2089,#1994,#1675,.F.);
#2619=EDGE_CURVE('',#2000,#1948,#1069,.T.);
#2620=EDGE_CURVE('',#1949,#1999,#1070,.F.);
#2621=EDGE_CURVE('',#1951,#1997,#1071,.F.);
#2622=EDGE_CURVE('',#1998,#1950,#1072,.T.);
#2623=EDGE_CURVE('',#1996,#1952,#1073,.F.);
#2624=EDGE_CURVE('',#1953,#1995,#1074,.T.);
#2625=EDGE_CURVE('',#1955,#2089,#1075,.F.);
#2626=EDGE_CURVE('',#1994,#1954,#1076,.T.);
#2627=EDGE_CURVE('',#2088,#1956,#1077,.F.);
#2628=EDGE_CURVE('',#1957,#2087,#1078,.T.);
#2629=EDGE_CURVE('',#1959,#2085,#1079,.F.);
#2630=EDGE_CURVE('',#2086,#1958,#1080,.T.);
#2631=EDGE_CURVE('',#2084,#1960,#1081,.F.);
#2632=EDGE_CURVE('',#1961,#2083,#1082,.T.);
#2633=EDGE_CURVE('',#1963,#2081,#1083,.F.);
#2634=EDGE_CURVE('',#2082,#1962,#1084,.T.);
#2635=EDGE_CURVE('',#2080,#1964,#1085,.F.);
#2636=EDGE_CURVE('',#1965,#2079,#1086,.T.);
#2637=EDGE_CURVE('',#1967,#2077,#1087,.F.);
#2638=EDGE_CURVE('',#2078,#1966,#1088,.T.);
#2639=EDGE_CURVE('',#2076,#1968,#1089,.F.);
#2640=EDGE_CURVE('',#1969,#2075,#1090,.T.);
#2641=EDGE_CURVE('',#1971,#2073,#1091,.F.);
#2642=EDGE_CURVE('',#2074,#1970,#1092,.T.);
#2643=EDGE_CURVE('',#2072,#1972,#1093,.F.);
#2644=EDGE_CURVE('',#1973,#2071,#1094,.T.);
#2645=EDGE_CURVE('',#1975,#2069,#1095,.F.);
#2646=EDGE_CURVE('',#2070,#1974,#1096,.T.);
#2647=EDGE_CURVE('',#2068,#1976,#1097,.F.);
#2648=EDGE_CURVE('',#1977,#2067,#1098,.T.);
#2649=EDGE_CURVE('',#1979,#2065,#1099,.F.);
#2650=EDGE_CURVE('',#2066,#1978,#1100,.T.);
#2651=EDGE_CURVE('',#2064,#1980,#1101,.F.);
#2652=EDGE_CURVE('',#1981,#2063,#1102,.T.);
#2653=EDGE_CURVE('',#1983,#2061,#1103,.F.);
#2654=EDGE_CURVE('',#2062,#1982,#1104,.T.);
#2655=EDGE_CURVE('',#2060,#1984,#1105,.F.);
#2656=EDGE_CURVE('',#1985,#2059,#1106,.T.);
#2657=EDGE_CURVE('',#1987,#2057,#1107,.F.);
#2658=EDGE_CURVE('',#2058,#1986,#1108,.T.);
#2659=EDGE_CURVE('',#2056,#1988,#1109,.F.);
#2660=EDGE_CURVE('',#1989,#2055,#1110,.T.);
#2661=EDGE_CURVE('',#1991,#2053,#1111,.F.);
#2662=EDGE_CURVE('',#2054,#1990,#1112,.T.);
#2663=EDGE_CURVE('',#2052,#1895,#1113,.F.);
#2664=EDGE_CURVE('',#1896,#2051,#1114,.T.);
#2665=EDGE_CURVE('',#1899,#2049,#1115,.F.);
#2666=EDGE_CURVE('',#2050,#1897,#1116,.T.);
#2667=EDGE_CURVE('',#2048,#1900,#1117,.F.);
#2668=EDGE_CURVE('',#1901,#2047,#1118,.T.);
#2669=EDGE_CURVE('',#1903,#2045,#1119,.F.);
#2670=EDGE_CURVE('',#2046,#1902,#1120,.T.);
#2671=EDGE_CURVE('',#2044,#1904,#1121,.F.);
#2672=EDGE_CURVE('',#1905,#2043,#1122,.T.);
#2673=EDGE_CURVE('',#1907,#2041,#1123,.F.);
#2674=EDGE_CURVE('',#2042,#1906,#1124,.T.);
#2675=EDGE_CURVE('',#2040,#1908,#1125,.F.);
#2676=EDGE_CURVE('',#1909,#2039,#1126,.T.);
#2677=EDGE_CURVE('',#1911,#2037,#1127,.F.);
#2678=EDGE_CURVE('',#2038,#1910,#1128,.T.);
#2679=EDGE_CURVE('',#2036,#1912,#1129,.F.);
#2680=EDGE_CURVE('',#1913,#2035,#1130,.T.);
#2681=EDGE_CURVE('',#1915,#2033,#1131,.F.);
#2682=EDGE_CURVE('',#2034,#1914,#1132,.T.);
#2683=EDGE_CURVE('',#2032,#1916,#1133,.F.);
#2684=EDGE_CURVE('',#1917,#2031,#1134,.T.);
#2685=EDGE_CURVE('',#1919,#2029,#1135,.F.);
#2686=EDGE_CURVE('',#2030,#1918,#1136,.T.);
#2687=EDGE_CURVE('',#2028,#1920,#1137,.F.);
#2688=EDGE_CURVE('',#1921,#2027,#1138,.T.);
#2689=EDGE_CURVE('',#1923,#2025,#1139,.F.);
#2690=EDGE_CURVE('',#2026,#1922,#1140,.T.);
#2691=EDGE_CURVE('',#2024,#1924,#1141,.F.);
#2692=EDGE_CURVE('',#1925,#2023,#1142,.T.);
#2693=EDGE_CURVE('',#1927,#2021,#1143,.F.);
#2694=EDGE_CURVE('',#2022,#1926,#1144,.T.);
#2695=EDGE_CURVE('',#2020,#1928,#1145,.F.);
#2696=EDGE_CURVE('',#1929,#2019,#1146,.T.);
#2697=EDGE_CURVE('',#1931,#2017,#1147,.F.);
#2698=EDGE_CURVE('',#2018,#1930,#1148,.T.);
#2699=EDGE_CURVE('',#2016,#1932,#1149,.F.);
#2700=EDGE_CURVE('',#1933,#2015,#1150,.T.);
#2701=EDGE_CURVE('',#1935,#2013,#1151,.F.);
#2702=EDGE_CURVE('',#2014,#1934,#1152,.T.);
#2703=EDGE_CURVE('',#2012,#1936,#1153,.F.);
#2704=EDGE_CURVE('',#1937,#2011,#1154,.T.);
#2705=EDGE_CURVE('',#1939,#2009,#1155,.F.);
#2706=EDGE_CURVE('',#2010,#1938,#1156,.T.);
#2707=EDGE_CURVE('',#2008,#1940,#1157,.F.);
#2708=EDGE_CURVE('',#1941,#2007,#1158,.T.);
#2709=EDGE_CURVE('',#1943,#2005,#1159,.F.);
#2710=EDGE_CURVE('',#2006,#1942,#1160,.T.);
#2711=EDGE_CURVE('',#2004,#1944,#1161,.F.);
#2712=EDGE_CURVE('',#1945,#2003,#1162,.T.);
#2713=EDGE_CURVE('',#1947,#2001,#1163,.F.);
#2714=EDGE_CURVE('',#2002,#1946,#1164,.T.);
#2715=EDGE_CURVE('',#2090,#2091,#1676,.F.);
#2716=EDGE_CURVE('',#2091,#1886,#1165,.T.);
#2717=EDGE_CURVE('',#2091,#2090,#1677,.F.);
#2718=EDGE_CURVE('',#1893,#1894,#1678,.T.);
#2719=EDGE_CURVE('',#2090,#1992,#1679,.T.);
#2720=EDGE_CURVE('',#1885,#1891,#1166,.T.);
#2721=EDGE_CURVE('',#1884,#1887,#1167,.T.);
#2722=ORIENTED_EDGE('',*,*,#2092,.T.);
#2723=ORIENTED_EDGE('',*,*,#2093,.T.);
#2724=ORIENTED_EDGE('',*,*,#2094,.T.);
#2725=ORIENTED_EDGE('',*,*,#2095,.T.);
#2726=ORIENTED_EDGE('',*,*,#2092,.F.);
#2727=ORIENTED_EDGE('',*,*,#2096,.T.);
#2728=ORIENTED_EDGE('',*,*,#2097,.T.);
#2729=ORIENTED_EDGE('',*,*,#2098,.F.);
#2730=ORIENTED_EDGE('',*,*,#2099,.F.);
#2731=ORIENTED_EDGE('',*,*,#2100,.F.);
#2732=ORIENTED_EDGE('',*,*,#2101,.T.);
#2733=ORIENTED_EDGE('',*,*,#2102,.T.);
#2734=ORIENTED_EDGE('',*,*,#2103,.T.);
#2735=ORIENTED_EDGE('',*,*,#2104,.T.);
#2736=ORIENTED_EDGE('',*,*,#2105,.T.);
#2737=ORIENTED_EDGE('',*,*,#2106,.T.);
#2738=ORIENTED_EDGE('',*,*,#2107,.T.);
#2739=ORIENTED_EDGE('',*,*,#2108,.T.);
#2740=ORIENTED_EDGE('',*,*,#2109,.T.);
#2741=ORIENTED_EDGE('',*,*,#2110,.T.);
#2742=ORIENTED_EDGE('',*,*,#2111,.T.);
#2743=ORIENTED_EDGE('',*,*,#2112,.T.);
#2744=ORIENTED_EDGE('',*,*,#2113,.T.);
#2745=ORIENTED_EDGE('',*,*,#2114,.T.);
#2746=ORIENTED_EDGE('',*,*,#2115,.T.);
#2747=ORIENTED_EDGE('',*,*,#2116,.T.);
#2748=ORIENTED_EDGE('',*,*,#2117,.T.);
#2749=ORIENTED_EDGE('',*,*,#2118,.T.);
#2750=ORIENTED_EDGE('',*,*,#2119,.T.);
#2751=ORIENTED_EDGE('',*,*,#2120,.T.);
#2752=ORIENTED_EDGE('',*,*,#2121,.T.);
#2753=ORIENTED_EDGE('',*,*,#2122,.T.);
#2754=ORIENTED_EDGE('',*,*,#2123,.T.);
#2755=ORIENTED_EDGE('',*,*,#2124,.T.);
#2756=ORIENTED_EDGE('',*,*,#2125,.T.);
#2757=ORIENTED_EDGE('',*,*,#2126,.T.);
#2758=ORIENTED_EDGE('',*,*,#2127,.T.);
#2759=ORIENTED_EDGE('',*,*,#2128,.T.);
#2760=ORIENTED_EDGE('',*,*,#2129,.T.);
#2761=ORIENTED_EDGE('',*,*,#2130,.T.);
#2762=ORIENTED_EDGE('',*,*,#2131,.T.);
#2763=ORIENTED_EDGE('',*,*,#2132,.T.);
#2764=ORIENTED_EDGE('',*,*,#2133,.T.);
#2765=ORIENTED_EDGE('',*,*,#2134,.T.);
#2766=ORIENTED_EDGE('',*,*,#2135,.T.);
#2767=ORIENTED_EDGE('',*,*,#2136,.T.);
#2768=ORIENTED_EDGE('',*,*,#2137,.T.);
#2769=ORIENTED_EDGE('',*,*,#2138,.T.);
#2770=ORIENTED_EDGE('',*,*,#2139,.T.);
#2771=ORIENTED_EDGE('',*,*,#2140,.T.);
#2772=ORIENTED_EDGE('',*,*,#2141,.T.);
#2773=ORIENTED_EDGE('',*,*,#2142,.T.);
#2774=ORIENTED_EDGE('',*,*,#2143,.T.);
#2775=ORIENTED_EDGE('',*,*,#2144,.T.);
#2776=ORIENTED_EDGE('',*,*,#2145,.T.);
#2777=ORIENTED_EDGE('',*,*,#2146,.T.);
#2778=ORIENTED_EDGE('',*,*,#2147,.T.);
#2779=ORIENTED_EDGE('',*,*,#2148,.T.);
#2780=ORIENTED_EDGE('',*,*,#2149,.T.);
#2781=ORIENTED_EDGE('',*,*,#2150,.T.);
#2782=ORIENTED_EDGE('',*,*,#2151,.T.);
#2783=ORIENTED_EDGE('',*,*,#2152,.T.);
#2784=ORIENTED_EDGE('',*,*,#2153,.T.);
#2785=ORIENTED_EDGE('',*,*,#2154,.T.);
#2786=ORIENTED_EDGE('',*,*,#2155,.T.);
#2787=ORIENTED_EDGE('',*,*,#2156,.T.);
#2788=ORIENTED_EDGE('',*,*,#2157,.T.);
#2789=ORIENTED_EDGE('',*,*,#2158,.T.);
#2790=ORIENTED_EDGE('',*,*,#2159,.T.);
#2791=ORIENTED_EDGE('',*,*,#2160,.T.);
#2792=ORIENTED_EDGE('',*,*,#2095,.F.);
#2793=ORIENTED_EDGE('',*,*,#2161,.F.);
#2794=ORIENTED_EDGE('',*,*,#2162,.F.);
#2795=ORIENTED_EDGE('',*,*,#2096,.F.);
#2796=ORIENTED_EDGE('',*,*,#2163,.T.);
#2797=ORIENTED_EDGE('',*,*,#2164,.T.);
#2798=ORIENTED_EDGE('',*,*,#2165,.T.);
#2799=ORIENTED_EDGE('',*,*,#2166,.T.);
#2800=ORIENTED_EDGE('',*,*,#2164,.F.);
#2801=ORIENTED_EDGE('',*,*,#2167,.T.);
#2802=ORIENTED_EDGE('',*,*,#2168,.T.);
#2803=ORIENTED_EDGE('',*,*,#2169,.T.);
#2804=ORIENTED_EDGE('',*,*,#2163,.F.);
#2805=ORIENTED_EDGE('',*,*,#2170,.F.);
#2806=ORIENTED_EDGE('',*,*,#2171,.F.);
#2807=ORIENTED_EDGE('',*,*,#2172,.F.);
#2808=ORIENTED_EDGE('',*,*,#2173,.T.);
#2809=ORIENTED_EDGE('',*,*,#2167,.F.);
#2810=ORIENTED_EDGE('',*,*,#2174,.T.);
#2811=ORIENTED_EDGE('',*,*,#2175,.T.);
#2812=ORIENTED_EDGE('',*,*,#2171,.T.);
#2813=ORIENTED_EDGE('',*,*,#2176,.T.);
#2814=ORIENTED_EDGE('',*,*,#2177,.T.);
#2815=ORIENTED_EDGE('',*,*,#2178,.T.);
#2816=ORIENTED_EDGE('',*,*,#2178,.F.);
#2817=ORIENTED_EDGE('',*,*,#2179,.F.);
#2818=ORIENTED_EDGE('',*,*,#2180,.T.);
#2819=ORIENTED_EDGE('',*,*,#2172,.T.);
#2820=ORIENTED_EDGE('',*,*,#2181,.T.);
#2821=ORIENTED_EDGE('',*,*,#2182,.T.);
#2822=ORIENTED_EDGE('',*,*,#2183,.T.);
#2823=ORIENTED_EDGE('',*,*,#2184,.T.);
#2824=ORIENTED_EDGE('',*,*,#2183,.F.);
#2825=ORIENTED_EDGE('',*,*,#2185,.F.);
#2826=ORIENTED_EDGE('',*,*,#2186,.F.);
#2827=ORIENTED_EDGE('',*,*,#2187,.F.);
#2828=ORIENTED_EDGE('',*,*,#2188,.F.);
#2829=ORIENTED_EDGE('',*,*,#2189,.T.);
#2830=ORIENTED_EDGE('',*,*,#2190,.T.);
#2831=ORIENTED_EDGE('',*,*,#2191,.T.);
#2832=ORIENTED_EDGE('',*,*,#2182,.F.);
#2833=ORIENTED_EDGE('',*,*,#2192,.T.);
#2834=ORIENTED_EDGE('',*,*,#2193,.F.);
#2835=ORIENTED_EDGE('',*,*,#2185,.T.);
#2836=ORIENTED_EDGE('',*,*,#2186,.T.);
#2837=ORIENTED_EDGE('',*,*,#2193,.T.);
#2838=ORIENTED_EDGE('',*,*,#2194,.T.);
#2839=ORIENTED_EDGE('',*,*,#2195,.T.);
#2840=ORIENTED_EDGE('',*,*,#2184,.F.);
#2841=ORIENTED_EDGE('',*,*,#2189,.F.);
#2842=ORIENTED_EDGE('',*,*,#2196,.F.);
#2843=ORIENTED_EDGE('',*,*,#2162,.T.);
#2844=ORIENTED_EDGE('',*,*,#2197,.F.);
#2845=ORIENTED_EDGE('',*,*,#2198,.F.);
#2846=ORIENTED_EDGE('',*,*,#2181,.F.);
#2847=ORIENTED_EDGE('',*,*,#2198,.T.);
#2848=ORIENTED_EDGE('',*,*,#2199,.F.);
#2849=ORIENTED_EDGE('',*,*,#2200,.F.);
#2850=ORIENTED_EDGE('',*,*,#2194,.F.);
#2851=ORIENTED_EDGE('',*,*,#2192,.F.);
#2852=ORIENTED_EDGE('',*,*,#2201,.T.);
#2853=ORIENTED_EDGE('',*,*,#2202,.T.);
#2854=ORIENTED_EDGE('',*,*,#2197,.T.);
#2855=ORIENTED_EDGE('',*,*,#2203,.F.);
#2856=ORIENTED_EDGE('',*,*,#2204,.F.);
#2857=ORIENTED_EDGE('',*,*,#2199,.T.);
#2858=ORIENTED_EDGE('',*,*,#2202,.F.);
#2859=ORIENTED_EDGE('',*,*,#2205,.T.);
#2860=ORIENTED_EDGE('',*,*,#2191,.F.);
#2861=ORIENTED_EDGE('',*,*,#2205,.F.);
#2862=ORIENTED_EDGE('',*,*,#2201,.F.);
#2863=ORIENTED_EDGE('',*,*,#2206,.T.);
#2864=ORIENTED_EDGE('',*,*,#2190,.F.);
#2865=ORIENTED_EDGE('',*,*,#2206,.F.);
#2866=ORIENTED_EDGE('',*,*,#2207,.F.);
#2867=ORIENTED_EDGE('',*,*,#2208,.T.);
#2868=ORIENTED_EDGE('',*,*,#2174,.F.);
#2869=ORIENTED_EDGE('',*,*,#2208,.F.);
#2870=ORIENTED_EDGE('',*,*,#2209,.F.);
#2871=ORIENTED_EDGE('',*,*,#2210,.T.);
#2872=ORIENTED_EDGE('',*,*,#2175,.F.);
#2873=ORIENTED_EDGE('',*,*,#2210,.F.);
#2874=ORIENTED_EDGE('',*,*,#2211,.F.);
#2875=ORIENTED_EDGE('',*,*,#2212,.T.);
#2876=ORIENTED_EDGE('',*,*,#2213,.F.);
#2877=ORIENTED_EDGE('',*,*,#2212,.F.);
#2878=ORIENTED_EDGE('',*,*,#2214,.F.);
#2879=ORIENTED_EDGE('',*,*,#2215,.T.);
#2880=ORIENTED_EDGE('',*,*,#2216,.F.);
#2881=ORIENTED_EDGE('',*,*,#2215,.F.);
#2882=ORIENTED_EDGE('',*,*,#2217,.F.);
#2883=ORIENTED_EDGE('',*,*,#2218,.T.);
#2884=ORIENTED_EDGE('',*,*,#2219,.F.);
#2885=ORIENTED_EDGE('',*,*,#2218,.F.);
#2886=ORIENTED_EDGE('',*,*,#2220,.F.);
#2887=ORIENTED_EDGE('',*,*,#2221,.T.);
#2888=ORIENTED_EDGE('',*,*,#2222,.F.);
#2889=ORIENTED_EDGE('',*,*,#2221,.F.);
#2890=ORIENTED_EDGE('',*,*,#2223,.F.);
#2891=ORIENTED_EDGE('',*,*,#2224,.T.);
#2892=ORIENTED_EDGE('',*,*,#2225,.F.);
#2893=ORIENTED_EDGE('',*,*,#2224,.F.);
#2894=ORIENTED_EDGE('',*,*,#2226,.F.);
#2895=ORIENTED_EDGE('',*,*,#2227,.T.);
#2896=ORIENTED_EDGE('',*,*,#2228,.F.);
#2897=ORIENTED_EDGE('',*,*,#2227,.F.);
#2898=ORIENTED_EDGE('',*,*,#2229,.F.);
#2899=ORIENTED_EDGE('',*,*,#2230,.T.);
#2900=ORIENTED_EDGE('',*,*,#2157,.F.);
#2901=ORIENTED_EDGE('',*,*,#2231,.F.);
#2902=ORIENTED_EDGE('',*,*,#2232,.F.);
#2903=ORIENTED_EDGE('',*,*,#2233,.T.);
#2904=ORIENTED_EDGE('',*,*,#2158,.F.);
#2905=ORIENTED_EDGE('',*,*,#2230,.F.);
#2906=ORIENTED_EDGE('',*,*,#2234,.F.);
#2907=ORIENTED_EDGE('',*,*,#2235,.T.);
#2908=ORIENTED_EDGE('',*,*,#2159,.F.);
#2909=ORIENTED_EDGE('',*,*,#2233,.F.);
#2910=ORIENTED_EDGE('',*,*,#2236,.F.);
#2911=ORIENTED_EDGE('',*,*,#2231,.T.);
#2912=ORIENTED_EDGE('',*,*,#2160,.F.);
#2913=ORIENTED_EDGE('',*,*,#2235,.F.);
#2914=ORIENTED_EDGE('',*,*,#2237,.F.);
#2915=ORIENTED_EDGE('',*,*,#2238,.T.);
#2916=ORIENTED_EDGE('',*,*,#2153,.F.);
#2917=ORIENTED_EDGE('',*,*,#2239,.F.);
#2918=ORIENTED_EDGE('',*,*,#2240,.F.);
#2919=ORIENTED_EDGE('',*,*,#2241,.T.);
#2920=ORIENTED_EDGE('',*,*,#2154,.F.);
#2921=ORIENTED_EDGE('',*,*,#2238,.F.);
#2922=ORIENTED_EDGE('',*,*,#2242,.F.);
#2923=ORIENTED_EDGE('',*,*,#2243,.T.);
#2924=ORIENTED_EDGE('',*,*,#2155,.F.);
#2925=ORIENTED_EDGE('',*,*,#2241,.F.);
#2926=ORIENTED_EDGE('',*,*,#2244,.F.);
#2927=ORIENTED_EDGE('',*,*,#2239,.T.);
#2928=ORIENTED_EDGE('',*,*,#2156,.F.);
#2929=ORIENTED_EDGE('',*,*,#2243,.F.);
#2930=ORIENTED_EDGE('',*,*,#2245,.F.);
#2931=ORIENTED_EDGE('',*,*,#2246,.T.);
#2932=ORIENTED_EDGE('',*,*,#2149,.F.);
#2933=ORIENTED_EDGE('',*,*,#2247,.F.);
#2934=ORIENTED_EDGE('',*,*,#2248,.F.);
#2935=ORIENTED_EDGE('',*,*,#2249,.T.);
#2936=ORIENTED_EDGE('',*,*,#2150,.F.);
#2937=ORIENTED_EDGE('',*,*,#2246,.F.);
#2938=ORIENTED_EDGE('',*,*,#2250,.F.);
#2939=ORIENTED_EDGE('',*,*,#2251,.T.);
#2940=ORIENTED_EDGE('',*,*,#2151,.F.);
#2941=ORIENTED_EDGE('',*,*,#2249,.F.);
#2942=ORIENTED_EDGE('',*,*,#2252,.F.);
#2943=ORIENTED_EDGE('',*,*,#2247,.T.);
#2944=ORIENTED_EDGE('',*,*,#2152,.F.);
#2945=ORIENTED_EDGE('',*,*,#2251,.F.);
#2946=ORIENTED_EDGE('',*,*,#2253,.F.);
#2947=ORIENTED_EDGE('',*,*,#2254,.T.);
#2948=ORIENTED_EDGE('',*,*,#2145,.F.);
#2949=ORIENTED_EDGE('',*,*,#2255,.F.);
#2950=ORIENTED_EDGE('',*,*,#2256,.F.);
#2951=ORIENTED_EDGE('',*,*,#2257,.T.);
#2952=ORIENTED_EDGE('',*,*,#2146,.F.);
#2953=ORIENTED_EDGE('',*,*,#2254,.F.);
#2954=ORIENTED_EDGE('',*,*,#2258,.F.);
#2955=ORIENTED_EDGE('',*,*,#2259,.T.);
#2956=ORIENTED_EDGE('',*,*,#2147,.F.);
#2957=ORIENTED_EDGE('',*,*,#2257,.F.);
#2958=ORIENTED_EDGE('',*,*,#2260,.F.);
#2959=ORIENTED_EDGE('',*,*,#2255,.T.);
#2960=ORIENTED_EDGE('',*,*,#2148,.F.);
#2961=ORIENTED_EDGE('',*,*,#2259,.F.);
#2962=ORIENTED_EDGE('',*,*,#2261,.F.);
#2963=ORIENTED_EDGE('',*,*,#2262,.T.);
#2964=ORIENTED_EDGE('',*,*,#2141,.F.);
#2965=ORIENTED_EDGE('',*,*,#2263,.F.);
#2966=ORIENTED_EDGE('',*,*,#2264,.F.);
#2967=ORIENTED_EDGE('',*,*,#2265,.T.);
#2968=ORIENTED_EDGE('',*,*,#2142,.F.);
#2969=ORIENTED_EDGE('',*,*,#2262,.F.);
#2970=ORIENTED_EDGE('',*,*,#2266,.F.);
#2971=ORIENTED_EDGE('',*,*,#2267,.T.);
#2972=ORIENTED_EDGE('',*,*,#2143,.F.);
#2973=ORIENTED_EDGE('',*,*,#2265,.F.);
#2974=ORIENTED_EDGE('',*,*,#2268,.F.);
#2975=ORIENTED_EDGE('',*,*,#2263,.T.);
#2976=ORIENTED_EDGE('',*,*,#2144,.F.);
#2977=ORIENTED_EDGE('',*,*,#2267,.F.);
#2978=ORIENTED_EDGE('',*,*,#2269,.F.);
#2979=ORIENTED_EDGE('',*,*,#2270,.T.);
#2980=ORIENTED_EDGE('',*,*,#2137,.F.);
#2981=ORIENTED_EDGE('',*,*,#2271,.F.);
#2982=ORIENTED_EDGE('',*,*,#2272,.F.);
#2983=ORIENTED_EDGE('',*,*,#2273,.T.);
#2984=ORIENTED_EDGE('',*,*,#2138,.F.);
#2985=ORIENTED_EDGE('',*,*,#2270,.F.);
#2986=ORIENTED_EDGE('',*,*,#2274,.F.);
#2987=ORIENTED_EDGE('',*,*,#2275,.T.);
#2988=ORIENTED_EDGE('',*,*,#2139,.F.);
#2989=ORIENTED_EDGE('',*,*,#2273,.F.);
#2990=ORIENTED_EDGE('',*,*,#2276,.F.);
#2991=ORIENTED_EDGE('',*,*,#2271,.T.);
#2992=ORIENTED_EDGE('',*,*,#2140,.F.);
#2993=ORIENTED_EDGE('',*,*,#2275,.F.);
#2994=ORIENTED_EDGE('',*,*,#2277,.F.);
#2995=ORIENTED_EDGE('',*,*,#2278,.T.);
#2996=ORIENTED_EDGE('',*,*,#2133,.F.);
#2997=ORIENTED_EDGE('',*,*,#2279,.F.);
#2998=ORIENTED_EDGE('',*,*,#2280,.F.);
#2999=ORIENTED_EDGE('',*,*,#2281,.T.);
#3000=ORIENTED_EDGE('',*,*,#2134,.F.);
#3001=ORIENTED_EDGE('',*,*,#2278,.F.);
#3002=ORIENTED_EDGE('',*,*,#2282,.F.);
#3003=ORIENTED_EDGE('',*,*,#2283,.T.);
#3004=ORIENTED_EDGE('',*,*,#2135,.F.);
#3005=ORIENTED_EDGE('',*,*,#2281,.F.);
#3006=ORIENTED_EDGE('',*,*,#2284,.F.);
#3007=ORIENTED_EDGE('',*,*,#2279,.T.);
#3008=ORIENTED_EDGE('',*,*,#2136,.F.);
#3009=ORIENTED_EDGE('',*,*,#2283,.F.);
#3010=ORIENTED_EDGE('',*,*,#2285,.F.);
#3011=ORIENTED_EDGE('',*,*,#2286,.T.);
#3012=ORIENTED_EDGE('',*,*,#2129,.F.);
#3013=ORIENTED_EDGE('',*,*,#2287,.F.);
#3014=ORIENTED_EDGE('',*,*,#2288,.F.);
#3015=ORIENTED_EDGE('',*,*,#2289,.T.);
#3016=ORIENTED_EDGE('',*,*,#2130,.F.);
#3017=ORIENTED_EDGE('',*,*,#2286,.F.);
#3018=ORIENTED_EDGE('',*,*,#2290,.F.);
#3019=ORIENTED_EDGE('',*,*,#2291,.T.);
#3020=ORIENTED_EDGE('',*,*,#2131,.F.);
#3021=ORIENTED_EDGE('',*,*,#2289,.F.);
#3022=ORIENTED_EDGE('',*,*,#2292,.F.);
#3023=ORIENTED_EDGE('',*,*,#2287,.T.);
#3024=ORIENTED_EDGE('',*,*,#2132,.F.);
#3025=ORIENTED_EDGE('',*,*,#2291,.F.);
#3026=ORIENTED_EDGE('',*,*,#2293,.F.);
#3027=ORIENTED_EDGE('',*,*,#2294,.T.);
#3028=ORIENTED_EDGE('',*,*,#2125,.F.);
#3029=ORIENTED_EDGE('',*,*,#2295,.F.);
#3030=ORIENTED_EDGE('',*,*,#2296,.F.);
#3031=ORIENTED_EDGE('',*,*,#2297,.T.);
#3032=ORIENTED_EDGE('',*,*,#2126,.F.);
#3033=ORIENTED_EDGE('',*,*,#2294,.F.);
#3034=ORIENTED_EDGE('',*,*,#2298,.F.);
#3035=ORIENTED_EDGE('',*,*,#2299,.T.);
#3036=ORIENTED_EDGE('',*,*,#2127,.F.);
#3037=ORIENTED_EDGE('',*,*,#2297,.F.);
#3038=ORIENTED_EDGE('',*,*,#2300,.F.);
#3039=ORIENTED_EDGE('',*,*,#2295,.T.);
#3040=ORIENTED_EDGE('',*,*,#2128,.F.);
#3041=ORIENTED_EDGE('',*,*,#2299,.F.);
#3042=ORIENTED_EDGE('',*,*,#2301,.F.);
#3043=ORIENTED_EDGE('',*,*,#2302,.T.);
#3044=ORIENTED_EDGE('',*,*,#2121,.F.);
#3045=ORIENTED_EDGE('',*,*,#2303,.F.);
#3046=ORIENTED_EDGE('',*,*,#2304,.F.);
#3047=ORIENTED_EDGE('',*,*,#2305,.T.);
#3048=ORIENTED_EDGE('',*,*,#2122,.F.);
#3049=ORIENTED_EDGE('',*,*,#2302,.F.);
#3050=ORIENTED_EDGE('',*,*,#2306,.F.);
#3051=ORIENTED_EDGE('',*,*,#2307,.T.);
#3052=ORIENTED_EDGE('',*,*,#2123,.F.);
#3053=ORIENTED_EDGE('',*,*,#2305,.F.);
#3054=ORIENTED_EDGE('',*,*,#2308,.F.);
#3055=ORIENTED_EDGE('',*,*,#2303,.T.);
#3056=ORIENTED_EDGE('',*,*,#2124,.F.);
#3057=ORIENTED_EDGE('',*,*,#2307,.F.);
#3058=ORIENTED_EDGE('',*,*,#2309,.F.);
#3059=ORIENTED_EDGE('',*,*,#2310,.T.);
#3060=ORIENTED_EDGE('',*,*,#2117,.F.);
#3061=ORIENTED_EDGE('',*,*,#2311,.F.);
#3062=ORIENTED_EDGE('',*,*,#2312,.F.);
#3063=ORIENTED_EDGE('',*,*,#2313,.T.);
#3064=ORIENTED_EDGE('',*,*,#2118,.F.);
#3065=ORIENTED_EDGE('',*,*,#2310,.F.);
#3066=ORIENTED_EDGE('',*,*,#2314,.F.);
#3067=ORIENTED_EDGE('',*,*,#2315,.T.);
#3068=ORIENTED_EDGE('',*,*,#2119,.F.);
#3069=ORIENTED_EDGE('',*,*,#2313,.F.);
#3070=ORIENTED_EDGE('',*,*,#2316,.F.);
#3071=ORIENTED_EDGE('',*,*,#2311,.T.);
#3072=ORIENTED_EDGE('',*,*,#2120,.F.);
#3073=ORIENTED_EDGE('',*,*,#2315,.F.);
#3074=ORIENTED_EDGE('',*,*,#2317,.F.);
#3075=ORIENTED_EDGE('',*,*,#2318,.T.);
#3076=ORIENTED_EDGE('',*,*,#2113,.F.);
#3077=ORIENTED_EDGE('',*,*,#2319,.F.);
#3078=ORIENTED_EDGE('',*,*,#2320,.F.);
#3079=ORIENTED_EDGE('',*,*,#2321,.T.);
#3080=ORIENTED_EDGE('',*,*,#2114,.F.);
#3081=ORIENTED_EDGE('',*,*,#2318,.F.);
#3082=ORIENTED_EDGE('',*,*,#2322,.F.);
#3083=ORIENTED_EDGE('',*,*,#2323,.T.);
#3084=ORIENTED_EDGE('',*,*,#2115,.F.);
#3085=ORIENTED_EDGE('',*,*,#2321,.F.);
#3086=ORIENTED_EDGE('',*,*,#2324,.F.);
#3087=ORIENTED_EDGE('',*,*,#2319,.T.);
#3088=ORIENTED_EDGE('',*,*,#2116,.F.);
#3089=ORIENTED_EDGE('',*,*,#2323,.F.);
#3090=ORIENTED_EDGE('',*,*,#2325,.F.);
#3091=ORIENTED_EDGE('',*,*,#2326,.T.);
#3092=ORIENTED_EDGE('',*,*,#2109,.F.);
#3093=ORIENTED_EDGE('',*,*,#2327,.F.);
#3094=ORIENTED_EDGE('',*,*,#2328,.F.);
#3095=ORIENTED_EDGE('',*,*,#2329,.T.);
#3096=ORIENTED_EDGE('',*,*,#2110,.F.);
#3097=ORIENTED_EDGE('',*,*,#2326,.F.);
#3098=ORIENTED_EDGE('',*,*,#2330,.F.);
#3099=ORIENTED_EDGE('',*,*,#2331,.T.);
#3100=ORIENTED_EDGE('',*,*,#2111,.F.);
#3101=ORIENTED_EDGE('',*,*,#2329,.F.);
#3102=ORIENTED_EDGE('',*,*,#2332,.F.);
#3103=ORIENTED_EDGE('',*,*,#2327,.T.);
#3104=ORIENTED_EDGE('',*,*,#2112,.F.);
#3105=ORIENTED_EDGE('',*,*,#2331,.F.);
#3106=ORIENTED_EDGE('',*,*,#2333,.F.);
#3107=ORIENTED_EDGE('',*,*,#2334,.T.);
#3108=ORIENTED_EDGE('',*,*,#2105,.F.);
#3109=ORIENTED_EDGE('',*,*,#2335,.F.);
#3110=ORIENTED_EDGE('',*,*,#2336,.F.);
#3111=ORIENTED_EDGE('',*,*,#2337,.T.);
#3112=ORIENTED_EDGE('',*,*,#2106,.F.);
#3113=ORIENTED_EDGE('',*,*,#2334,.F.);
#3114=ORIENTED_EDGE('',*,*,#2338,.F.);
#3115=ORIENTED_EDGE('',*,*,#2339,.T.);
#3116=ORIENTED_EDGE('',*,*,#2107,.F.);
#3117=ORIENTED_EDGE('',*,*,#2337,.F.);
#3118=ORIENTED_EDGE('',*,*,#2340,.F.);
#3119=ORIENTED_EDGE('',*,*,#2335,.T.);
#3120=ORIENTED_EDGE('',*,*,#2108,.F.);
#3121=ORIENTED_EDGE('',*,*,#2339,.F.);
#3122=ORIENTED_EDGE('',*,*,#2341,.F.);
#3123=ORIENTED_EDGE('',*,*,#2342,.T.);
#3124=ORIENTED_EDGE('',*,*,#2101,.F.);
#3125=ORIENTED_EDGE('',*,*,#2343,.F.);
#3126=ORIENTED_EDGE('',*,*,#2344,.F.);
#3127=ORIENTED_EDGE('',*,*,#2345,.T.);
#3128=ORIENTED_EDGE('',*,*,#2102,.F.);
#3129=ORIENTED_EDGE('',*,*,#2342,.F.);
#3130=ORIENTED_EDGE('',*,*,#2346,.F.);
#3131=ORIENTED_EDGE('',*,*,#2347,.T.);
#3132=ORIENTED_EDGE('',*,*,#2103,.F.);
#3133=ORIENTED_EDGE('',*,*,#2345,.F.);
#3134=ORIENTED_EDGE('',*,*,#2348,.F.);
#3135=ORIENTED_EDGE('',*,*,#2343,.T.);
#3136=ORIENTED_EDGE('',*,*,#2104,.F.);
#3137=ORIENTED_EDGE('',*,*,#2347,.F.);
#3138=ORIENTED_EDGE('',*,*,#2349,.F.);
#3139=ORIENTED_EDGE('',*,*,#2350,.F.);
#3140=ORIENTED_EDGE('',*,*,#2351,.T.);
#3141=ORIENTED_EDGE('',*,*,#2352,.T.);
#3142=ORIENTED_EDGE('',*,*,#2168,.F.);
#3143=ORIENTED_EDGE('',*,*,#2353,.T.);
#3144=ORIENTED_EDGE('',*,*,#2354,.T.);
#3145=ORIENTED_EDGE('',*,*,#2350,.T.);
#3146=ORIENTED_EDGE('',*,*,#2355,.F.);
#3147=ORIENTED_EDGE('',*,*,#2356,.F.);
#3148=ORIENTED_EDGE('',*,*,#2357,.T.);
#3149=ORIENTED_EDGE('',*,*,#2358,.F.);
#3150=ORIENTED_EDGE('',*,*,#2213,.T.);
#3151=ORIENTED_EDGE('',*,*,#2216,.T.);
#3152=ORIENTED_EDGE('',*,*,#2219,.T.);
#3153=ORIENTED_EDGE('',*,*,#2222,.T.);
#3154=ORIENTED_EDGE('',*,*,#2225,.T.);
#3155=ORIENTED_EDGE('',*,*,#2228,.T.);
#3156=ORIENTED_EDGE('',*,*,#2165,.F.);
#3157=ORIENTED_EDGE('',*,*,#2169,.F.);
#3158=ORIENTED_EDGE('',*,*,#2349,.T.);
#3159=ORIENTED_EDGE('',*,*,#2179,.T.);
#3160=ORIENTED_EDGE('',*,*,#2177,.F.);
#3161=ORIENTED_EDGE('',*,*,#2359,.T.);
#3162=ORIENTED_EDGE('',*,*,#2207,.T.);
#3163=ORIENTED_EDGE('',*,*,#2209,.T.);
#3164=ORIENTED_EDGE('',*,*,#2360,.F.);
#3165=ORIENTED_EDGE('',*,*,#2361,.F.);
#3166=ORIENTED_EDGE('',*,*,#2362,.T.);
#3167=ORIENTED_EDGE('',*,*,#2356,.T.);
#3168=ORIENTED_EDGE('',*,*,#2180,.F.);
#3169=ORIENTED_EDGE('',*,*,#2352,.F.);
#3170=ORIENTED_EDGE('',*,*,#2360,.T.);
#3171=ORIENTED_EDGE('',*,*,#2363,.T.);
#3172=ORIENTED_EDGE('',*,*,#2364,.F.);
#3173=ORIENTED_EDGE('',*,*,#2365,.F.);
#3174=ORIENTED_EDGE('',*,*,#2366,.T.);
#3175=ORIENTED_EDGE('',*,*,#2367,.T.);
#3176=ORIENTED_EDGE('',*,*,#2173,.F.);
#3177=ORIENTED_EDGE('',*,*,#2363,.F.);
#3178=ORIENTED_EDGE('',*,*,#2355,.T.);
#3179=ORIENTED_EDGE('',*,*,#2353,.F.);
#3180=ORIENTED_EDGE('',*,*,#2368,.F.);
#3181=ORIENTED_EDGE('',*,*,#2369,.T.);
#3182=ORIENTED_EDGE('',*,*,#2370,.T.);
#3183=ORIENTED_EDGE('',*,*,#2365,.T.);
#3184=ORIENTED_EDGE('',*,*,#2354,.F.);
#3185=ORIENTED_EDGE('',*,*,#2358,.T.);
#3186=ORIENTED_EDGE('',*,*,#2368,.T.);
#3187=ORIENTED_EDGE('',*,*,#2371,.T.);
#3188=ORIENTED_EDGE('',*,*,#2351,.F.);
#3189=ORIENTED_EDGE('',*,*,#2371,.F.);
#3190=ORIENTED_EDGE('',*,*,#2364,.T.);
#3191=ORIENTED_EDGE('',*,*,#2361,.T.);
#3192=ORIENTED_EDGE('',*,*,#2211,.T.);
#3193=ORIENTED_EDGE('',*,*,#2214,.T.);
#3194=ORIENTED_EDGE('',*,*,#2217,.T.);
#3195=ORIENTED_EDGE('',*,*,#2220,.T.);
#3196=ORIENTED_EDGE('',*,*,#2223,.T.);
#3197=ORIENTED_EDGE('',*,*,#2226,.T.);
#3198=ORIENTED_EDGE('',*,*,#2093,.F.);
#3199=ORIENTED_EDGE('',*,*,#2100,.T.);
#3200=ORIENTED_EDGE('',*,*,#2372,.F.);
#3201=ORIENTED_EDGE('',*,*,#2373,.F.);
#3202=ORIENTED_EDGE('',*,*,#2362,.F.);
#3203=ORIENTED_EDGE('',*,*,#2367,.F.);
#3204=ORIENTED_EDGE('',*,*,#2372,.T.);
#3205=ORIENTED_EDGE('',*,*,#2374,.T.);
#3206=ORIENTED_EDGE('',*,*,#2357,.F.);
#3207=ORIENTED_EDGE('',*,*,#2374,.F.);
#3208=ORIENTED_EDGE('',*,*,#2099,.T.);
#3209=ORIENTED_EDGE('',*,*,#2369,.F.);
#3210=ORIENTED_EDGE('',*,*,#2375,.F.);
#3211=ORIENTED_EDGE('',*,*,#2376,.T.);
#3212=ORIENTED_EDGE('',*,*,#2377,.T.);
#3213=ORIENTED_EDGE('',*,*,#2204,.T.);
#3214=ORIENTED_EDGE('',*,*,#2370,.F.);
#3215=ORIENTED_EDGE('',*,*,#2098,.T.);
#3216=ORIENTED_EDGE('',*,*,#2375,.T.);
#3217=ORIENTED_EDGE('',*,*,#2378,.T.);
#3218=ORIENTED_EDGE('',*,*,#2094,.F.);
#3219=ORIENTED_EDGE('',*,*,#2373,.T.);
#3220=ORIENTED_EDGE('',*,*,#2366,.F.);
#3221=ORIENTED_EDGE('',*,*,#2378,.F.);
#3222=ORIENTED_EDGE('',*,*,#2203,.T.);
#3223=ORIENTED_EDGE('',*,*,#2161,.T.);
#3224=ORIENTED_EDGE('',*,*,#2229,.T.);
#3225=ORIENTED_EDGE('',*,*,#2236,.T.);
#3226=ORIENTED_EDGE('',*,*,#2234,.T.);
#3227=ORIENTED_EDGE('',*,*,#2232,.T.);
#3228=ORIENTED_EDGE('',*,*,#2237,.T.);
#3229=ORIENTED_EDGE('',*,*,#2244,.T.);
#3230=ORIENTED_EDGE('',*,*,#2242,.T.);
#3231=ORIENTED_EDGE('',*,*,#2240,.T.);
#3232=ORIENTED_EDGE('',*,*,#2245,.T.);
#3233=ORIENTED_EDGE('',*,*,#2252,.T.);
#3234=ORIENTED_EDGE('',*,*,#2250,.T.);
#3235=ORIENTED_EDGE('',*,*,#2248,.T.);
#3236=ORIENTED_EDGE('',*,*,#2253,.T.);
#3237=ORIENTED_EDGE('',*,*,#2260,.T.);
#3238=ORIENTED_EDGE('',*,*,#2258,.T.);
#3239=ORIENTED_EDGE('',*,*,#2256,.T.);
#3240=ORIENTED_EDGE('',*,*,#2261,.T.);
#3241=ORIENTED_EDGE('',*,*,#2268,.T.);
#3242=ORIENTED_EDGE('',*,*,#2266,.T.);
#3243=ORIENTED_EDGE('',*,*,#2264,.T.);
#3244=ORIENTED_EDGE('',*,*,#2269,.T.);
#3245=ORIENTED_EDGE('',*,*,#2276,.T.);
#3246=ORIENTED_EDGE('',*,*,#2274,.T.);
#3247=ORIENTED_EDGE('',*,*,#2272,.T.);
#3248=ORIENTED_EDGE('',*,*,#2277,.T.);
#3249=ORIENTED_EDGE('',*,*,#2284,.T.);
#3250=ORIENTED_EDGE('',*,*,#2282,.T.);
#3251=ORIENTED_EDGE('',*,*,#2280,.T.);
#3252=ORIENTED_EDGE('',*,*,#2285,.T.);
#3253=ORIENTED_EDGE('',*,*,#2292,.T.);
#3254=ORIENTED_EDGE('',*,*,#2290,.T.);
#3255=ORIENTED_EDGE('',*,*,#2288,.T.);
#3256=ORIENTED_EDGE('',*,*,#2293,.T.);
#3257=ORIENTED_EDGE('',*,*,#2300,.T.);
#3258=ORIENTED_EDGE('',*,*,#2298,.T.);
#3259=ORIENTED_EDGE('',*,*,#2296,.T.);
#3260=ORIENTED_EDGE('',*,*,#2301,.T.);
#3261=ORIENTED_EDGE('',*,*,#2308,.T.);
#3262=ORIENTED_EDGE('',*,*,#2306,.T.);
#3263=ORIENTED_EDGE('',*,*,#2304,.T.);
#3264=ORIENTED_EDGE('',*,*,#2309,.T.);
#3265=ORIENTED_EDGE('',*,*,#2316,.T.);
#3266=ORIENTED_EDGE('',*,*,#2314,.T.);
#3267=ORIENTED_EDGE('',*,*,#2312,.T.);
#3268=ORIENTED_EDGE('',*,*,#2317,.T.);
#3269=ORIENTED_EDGE('',*,*,#2324,.T.);
#3270=ORIENTED_EDGE('',*,*,#2322,.T.);
#3271=ORIENTED_EDGE('',*,*,#2320,.T.);
#3272=ORIENTED_EDGE('',*,*,#2325,.T.);
#3273=ORIENTED_EDGE('',*,*,#2332,.T.);
#3274=ORIENTED_EDGE('',*,*,#2330,.T.);
#3275=ORIENTED_EDGE('',*,*,#2328,.T.);
#3276=ORIENTED_EDGE('',*,*,#2333,.T.);
#3277=ORIENTED_EDGE('',*,*,#2340,.T.);
#3278=ORIENTED_EDGE('',*,*,#2338,.T.);
#3279=ORIENTED_EDGE('',*,*,#2336,.T.);
#3280=ORIENTED_EDGE('',*,*,#2341,.T.);
#3281=ORIENTED_EDGE('',*,*,#2348,.T.);
#3282=ORIENTED_EDGE('',*,*,#2346,.T.);
#3283=ORIENTED_EDGE('',*,*,#2344,.T.);
#3284=ORIENTED_EDGE('',*,*,#2195,.F.);
#3285=ORIENTED_EDGE('',*,*,#2200,.T.);
#3286=ORIENTED_EDGE('',*,*,#2377,.F.);
#3287=ORIENTED_EDGE('',*,*,#2187,.T.);
#3288=ORIENTED_EDGE('',*,*,#2166,.F.);
#3289=ORIENTED_EDGE('',*,*,#2359,.F.);
#3290=ORIENTED_EDGE('',*,*,#2176,.F.);
#3291=ORIENTED_EDGE('',*,*,#2170,.T.);
#3292=ORIENTED_EDGE('',*,*,#2196,.T.);
#3293=ORIENTED_EDGE('',*,*,#2188,.T.);
#3294=ORIENTED_EDGE('',*,*,#2376,.F.);
#3295=ORIENTED_EDGE('',*,*,#2097,.F.);
#3296=ORIENTED_EDGE('',*,*,#2379,.T.);
#3297=ORIENTED_EDGE('',*,*,#2380,.T.);
#3298=ORIENTED_EDGE('',*,*,#2381,.T.);
#3299=ORIENTED_EDGE('',*,*,#2382,.T.);
#3300=ORIENTED_EDGE('',*,*,#2383,.T.);
#3301=ORIENTED_EDGE('',*,*,#2384,.T.);
#3302=ORIENTED_EDGE('',*,*,#2379,.F.);
#3303=ORIENTED_EDGE('',*,*,#2385,.T.);
#3304=ORIENTED_EDGE('',*,*,#2386,.F.);
#3305=ORIENTED_EDGE('',*,*,#2387,.T.);
#3306=ORIENTED_EDGE('',*,*,#2388,.T.);
#3307=ORIENTED_EDGE('',*,*,#2389,.T.);
#3308=ORIENTED_EDGE('',*,*,#2390,.T.);
#3309=ORIENTED_EDGE('',*,*,#2391,.T.);
#3310=ORIENTED_EDGE('',*,*,#2392,.T.);
#3311=ORIENTED_EDGE('',*,*,#2393,.T.);
#3312=ORIENTED_EDGE('',*,*,#2394,.F.);
#3313=ORIENTED_EDGE('',*,*,#2395,.T.);
#3314=ORIENTED_EDGE('',*,*,#2390,.F.);
#3315=ORIENTED_EDGE('',*,*,#2396,.T.);
#3316=ORIENTED_EDGE('',*,*,#2397,.F.);
#3317=ORIENTED_EDGE('',*,*,#2398,.T.);
#3318=ORIENTED_EDGE('',*,*,#2399,.T.);
#3319=ORIENTED_EDGE('',*,*,#2400,.F.);
#3320=ORIENTED_EDGE('',*,*,#2394,.T.);
#3321=ORIENTED_EDGE('',*,*,#2401,.T.);
#3322=ORIENTED_EDGE('',*,*,#2400,.T.);
#3323=ORIENTED_EDGE('',*,*,#2402,.T.);
#3324=ORIENTED_EDGE('',*,*,#2403,.T.);
#3325=ORIENTED_EDGE('',*,*,#2380,.F.);
#3326=ORIENTED_EDGE('',*,*,#2384,.F.);
#3327=ORIENTED_EDGE('',*,*,#2404,.F.);
#3328=ORIENTED_EDGE('',*,*,#2389,.F.);
#3329=ORIENTED_EDGE('',*,*,#2405,.T.);
#3330=ORIENTED_EDGE('',*,*,#2382,.F.);
#3331=ORIENTED_EDGE('',*,*,#2406,.T.);
#3332=ORIENTED_EDGE('',*,*,#2398,.F.);
#3333=ORIENTED_EDGE('',*,*,#2407,.F.);
#3334=ORIENTED_EDGE('',*,*,#2396,.F.);
#3335=ORIENTED_EDGE('',*,*,#2392,.F.);
#3336=ORIENTED_EDGE('',*,*,#2408,.T.);
#3337=ORIENTED_EDGE('',*,*,#2409,.T.);
#3338=ORIENTED_EDGE('',*,*,#2387,.F.);
#3339=ORIENTED_EDGE('',*,*,#2410,.F.);
#3340=ORIENTED_EDGE('',*,*,#2385,.F.);
#3341=ORIENTED_EDGE('',*,*,#2397,.T.);
#3342=ORIENTED_EDGE('',*,*,#2401,.F.);
#3343=ORIENTED_EDGE('',*,*,#2393,.F.);
#3344=ORIENTED_EDGE('',*,*,#2407,.T.);
#3345=ORIENTED_EDGE('',*,*,#2411,.T.);
#3346=ORIENTED_EDGE('',*,*,#2412,.T.);
#3347=ORIENTED_EDGE('',*,*,#2413,.F.);
#3348=ORIENTED_EDGE('',*,*,#2414,.T.);
#3349=ORIENTED_EDGE('',*,*,#2415,.F.);
#3350=ORIENTED_EDGE('',*,*,#2416,.T.);
#3351=ORIENTED_EDGE('',*,*,#2417,.T.);
#3352=ORIENTED_EDGE('',*,*,#2418,.T.);
#3353=ORIENTED_EDGE('',*,*,#2419,.T.);
#3354=ORIENTED_EDGE('',*,*,#2415,.T.);
#3355=ORIENTED_EDGE('',*,*,#2419,.F.);
#3356=ORIENTED_EDGE('',*,*,#2420,.T.);
#3357=ORIENTED_EDGE('',*,*,#2421,.T.);
#3358=ORIENTED_EDGE('',*,*,#2414,.F.);
#3359=ORIENTED_EDGE('',*,*,#2421,.F.);
#3360=ORIENTED_EDGE('',*,*,#2422,.T.);
#3361=ORIENTED_EDGE('',*,*,#2423,.F.);
#3362=ORIENTED_EDGE('',*,*,#2424,.F.);
#3363=ORIENTED_EDGE('',*,*,#2425,.T.);
#3364=ORIENTED_EDGE('',*,*,#2413,.T.);
#3365=ORIENTED_EDGE('',*,*,#2425,.F.);
#3366=ORIENTED_EDGE('',*,*,#2426,.F.);
#3367=ORIENTED_EDGE('',*,*,#2427,.F.);
#3368=ORIENTED_EDGE('',*,*,#2428,.T.);
#3369=ORIENTED_EDGE('',*,*,#2429,.F.);
#3370=ORIENTED_EDGE('',*,*,#2430,.F.);
#3371=ORIENTED_EDGE('',*,*,#2431,.F.);
#3372=ORIENTED_EDGE('',*,*,#2432,.T.);
#3373=ORIENTED_EDGE('',*,*,#2433,.F.);
#3374=ORIENTED_EDGE('',*,*,#2434,.F.);
#3375=ORIENTED_EDGE('',*,*,#2435,.F.);
#3376=ORIENTED_EDGE('',*,*,#2436,.T.);
#3377=ORIENTED_EDGE('',*,*,#2437,.F.);
#3378=ORIENTED_EDGE('',*,*,#2438,.F.);
#3379=ORIENTED_EDGE('',*,*,#2439,.F.);
#3380=ORIENTED_EDGE('',*,*,#2440,.T.);
#3381=ORIENTED_EDGE('',*,*,#2441,.F.);
#3382=ORIENTED_EDGE('',*,*,#2442,.F.);
#3383=ORIENTED_EDGE('',*,*,#2443,.F.);
#3384=ORIENTED_EDGE('',*,*,#2444,.T.);
#3385=ORIENTED_EDGE('',*,*,#2445,.F.);
#3386=ORIENTED_EDGE('',*,*,#2446,.F.);
#3387=ORIENTED_EDGE('',*,*,#2447,.F.);
#3388=ORIENTED_EDGE('',*,*,#2448,.T.);
#3389=ORIENTED_EDGE('',*,*,#2449,.F.);
#3390=ORIENTED_EDGE('',*,*,#2450,.F.);
#3391=ORIENTED_EDGE('',*,*,#2451,.F.);
#3392=ORIENTED_EDGE('',*,*,#2452,.T.);
#3393=ORIENTED_EDGE('',*,*,#2453,.F.);
#3394=ORIENTED_EDGE('',*,*,#2454,.F.);
#3395=ORIENTED_EDGE('',*,*,#2455,.F.);
#3396=ORIENTED_EDGE('',*,*,#2456,.T.);
#3397=ORIENTED_EDGE('',*,*,#2457,.F.);
#3398=ORIENTED_EDGE('',*,*,#2458,.F.);
#3399=ORIENTED_EDGE('',*,*,#2459,.F.);
#3400=ORIENTED_EDGE('',*,*,#2460,.T.);
#3401=ORIENTED_EDGE('',*,*,#2461,.F.);
#3402=ORIENTED_EDGE('',*,*,#2462,.F.);
#3403=ORIENTED_EDGE('',*,*,#2463,.F.);
#3404=ORIENTED_EDGE('',*,*,#2464,.T.);
#3405=ORIENTED_EDGE('',*,*,#2465,.F.);
#3406=ORIENTED_EDGE('',*,*,#2466,.F.);
#3407=ORIENTED_EDGE('',*,*,#2467,.F.);
#3408=ORIENTED_EDGE('',*,*,#2468,.T.);
#3409=ORIENTED_EDGE('',*,*,#2469,.F.);
#3410=ORIENTED_EDGE('',*,*,#2470,.F.);
#3411=ORIENTED_EDGE('',*,*,#2471,.F.);
#3412=ORIENTED_EDGE('',*,*,#2472,.T.);
#3413=ORIENTED_EDGE('',*,*,#2473,.F.);
#3414=ORIENTED_EDGE('',*,*,#2474,.F.);
#3415=ORIENTED_EDGE('',*,*,#2475,.F.);
#3416=ORIENTED_EDGE('',*,*,#2476,.T.);
#3417=ORIENTED_EDGE('',*,*,#2477,.F.);
#3418=ORIENTED_EDGE('',*,*,#2478,.F.);
#3419=ORIENTED_EDGE('',*,*,#2479,.F.);
#3420=ORIENTED_EDGE('',*,*,#2480,.T.);
#3421=ORIENTED_EDGE('',*,*,#2481,.F.);
#3422=ORIENTED_EDGE('',*,*,#2482,.F.);
#3423=ORIENTED_EDGE('',*,*,#2483,.F.);
#3424=ORIENTED_EDGE('',*,*,#2484,.T.);
#3425=ORIENTED_EDGE('',*,*,#2485,.F.);
#3426=ORIENTED_EDGE('',*,*,#2486,.F.);
#3427=ORIENTED_EDGE('',*,*,#2487,.F.);
#3428=ORIENTED_EDGE('',*,*,#2488,.T.);
#3429=ORIENTED_EDGE('',*,*,#2489,.F.);
#3430=ORIENTED_EDGE('',*,*,#2490,.F.);
#3431=ORIENTED_EDGE('',*,*,#2491,.F.);
#3432=ORIENTED_EDGE('',*,*,#2492,.T.);
#3433=ORIENTED_EDGE('',*,*,#2493,.F.);
#3434=ORIENTED_EDGE('',*,*,#2494,.F.);
#3435=ORIENTED_EDGE('',*,*,#2495,.F.);
#3436=ORIENTED_EDGE('',*,*,#2496,.T.);
#3437=ORIENTED_EDGE('',*,*,#2497,.F.);
#3438=ORIENTED_EDGE('',*,*,#2498,.F.);
#3439=ORIENTED_EDGE('',*,*,#2499,.F.);
#3440=ORIENTED_EDGE('',*,*,#2500,.T.);
#3441=ORIENTED_EDGE('',*,*,#2501,.F.);
#3442=ORIENTED_EDGE('',*,*,#2502,.F.);
#3443=ORIENTED_EDGE('',*,*,#2503,.F.);
#3444=ORIENTED_EDGE('',*,*,#2504,.T.);
#3445=ORIENTED_EDGE('',*,*,#2505,.F.);
#3446=ORIENTED_EDGE('',*,*,#2506,.F.);
#3447=ORIENTED_EDGE('',*,*,#2507,.F.);
#3448=ORIENTED_EDGE('',*,*,#2508,.T.);
#3449=ORIENTED_EDGE('',*,*,#2509,.F.);
#3450=ORIENTED_EDGE('',*,*,#2510,.F.);
#3451=ORIENTED_EDGE('',*,*,#2511,.F.);
#3452=ORIENTED_EDGE('',*,*,#2512,.T.);
#3453=ORIENTED_EDGE('',*,*,#2513,.F.);
#3454=ORIENTED_EDGE('',*,*,#2514,.F.);
#3455=ORIENTED_EDGE('',*,*,#2515,.F.);
#3456=ORIENTED_EDGE('',*,*,#2516,.T.);
#3457=ORIENTED_EDGE('',*,*,#2517,.F.);
#3458=ORIENTED_EDGE('',*,*,#2518,.F.);
#3459=ORIENTED_EDGE('',*,*,#2519,.F.);
#3460=ORIENTED_EDGE('',*,*,#2520,.T.);
#3461=ORIENTED_EDGE('',*,*,#2521,.T.);
#3462=ORIENTED_EDGE('',*,*,#2522,.T.);
#3463=ORIENTED_EDGE('',*,*,#2521,.F.);
#3464=ORIENTED_EDGE('',*,*,#2522,.F.);
#3465=ORIENTED_EDGE('',*,*,#2523,.T.);
#3466=ORIENTED_EDGE('',*,*,#2524,.T.);
#3467=ORIENTED_EDGE('',*,*,#2525,.T.);
#3468=ORIENTED_EDGE('',*,*,#2526,.T.);
#3469=ORIENTED_EDGE('',*,*,#2527,.T.);
#3470=ORIENTED_EDGE('',*,*,#2528,.T.);
#3471=ORIENTED_EDGE('',*,*,#2529,.T.);
#3472=ORIENTED_EDGE('',*,*,#2530,.T.);
#3473=ORIENTED_EDGE('',*,*,#2531,.T.);
#3474=ORIENTED_EDGE('',*,*,#2532,.T.);
#3475=ORIENTED_EDGE('',*,*,#2533,.T.);
#3476=ORIENTED_EDGE('',*,*,#2534,.T.);
#3477=ORIENTED_EDGE('',*,*,#2535,.T.);
#3478=ORIENTED_EDGE('',*,*,#2536,.T.);
#3479=ORIENTED_EDGE('',*,*,#2537,.T.);
#3480=ORIENTED_EDGE('',*,*,#2538,.T.);
#3481=ORIENTED_EDGE('',*,*,#2539,.T.);
#3482=ORIENTED_EDGE('',*,*,#2540,.T.);
#3483=ORIENTED_EDGE('',*,*,#2541,.T.);
#3484=ORIENTED_EDGE('',*,*,#2542,.T.);
#3485=ORIENTED_EDGE('',*,*,#2543,.T.);
#3486=ORIENTED_EDGE('',*,*,#2544,.T.);
#3487=ORIENTED_EDGE('',*,*,#2545,.T.);
#3488=ORIENTED_EDGE('',*,*,#2546,.T.);
#3489=ORIENTED_EDGE('',*,*,#2547,.T.);
#3490=ORIENTED_EDGE('',*,*,#2548,.T.);
#3491=ORIENTED_EDGE('',*,*,#2549,.T.);
#3492=ORIENTED_EDGE('',*,*,#2550,.T.);
#3493=ORIENTED_EDGE('',*,*,#2551,.T.);
#3494=ORIENTED_EDGE('',*,*,#2552,.T.);
#3495=ORIENTED_EDGE('',*,*,#2553,.T.);
#3496=ORIENTED_EDGE('',*,*,#2554,.T.);
#3497=ORIENTED_EDGE('',*,*,#2555,.T.);
#3498=ORIENTED_EDGE('',*,*,#2556,.T.);
#3499=ORIENTED_EDGE('',*,*,#2557,.T.);
#3500=ORIENTED_EDGE('',*,*,#2558,.T.);
#3501=ORIENTED_EDGE('',*,*,#2559,.T.);
#3502=ORIENTED_EDGE('',*,*,#2560,.T.);
#3503=ORIENTED_EDGE('',*,*,#2561,.T.);
#3504=ORIENTED_EDGE('',*,*,#2562,.T.);
#3505=ORIENTED_EDGE('',*,*,#2563,.T.);
#3506=ORIENTED_EDGE('',*,*,#2564,.T.);
#3507=ORIENTED_EDGE('',*,*,#2565,.T.);
#3508=ORIENTED_EDGE('',*,*,#2566,.T.);
#3509=ORIENTED_EDGE('',*,*,#2567,.T.);
#3510=ORIENTED_EDGE('',*,*,#2568,.T.);
#3511=ORIENTED_EDGE('',*,*,#2569,.T.);
#3512=ORIENTED_EDGE('',*,*,#2570,.T.);
#3513=ORIENTED_EDGE('',*,*,#2571,.T.);
#3514=ORIENTED_EDGE('',*,*,#2572,.T.);
#3515=ORIENTED_EDGE('',*,*,#2573,.T.);
#3516=ORIENTED_EDGE('',*,*,#2574,.T.);
#3517=ORIENTED_EDGE('',*,*,#2575,.T.);
#3518=ORIENTED_EDGE('',*,*,#2576,.T.);
#3519=ORIENTED_EDGE('',*,*,#2577,.T.);
#3520=ORIENTED_EDGE('',*,*,#2578,.T.);
#3521=ORIENTED_EDGE('',*,*,#2579,.T.);
#3522=ORIENTED_EDGE('',*,*,#2580,.T.);
#3523=ORIENTED_EDGE('',*,*,#2581,.T.);
#3524=ORIENTED_EDGE('',*,*,#2582,.T.);
#3525=ORIENTED_EDGE('',*,*,#2583,.T.);
#3526=ORIENTED_EDGE('',*,*,#2584,.T.);
#3527=ORIENTED_EDGE('',*,*,#2585,.T.);
#3528=ORIENTED_EDGE('',*,*,#2586,.T.);
#3529=ORIENTED_EDGE('',*,*,#2587,.T.);
#3530=ORIENTED_EDGE('',*,*,#2588,.T.);
#3531=ORIENTED_EDGE('',*,*,#2589,.T.);
#3532=ORIENTED_EDGE('',*,*,#2590,.T.);
#3533=ORIENTED_EDGE('',*,*,#2591,.T.);
#3534=ORIENTED_EDGE('',*,*,#2592,.T.);
#3535=ORIENTED_EDGE('',*,*,#2593,.T.);
#3536=ORIENTED_EDGE('',*,*,#2594,.T.);
#3537=ORIENTED_EDGE('',*,*,#2595,.T.);
#3538=ORIENTED_EDGE('',*,*,#2596,.T.);
#3539=ORIENTED_EDGE('',*,*,#2597,.T.);
#3540=ORIENTED_EDGE('',*,*,#2598,.T.);
#3541=ORIENTED_EDGE('',*,*,#2599,.T.);
#3542=ORIENTED_EDGE('',*,*,#2600,.T.);
#3543=ORIENTED_EDGE('',*,*,#2601,.T.);
#3544=ORIENTED_EDGE('',*,*,#2602,.T.);
#3545=ORIENTED_EDGE('',*,*,#2603,.T.);
#3546=ORIENTED_EDGE('',*,*,#2604,.T.);
#3547=ORIENTED_EDGE('',*,*,#2605,.T.);
#3548=ORIENTED_EDGE('',*,*,#2606,.T.);
#3549=ORIENTED_EDGE('',*,*,#2607,.T.);
#3550=ORIENTED_EDGE('',*,*,#2608,.T.);
#3551=ORIENTED_EDGE('',*,*,#2609,.T.);
#3552=ORIENTED_EDGE('',*,*,#2610,.T.);
#3553=ORIENTED_EDGE('',*,*,#2611,.T.);
#3554=ORIENTED_EDGE('',*,*,#2612,.T.);
#3555=ORIENTED_EDGE('',*,*,#2613,.T.);
#3556=ORIENTED_EDGE('',*,*,#2614,.T.);
#3557=ORIENTED_EDGE('',*,*,#2615,.T.);
#3558=ORIENTED_EDGE('',*,*,#2616,.T.);
#3559=ORIENTED_EDGE('',*,*,#2617,.T.);
#3560=ORIENTED_EDGE('',*,*,#2618,.T.);
#3561=ORIENTED_EDGE('',*,*,#2476,.F.);
#3562=ORIENTED_EDGE('',*,*,#2619,.F.);
#3563=ORIENTED_EDGE('',*,*,#2528,.F.);
#3564=ORIENTED_EDGE('',*,*,#2620,.F.);
#3565=ORIENTED_EDGE('',*,*,#2621,.F.);
#3566=ORIENTED_EDGE('',*,*,#2478,.T.);
#3567=ORIENTED_EDGE('',*,*,#2622,.F.);
#3568=ORIENTED_EDGE('',*,*,#2526,.F.);
#3569=ORIENTED_EDGE('',*,*,#2480,.F.);
#3570=ORIENTED_EDGE('',*,*,#2623,.F.);
#3571=ORIENTED_EDGE('',*,*,#2524,.F.);
#3572=ORIENTED_EDGE('',*,*,#2624,.F.);
#3573=ORIENTED_EDGE('',*,*,#2623,.T.);
#3574=ORIENTED_EDGE('',*,*,#2479,.T.);
#3575=ORIENTED_EDGE('',*,*,#2621,.T.);
#3576=ORIENTED_EDGE('',*,*,#2525,.F.);
#3577=ORIENTED_EDGE('',*,*,#2625,.F.);
#3578=ORIENTED_EDGE('',*,*,#2482,.T.);
#3579=ORIENTED_EDGE('',*,*,#2626,.F.);
#3580=ORIENTED_EDGE('',*,*,#2618,.F.);
#3581=ORIENTED_EDGE('',*,*,#2626,.T.);
#3582=ORIENTED_EDGE('',*,*,#2481,.T.);
#3583=ORIENTED_EDGE('',*,*,#2624,.T.);
#3584=ORIENTED_EDGE('',*,*,#2523,.F.);
#3585=ORIENTED_EDGE('',*,*,#2484,.F.);
#3586=ORIENTED_EDGE('',*,*,#2627,.F.);
#3587=ORIENTED_EDGE('',*,*,#2616,.F.);
#3588=ORIENTED_EDGE('',*,*,#2628,.F.);
#3589=ORIENTED_EDGE('',*,*,#2627,.T.);
#3590=ORIENTED_EDGE('',*,*,#2483,.T.);
#3591=ORIENTED_EDGE('',*,*,#2625,.T.);
#3592=ORIENTED_EDGE('',*,*,#2617,.F.);
#3593=ORIENTED_EDGE('',*,*,#2629,.F.);
#3594=ORIENTED_EDGE('',*,*,#2486,.T.);
#3595=ORIENTED_EDGE('',*,*,#2630,.F.);
#3596=ORIENTED_EDGE('',*,*,#2614,.F.);
#3597=ORIENTED_EDGE('',*,*,#2630,.T.);
#3598=ORIENTED_EDGE('',*,*,#2485,.T.);
#3599=ORIENTED_EDGE('',*,*,#2628,.T.);
#3600=ORIENTED_EDGE('',*,*,#2615,.F.);
#3601=ORIENTED_EDGE('',*,*,#2488,.F.);
#3602=ORIENTED_EDGE('',*,*,#2631,.F.);
#3603=ORIENTED_EDGE('',*,*,#2612,.F.);
#3604=ORIENTED_EDGE('',*,*,#2632,.F.);
#3605=ORIENTED_EDGE('',*,*,#2631,.T.);
#3606=ORIENTED_EDGE('',*,*,#2487,.T.);
#3607=ORIENTED_EDGE('',*,*,#2629,.T.);
#3608=ORIENTED_EDGE('',*,*,#2613,.F.);
#3609=ORIENTED_EDGE('',*,*,#2633,.F.);
#3610=ORIENTED_EDGE('',*,*,#2490,.T.);
#3611=ORIENTED_EDGE('',*,*,#2634,.F.);
#3612=ORIENTED_EDGE('',*,*,#2610,.F.);
#3613=ORIENTED_EDGE('',*,*,#2634,.T.);
#3614=ORIENTED_EDGE('',*,*,#2489,.T.);
#3615=ORIENTED_EDGE('',*,*,#2632,.T.);
#3616=ORIENTED_EDGE('',*,*,#2611,.F.);
#3617=ORIENTED_EDGE('',*,*,#2492,.F.);
#3618=ORIENTED_EDGE('',*,*,#2635,.F.);
#3619=ORIENTED_EDGE('',*,*,#2608,.F.);
#3620=ORIENTED_EDGE('',*,*,#2636,.F.);
#3621=ORIENTED_EDGE('',*,*,#2635,.T.);
#3622=ORIENTED_EDGE('',*,*,#2491,.T.);
#3623=ORIENTED_EDGE('',*,*,#2633,.T.);
#3624=ORIENTED_EDGE('',*,*,#2609,.F.);
#3625=ORIENTED_EDGE('',*,*,#2637,.F.);
#3626=ORIENTED_EDGE('',*,*,#2494,.T.);
#3627=ORIENTED_EDGE('',*,*,#2638,.F.);
#3628=ORIENTED_EDGE('',*,*,#2606,.F.);
#3629=ORIENTED_EDGE('',*,*,#2638,.T.);
#3630=ORIENTED_EDGE('',*,*,#2493,.T.);
#3631=ORIENTED_EDGE('',*,*,#2636,.T.);
#3632=ORIENTED_EDGE('',*,*,#2607,.F.);
#3633=ORIENTED_EDGE('',*,*,#2496,.F.);
#3634=ORIENTED_EDGE('',*,*,#2639,.F.);
#3635=ORIENTED_EDGE('',*,*,#2604,.F.);
#3636=ORIENTED_EDGE('',*,*,#2640,.F.);
#3637=ORIENTED_EDGE('',*,*,#2639,.T.);
#3638=ORIENTED_EDGE('',*,*,#2495,.T.);
#3639=ORIENTED_EDGE('',*,*,#2637,.T.);
#3640=ORIENTED_EDGE('',*,*,#2605,.F.);
#3641=ORIENTED_EDGE('',*,*,#2641,.F.);
#3642=ORIENTED_EDGE('',*,*,#2498,.T.);
#3643=ORIENTED_EDGE('',*,*,#2642,.F.);
#3644=ORIENTED_EDGE('',*,*,#2602,.F.);
#3645=ORIENTED_EDGE('',*,*,#2642,.T.);
#3646=ORIENTED_EDGE('',*,*,#2497,.T.);
#3647=ORIENTED_EDGE('',*,*,#2640,.T.);
#3648=ORIENTED_EDGE('',*,*,#2603,.F.);
#3649=ORIENTED_EDGE('',*,*,#2500,.F.);
#3650=ORIENTED_EDGE('',*,*,#2643,.F.);
#3651=ORIENTED_EDGE('',*,*,#2600,.F.);
#3652=ORIENTED_EDGE('',*,*,#2644,.F.);
#3653=ORIENTED_EDGE('',*,*,#2643,.T.);
#3654=ORIENTED_EDGE('',*,*,#2499,.T.);
#3655=ORIENTED_EDGE('',*,*,#2641,.T.);
#3656=ORIENTED_EDGE('',*,*,#2601,.F.);
#3657=ORIENTED_EDGE('',*,*,#2645,.F.);
#3658=ORIENTED_EDGE('',*,*,#2502,.T.);
#3659=ORIENTED_EDGE('',*,*,#2646,.F.);
#3660=ORIENTED_EDGE('',*,*,#2598,.F.);
#3661=ORIENTED_EDGE('',*,*,#2646,.T.);
#3662=ORIENTED_EDGE('',*,*,#2501,.T.);
#3663=ORIENTED_EDGE('',*,*,#2644,.T.);
#3664=ORIENTED_EDGE('',*,*,#2599,.F.);
#3665=ORIENTED_EDGE('',*,*,#2504,.F.);
#3666=ORIENTED_EDGE('',*,*,#2647,.F.);
#3667=ORIENTED_EDGE('',*,*,#2596,.F.);
#3668=ORIENTED_EDGE('',*,*,#2648,.F.);
#3669=ORIENTED_EDGE('',*,*,#2647,.T.);
#3670=ORIENTED_EDGE('',*,*,#2503,.T.);
#3671=ORIENTED_EDGE('',*,*,#2645,.T.);
#3672=ORIENTED_EDGE('',*,*,#2597,.F.);
#3673=ORIENTED_EDGE('',*,*,#2649,.F.);
#3674=ORIENTED_EDGE('',*,*,#2506,.T.);
#3675=ORIENTED_EDGE('',*,*,#2650,.F.);
#3676=ORIENTED_EDGE('',*,*,#2594,.F.);
#3677=ORIENTED_EDGE('',*,*,#2650,.T.);
#3678=ORIENTED_EDGE('',*,*,#2505,.T.);
#3679=ORIENTED_EDGE('',*,*,#2648,.T.);
#3680=ORIENTED_EDGE('',*,*,#2595,.F.);
#3681=ORIENTED_EDGE('',*,*,#2508,.F.);
#3682=ORIENTED_EDGE('',*,*,#2651,.F.);
#3683=ORIENTED_EDGE('',*,*,#2592,.F.);
#3684=ORIENTED_EDGE('',*,*,#2652,.F.);
#3685=ORIENTED_EDGE('',*,*,#2651,.T.);
#3686=ORIENTED_EDGE('',*,*,#2507,.T.);
#3687=ORIENTED_EDGE('',*,*,#2649,.T.);
#3688=ORIENTED_EDGE('',*,*,#2593,.F.);
#3689=ORIENTED_EDGE('',*,*,#2653,.F.);
#3690=ORIENTED_EDGE('',*,*,#2510,.T.);
#3691=ORIENTED_EDGE('',*,*,#2654,.F.);
#3692=ORIENTED_EDGE('',*,*,#2590,.F.);
#3693=ORIENTED_EDGE('',*,*,#2654,.T.);
#3694=ORIENTED_EDGE('',*,*,#2509,.T.);
#3695=ORIENTED_EDGE('',*,*,#2652,.T.);
#3696=ORIENTED_EDGE('',*,*,#2591,.F.);
#3697=ORIENTED_EDGE('',*,*,#2512,.F.);
#3698=ORIENTED_EDGE('',*,*,#2655,.F.);
#3699=ORIENTED_EDGE('',*,*,#2588,.F.);
#3700=ORIENTED_EDGE('',*,*,#2656,.F.);
#3701=ORIENTED_EDGE('',*,*,#2655,.T.);
#3702=ORIENTED_EDGE('',*,*,#2511,.T.);
#3703=ORIENTED_EDGE('',*,*,#2653,.T.);
#3704=ORIENTED_EDGE('',*,*,#2589,.F.);
#3705=ORIENTED_EDGE('',*,*,#2657,.F.);
#3706=ORIENTED_EDGE('',*,*,#2514,.T.);
#3707=ORIENTED_EDGE('',*,*,#2658,.F.);
#3708=ORIENTED_EDGE('',*,*,#2586,.F.);
#3709=ORIENTED_EDGE('',*,*,#2658,.T.);
#3710=ORIENTED_EDGE('',*,*,#2513,.T.);
#3711=ORIENTED_EDGE('',*,*,#2656,.T.);
#3712=ORIENTED_EDGE('',*,*,#2587,.F.);
#3713=ORIENTED_EDGE('',*,*,#2516,.F.);
#3714=ORIENTED_EDGE('',*,*,#2659,.F.);
#3715=ORIENTED_EDGE('',*,*,#2584,.F.);
#3716=ORIENTED_EDGE('',*,*,#2660,.F.);
#3717=ORIENTED_EDGE('',*,*,#2659,.T.);
#3718=ORIENTED_EDGE('',*,*,#2515,.T.);
#3719=ORIENTED_EDGE('',*,*,#2657,.T.);
#3720=ORIENTED_EDGE('',*,*,#2585,.F.);
#3721=ORIENTED_EDGE('',*,*,#2661,.F.);
#3722=ORIENTED_EDGE('',*,*,#2518,.T.);
#3723=ORIENTED_EDGE('',*,*,#2662,.F.);
#3724=ORIENTED_EDGE('',*,*,#2582,.F.);
#3725=ORIENTED_EDGE('',*,*,#2662,.T.);
#3726=ORIENTED_EDGE('',*,*,#2517,.T.);
#3727=ORIENTED_EDGE('',*,*,#2660,.T.);
#3728=ORIENTED_EDGE('',*,*,#2583,.F.);
#3729=ORIENTED_EDGE('',*,*,#2422,.F.);
#3730=ORIENTED_EDGE('',*,*,#2663,.F.);
#3731=ORIENTED_EDGE('',*,*,#2580,.F.);
#3732=ORIENTED_EDGE('',*,*,#2664,.F.);
#3733=ORIENTED_EDGE('',*,*,#2663,.T.);
#3734=ORIENTED_EDGE('',*,*,#2519,.T.);
#3735=ORIENTED_EDGE('',*,*,#2661,.T.);
#3736=ORIENTED_EDGE('',*,*,#2581,.F.);
#3737=ORIENTED_EDGE('',*,*,#2665,.F.);
#3738=ORIENTED_EDGE('',*,*,#2426,.T.);
#3739=ORIENTED_EDGE('',*,*,#2424,.T.);
#3740=ORIENTED_EDGE('',*,*,#2666,.F.);
#3741=ORIENTED_EDGE('',*,*,#2578,.F.);
#3742=ORIENTED_EDGE('',*,*,#2666,.T.);
#3743=ORIENTED_EDGE('',*,*,#2423,.T.);
#3744=ORIENTED_EDGE('',*,*,#2664,.T.);
#3745=ORIENTED_EDGE('',*,*,#2579,.F.);
#3746=ORIENTED_EDGE('',*,*,#2428,.F.);
#3747=ORIENTED_EDGE('',*,*,#2667,.F.);
#3748=ORIENTED_EDGE('',*,*,#2576,.F.);
#3749=ORIENTED_EDGE('',*,*,#2668,.F.);
#3750=ORIENTED_EDGE('',*,*,#2667,.T.);
#3751=ORIENTED_EDGE('',*,*,#2427,.T.);
#3752=ORIENTED_EDGE('',*,*,#2665,.T.);
#3753=ORIENTED_EDGE('',*,*,#2577,.F.);
#3754=ORIENTED_EDGE('',*,*,#2669,.F.);
#3755=ORIENTED_EDGE('',*,*,#2430,.T.);
#3756=ORIENTED_EDGE('',*,*,#2670,.F.);
#3757=ORIENTED_EDGE('',*,*,#2574,.F.);
#3758=ORIENTED_EDGE('',*,*,#2670,.T.);
#3759=ORIENTED_EDGE('',*,*,#2429,.T.);
#3760=ORIENTED_EDGE('',*,*,#2668,.T.);
#3761=ORIENTED_EDGE('',*,*,#2575,.F.);
#3762=ORIENTED_EDGE('',*,*,#2432,.F.);
#3763=ORIENTED_EDGE('',*,*,#2671,.F.);
#3764=ORIENTED_EDGE('',*,*,#2572,.F.);
#3765=ORIENTED_EDGE('',*,*,#2672,.F.);
#3766=ORIENTED_EDGE('',*,*,#2671,.T.);
#3767=ORIENTED_EDGE('',*,*,#2431,.T.);
#3768=ORIENTED_EDGE('',*,*,#2669,.T.);
#3769=ORIENTED_EDGE('',*,*,#2573,.F.);
#3770=ORIENTED_EDGE('',*,*,#2673,.F.);
#3771=ORIENTED_EDGE('',*,*,#2434,.T.);
#3772=ORIENTED_EDGE('',*,*,#2674,.F.);
#3773=ORIENTED_EDGE('',*,*,#2570,.F.);
#3774=ORIENTED_EDGE('',*,*,#2674,.T.);
#3775=ORIENTED_EDGE('',*,*,#2433,.T.);
#3776=ORIENTED_EDGE('',*,*,#2672,.T.);
#3777=ORIENTED_EDGE('',*,*,#2571,.F.);
#3778=ORIENTED_EDGE('',*,*,#2436,.F.);
#3779=ORIENTED_EDGE('',*,*,#2675,.F.);
#3780=ORIENTED_EDGE('',*,*,#2568,.F.);
#3781=ORIENTED_EDGE('',*,*,#2676,.F.);
#3782=ORIENTED_EDGE('',*,*,#2675,.T.);
#3783=ORIENTED_EDGE('',*,*,#2435,.T.);
#3784=ORIENTED_EDGE('',*,*,#2673,.T.);
#3785=ORIENTED_EDGE('',*,*,#2569,.F.);
#3786=ORIENTED_EDGE('',*,*,#2677,.F.);
#3787=ORIENTED_EDGE('',*,*,#2438,.T.);
#3788=ORIENTED_EDGE('',*,*,#2678,.F.);
#3789=ORIENTED_EDGE('',*,*,#2566,.F.);
#3790=ORIENTED_EDGE('',*,*,#2678,.T.);
#3791=ORIENTED_EDGE('',*,*,#2437,.T.);
#3792=ORIENTED_EDGE('',*,*,#2676,.T.);
#3793=ORIENTED_EDGE('',*,*,#2567,.F.);
#3794=ORIENTED_EDGE('',*,*,#2440,.F.);
#3795=ORIENTED_EDGE('',*,*,#2679,.F.);
#3796=ORIENTED_EDGE('',*,*,#2564,.F.);
#3797=ORIENTED_EDGE('',*,*,#2680,.F.);
#3798=ORIENTED_EDGE('',*,*,#2679,.T.);
#3799=ORIENTED_EDGE('',*,*,#2439,.T.);
#3800=ORIENTED_EDGE('',*,*,#2677,.T.);
#3801=ORIENTED_EDGE('',*,*,#2565,.F.);
#3802=ORIENTED_EDGE('',*,*,#2681,.F.);
#3803=ORIENTED_EDGE('',*,*,#2442,.T.);
#3804=ORIENTED_EDGE('',*,*,#2682,.F.);
#3805=ORIENTED_EDGE('',*,*,#2562,.F.);
#3806=ORIENTED_EDGE('',*,*,#2682,.T.);
#3807=ORIENTED_EDGE('',*,*,#2441,.T.);
#3808=ORIENTED_EDGE('',*,*,#2680,.T.);
#3809=ORIENTED_EDGE('',*,*,#2563,.F.);
#3810=ORIENTED_EDGE('',*,*,#2444,.F.);
#3811=ORIENTED_EDGE('',*,*,#2683,.F.);
#3812=ORIENTED_EDGE('',*,*,#2560,.F.);
#3813=ORIENTED_EDGE('',*,*,#2684,.F.);
#3814=ORIENTED_EDGE('',*,*,#2683,.T.);
#3815=ORIENTED_EDGE('',*,*,#2443,.T.);
#3816=ORIENTED_EDGE('',*,*,#2681,.T.);
#3817=ORIENTED_EDGE('',*,*,#2561,.F.);
#3818=ORIENTED_EDGE('',*,*,#2685,.F.);
#3819=ORIENTED_EDGE('',*,*,#2446,.T.);
#3820=ORIENTED_EDGE('',*,*,#2686,.F.);
#3821=ORIENTED_EDGE('',*,*,#2558,.F.);
#3822=ORIENTED_EDGE('',*,*,#2686,.T.);
#3823=ORIENTED_EDGE('',*,*,#2445,.T.);
#3824=ORIENTED_EDGE('',*,*,#2684,.T.);
#3825=ORIENTED_EDGE('',*,*,#2559,.F.);
#3826=ORIENTED_EDGE('',*,*,#2448,.F.);
#3827=ORIENTED_EDGE('',*,*,#2687,.F.);
#3828=ORIENTED_EDGE('',*,*,#2556,.F.);
#3829=ORIENTED_EDGE('',*,*,#2688,.F.);
#3830=ORIENTED_EDGE('',*,*,#2687,.T.);
#3831=ORIENTED_EDGE('',*,*,#2447,.T.);
#3832=ORIENTED_EDGE('',*,*,#2685,.T.);
#3833=ORIENTED_EDGE('',*,*,#2557,.F.);
#3834=ORIENTED_EDGE('',*,*,#2689,.F.);
#3835=ORIENTED_EDGE('',*,*,#2450,.T.);
#3836=ORIENTED_EDGE('',*,*,#2690,.F.);
#3837=ORIENTED_EDGE('',*,*,#2554,.F.);
#3838=ORIENTED_EDGE('',*,*,#2690,.T.);
#3839=ORIENTED_EDGE('',*,*,#2449,.T.);
#3840=ORIENTED_EDGE('',*,*,#2688,.T.);
#3841=ORIENTED_EDGE('',*,*,#2555,.F.);
#3842=ORIENTED_EDGE('',*,*,#2452,.F.);
#3843=ORIENTED_EDGE('',*,*,#2691,.F.);
#3844=ORIENTED_EDGE('',*,*,#2552,.F.);
#3845=ORIENTED_EDGE('',*,*,#2692,.F.);
#3846=ORIENTED_EDGE('',*,*,#2691,.T.);
#3847=ORIENTED_EDGE('',*,*,#2451,.T.);
#3848=ORIENTED_EDGE('',*,*,#2689,.T.);
#3849=ORIENTED_EDGE('',*,*,#2553,.F.);
#3850=ORIENTED_EDGE('',*,*,#2693,.F.);
#3851=ORIENTED_EDGE('',*,*,#2454,.T.);
#3852=ORIENTED_EDGE('',*,*,#2694,.F.);
#3853=ORIENTED_EDGE('',*,*,#2550,.F.);
#3854=ORIENTED_EDGE('',*,*,#2694,.T.);
#3855=ORIENTED_EDGE('',*,*,#2453,.T.);
#3856=ORIENTED_EDGE('',*,*,#2692,.T.);
#3857=ORIENTED_EDGE('',*,*,#2551,.F.);
#3858=ORIENTED_EDGE('',*,*,#2456,.F.);
#3859=ORIENTED_EDGE('',*,*,#2695,.F.);
#3860=ORIENTED_EDGE('',*,*,#2548,.F.);
#3861=ORIENTED_EDGE('',*,*,#2696,.F.);
#3862=ORIENTED_EDGE('',*,*,#2695,.T.);
#3863=ORIENTED_EDGE('',*,*,#2455,.T.);
#3864=ORIENTED_EDGE('',*,*,#2693,.T.);
#3865=ORIENTED_EDGE('',*,*,#2549,.F.);
#3866=ORIENTED_EDGE('',*,*,#2697,.F.);
#3867=ORIENTED_EDGE('',*,*,#2458,.T.);
#3868=ORIENTED_EDGE('',*,*,#2698,.F.);
#3869=ORIENTED_EDGE('',*,*,#2546,.F.);
#3870=ORIENTED_EDGE('',*,*,#2698,.T.);
#3871=ORIENTED_EDGE('',*,*,#2457,.T.);
#3872=ORIENTED_EDGE('',*,*,#2696,.T.);
#3873=ORIENTED_EDGE('',*,*,#2547,.F.);
#3874=ORIENTED_EDGE('',*,*,#2460,.F.);
#3875=ORIENTED_EDGE('',*,*,#2699,.F.);
#3876=ORIENTED_EDGE('',*,*,#2544,.F.);
#3877=ORIENTED_EDGE('',*,*,#2700,.F.);
#3878=ORIENTED_EDGE('',*,*,#2699,.T.);
#3879=ORIENTED_EDGE('',*,*,#2459,.T.);
#3880=ORIENTED_EDGE('',*,*,#2697,.T.);
#3881=ORIENTED_EDGE('',*,*,#2545,.F.);
#3882=ORIENTED_EDGE('',*,*,#2701,.F.);
#3883=ORIENTED_EDGE('',*,*,#2462,.T.);
#3884=ORIENTED_EDGE('',*,*,#2702,.F.);
#3885=ORIENTED_EDGE('',*,*,#2542,.F.);
#3886=ORIENTED_EDGE('',*,*,#2702,.T.);
#3887=ORIENTED_EDGE('',*,*,#2461,.T.);
#3888=ORIENTED_EDGE('',*,*,#2700,.T.);
#3889=ORIENTED_EDGE('',*,*,#2543,.F.);
#3890=ORIENTED_EDGE('',*,*,#2464,.F.);
#3891=ORIENTED_EDGE('',*,*,#2703,.F.);
#3892=ORIENTED_EDGE('',*,*,#2540,.F.);
#3893=ORIENTED_EDGE('',*,*,#2704,.F.);
#3894=ORIENTED_EDGE('',*,*,#2703,.T.);
#3895=ORIENTED_EDGE('',*,*,#2463,.T.);
#3896=ORIENTED_EDGE('',*,*,#2701,.T.);
#3897=ORIENTED_EDGE('',*,*,#2541,.F.);
#3898=ORIENTED_EDGE('',*,*,#2705,.F.);
#3899=ORIENTED_EDGE('',*,*,#2466,.T.);
#3900=ORIENTED_EDGE('',*,*,#2706,.F.);
#3901=ORIENTED_EDGE('',*,*,#2538,.F.);
#3902=ORIENTED_EDGE('',*,*,#2706,.T.);
#3903=ORIENTED_EDGE('',*,*,#2465,.T.);
#3904=ORIENTED_EDGE('',*,*,#2704,.T.);
#3905=ORIENTED_EDGE('',*,*,#2539,.F.);
#3906=ORIENTED_EDGE('',*,*,#2468,.F.);
#3907=ORIENTED_EDGE('',*,*,#2707,.F.);
#3908=ORIENTED_EDGE('',*,*,#2536,.F.);
#3909=ORIENTED_EDGE('',*,*,#2708,.F.);
#3910=ORIENTED_EDGE('',*,*,#2707,.T.);
#3911=ORIENTED_EDGE('',*,*,#2467,.T.);
#3912=ORIENTED_EDGE('',*,*,#2705,.T.);
#3913=ORIENTED_EDGE('',*,*,#2537,.F.);
#3914=ORIENTED_EDGE('',*,*,#2709,.F.);
#3915=ORIENTED_EDGE('',*,*,#2470,.T.);
#3916=ORIENTED_EDGE('',*,*,#2710,.F.);
#3917=ORIENTED_EDGE('',*,*,#2534,.F.);
#3918=ORIENTED_EDGE('',*,*,#2710,.T.);
#3919=ORIENTED_EDGE('',*,*,#2469,.T.);
#3920=ORIENTED_EDGE('',*,*,#2708,.T.);
#3921=ORIENTED_EDGE('',*,*,#2535,.F.);
#3922=ORIENTED_EDGE('',*,*,#2472,.F.);
#3923=ORIENTED_EDGE('',*,*,#2711,.F.);
#3924=ORIENTED_EDGE('',*,*,#2532,.F.);
#3925=ORIENTED_EDGE('',*,*,#2712,.F.);
#3926=ORIENTED_EDGE('',*,*,#2711,.T.);
#3927=ORIENTED_EDGE('',*,*,#2471,.T.);
#3928=ORIENTED_EDGE('',*,*,#2709,.T.);
#3929=ORIENTED_EDGE('',*,*,#2533,.F.);
#3930=ORIENTED_EDGE('',*,*,#2622,.T.);
#3931=ORIENTED_EDGE('',*,*,#2477,.T.);
#3932=ORIENTED_EDGE('',*,*,#2620,.T.);
#3933=ORIENTED_EDGE('',*,*,#2527,.F.);
#3934=ORIENTED_EDGE('',*,*,#2713,.F.);
#3935=ORIENTED_EDGE('',*,*,#2474,.T.);
#3936=ORIENTED_EDGE('',*,*,#2714,.F.);
#3937=ORIENTED_EDGE('',*,*,#2530,.F.);
#3938=ORIENTED_EDGE('',*,*,#2714,.T.);
#3939=ORIENTED_EDGE('',*,*,#2473,.T.);
#3940=ORIENTED_EDGE('',*,*,#2712,.T.);
#3941=ORIENTED_EDGE('',*,*,#2531,.F.);
#3942=ORIENTED_EDGE('',*,*,#2619,.T.);
#3943=ORIENTED_EDGE('',*,*,#2475,.T.);
#3944=ORIENTED_EDGE('',*,*,#2713,.T.);
#3945=ORIENTED_EDGE('',*,*,#2529,.F.);
#3946=ORIENTED_EDGE('',*,*,#2386,.T.);
#3947=ORIENTED_EDGE('',*,*,#2404,.T.);
#3948=ORIENTED_EDGE('',*,*,#2383,.F.);
#3949=ORIENTED_EDGE('',*,*,#2410,.T.);
#3950=ORIENTED_EDGE('',*,*,#2715,.T.);
#3951=ORIENTED_EDGE('',*,*,#2716,.T.);
#3952=ORIENTED_EDGE('',*,*,#2411,.F.);
#3953=ORIENTED_EDGE('',*,*,#2716,.F.);
#3954=ORIENTED_EDGE('',*,*,#2717,.T.);
#3955=ORIENTED_EDGE('',*,*,#2417,.F.);
#3956=ORIENTED_EDGE('',*,*,#2418,.F.);
#3957=ORIENTED_EDGE('',*,*,#2718,.T.);
#3958=ORIENTED_EDGE('',*,*,#2420,.F.);
#3959=ORIENTED_EDGE('',*,*,#2718,.F.);
#3960=ORIENTED_EDGE('',*,*,#2715,.F.);
#3961=ORIENTED_EDGE('',*,*,#2719,.T.);
#3962=ORIENTED_EDGE('',*,*,#2520,.F.);
#3963=ORIENTED_EDGE('',*,*,#2719,.F.);
#3964=ORIENTED_EDGE('',*,*,#2717,.F.);
#3965=ORIENTED_EDGE('',*,*,#2405,.F.);
#3966=ORIENTED_EDGE('',*,*,#2388,.F.);
#3967=ORIENTED_EDGE('',*,*,#2409,.F.);
#3968=ORIENTED_EDGE('',*,*,#2720,.T.);
#3969=ORIENTED_EDGE('',*,*,#2416,.F.);
#3970=ORIENTED_EDGE('',*,*,#2720,.F.);
#3971=ORIENTED_EDGE('',*,*,#2408,.F.);
#3972=ORIENTED_EDGE('',*,*,#2391,.F.);
#3973=ORIENTED_EDGE('',*,*,#2395,.F.);
#3974=ORIENTED_EDGE('',*,*,#2406,.F.);
#3975=ORIENTED_EDGE('',*,*,#2381,.F.);
#3976=ORIENTED_EDGE('',*,*,#2403,.F.);
#3977=ORIENTED_EDGE('',*,*,#2721,.T.);
#3978=ORIENTED_EDGE('',*,*,#2412,.F.);
#3979=ORIENTED_EDGE('',*,*,#2721,.F.);
#3980=ORIENTED_EDGE('',*,*,#2402,.F.);
#3981=ORIENTED_EDGE('',*,*,#2399,.F.);
#3982=CYLINDRICAL_SURFACE('',#4496,0.02);
#3983=CYLINDRICAL_SURFACE('',#4531,0.12);
#3984=CYLINDRICAL_SURFACE('',#4539,0.12);
#3985=CYLINDRICAL_SURFACE('',#4542,0.12);
#3986=CYLINDRICAL_SURFACE('',#4550,0.12);
#3987=CYLINDRICAL_SURFACE('',#4558,0.0629921259842517);
#3988=CYLINDRICAL_SURFACE('',#4560,0.083);
#3989=CYLINDRICAL_SURFACE('',#4561,0.083);
#3990=CYLINDRICAL_SURFACE('',#4562,0.083);
#3991=CYLINDRICAL_SURFACE('',#4564,0.083);
#3992=CYLINDRICAL_SURFACE('',#4566,0.058);
#3993=CYLINDRICAL_SURFACE('',#4569,0.058);
#3994=CYLINDRICAL_SURFACE('',#4572,0.058);
#3995=CYLINDRICAL_SURFACE('',#4575,0.058);
#3996=CYLINDRICAL_SURFACE('',#4578,0.058);
#3997=CYLINDRICAL_SURFACE('',#4581,0.058);
#3998=CYLINDRICAL_SURFACE('',#4584,0.0900000000000001);
#3999=CYLINDRICAL_SURFACE('',#4587,0.0900000000000001);
#4000=CYLINDRICAL_SURFACE('',#4590,0.0900000000000001);
#4001=CYLINDRICAL_SURFACE('',#4593,0.0900000000000001);
#4002=CYLINDRICAL_SURFACE('',#4596,0.0900000000000001);
#4003=CYLINDRICAL_SURFACE('',#4599,0.0900000000000001);
#4004=CYLINDRICAL_SURFACE('',#4602,0.0900000000000001);
#4005=CYLINDRICAL_SURFACE('',#4605,0.0900000000000001);
#4006=CYLINDRICAL_SURFACE('',#4608,0.0900000000000001);
#4007=CYLINDRICAL_SURFACE('',#4611,0.0900000000000001);
#4008=CYLINDRICAL_SURFACE('',#4614,0.0900000000000001);
#4009=CYLINDRICAL_SURFACE('',#4617,0.0900000000000001);
#4010=CYLINDRICAL_SURFACE('',#4620,0.0900000000000001);
#4011=CYLINDRICAL_SURFACE('',#4623,0.0900000000000001);
#4012=CYLINDRICAL_SURFACE('',#4626,0.0900000000000001);
#4013=CYLINDRICAL_SURFACE('',#4629,0.0900000000000001);
#4014=CYLINDRICAL_SURFACE('',#4632,0.0900000000000001);
#4015=CYLINDRICAL_SURFACE('',#4635,0.0900000000000001);
#4016=CYLINDRICAL_SURFACE('',#4638,0.0900000000000001);
#4017=CYLINDRICAL_SURFACE('',#4641,0.0900000000000001);
#4018=CYLINDRICAL_SURFACE('',#4644,0.0900000000000001);
#4019=CYLINDRICAL_SURFACE('',#4647,0.0900000000000001);
#4020=CYLINDRICAL_SURFACE('',#4650,0.0900000000000001);
#4021=CYLINDRICAL_SURFACE('',#4653,0.0900000000000001);
#4022=CYLINDRICAL_SURFACE('',#4656,0.0900000000000001);
#4023=CYLINDRICAL_SURFACE('',#4659,0.0900000000000001);
#4024=CYLINDRICAL_SURFACE('',#4662,0.0900000000000001);
#4025=CYLINDRICAL_SURFACE('',#4665,0.0900000000000001);
#4026=CYLINDRICAL_SURFACE('',#4668,0.0900000000000001);
#4027=CYLINDRICAL_SURFACE('',#4671,0.0900000000000001);
#4028=CYLINDRICAL_SURFACE('',#4674,0.0629921259842524);
#4029=CYLINDRICAL_SURFACE('',#4684,0.062992125984252);
#4030=CYLINDRICAL_SURFACE('',#4687,0.0314960629921264);
#4031=CYLINDRICAL_SURFACE('',#4695,0.031496062992126);
#4032=CYLINDRICAL_SURFACE('',#4702,0.0314960629921257);
#4033=CYLINDRICAL_SURFACE('',#4704,0.056);
#4034=CYLINDRICAL_SURFACE('',#4706,0.056);
#4035=CYLINDRICAL_SURFACE('',#4707,0.056);
#4036=CYLINDRICAL_SURFACE('',#4709,0.0397620236790417);
#4037=CYLINDRICAL_SURFACE('',#4711,0.0397620236790417);
#4038=CYLINDRICAL_SURFACE('',#4713,0.0397620236790417);
#4039=CYLINDRICAL_SURFACE('',#4715,0.0397620236790417);
#4040=CYLINDRICAL_SURFACE('',#4725,0.0825);
#4041=CYLINDRICAL_SURFACE('',#4731,0.125);
#4042=CYLINDRICAL_SURFACE('',#4783,0.00490625);
#4043=CYLINDRICAL_SURFACE('',#4784,0.00490624999999995);
#4044=CYLINDRICAL_SURFACE('',#4785,0.00490625);
#4045=CYLINDRICAL_SURFACE('',#4787,0.00490624999999995);
#4046=CYLINDRICAL_SURFACE('',#4789,0.00490625);
#4047=CYLINDRICAL_SURFACE('',#4791,0.00490624999999995);
#4048=CYLINDRICAL_SURFACE('',#4793,0.00490625);
#4049=CYLINDRICAL_SURFACE('',#4795,0.00490624999999995);
#4050=CYLINDRICAL_SURFACE('',#4797,0.00490625);
#4051=CYLINDRICAL_SURFACE('',#4799,0.00490624999999995);
#4052=CYLINDRICAL_SURFACE('',#4801,0.00490625);
#4053=CYLINDRICAL_SURFACE('',#4803,0.00490624999999995);
#4054=CYLINDRICAL_SURFACE('',#4805,0.00490625);
#4055=CYLINDRICAL_SURFACE('',#4807,0.00490624999999995);
#4056=CYLINDRICAL_SURFACE('',#4809,0.00490625);
#4057=CYLINDRICAL_SURFACE('',#4811,0.00490624999999995);
#4058=CYLINDRICAL_SURFACE('',#4813,0.00490625);
#4059=CYLINDRICAL_SURFACE('',#4815,0.00490624999999995);
#4060=CYLINDRICAL_SURFACE('',#4817,0.00490625);
#4061=CYLINDRICAL_SURFACE('',#4819,0.00490624999999995);
#4062=CYLINDRICAL_SURFACE('',#4821,0.00490625);
#4063=CYLINDRICAL_SURFACE('',#4823,0.00490624999999995);
#4064=CYLINDRICAL_SURFACE('',#4825,0.00490625);
#4065=CYLINDRICAL_SURFACE('',#4827,0.00490624999999995);
#4066=CYLINDRICAL_SURFACE('',#4829,0.00490625);
#4067=CYLINDRICAL_SURFACE('',#4831,0.00490624999999995);
#4068=CYLINDRICAL_SURFACE('',#4833,0.00490625);
#4069=CYLINDRICAL_SURFACE('',#4835,0.00490624999999995);
#4070=CYLINDRICAL_SURFACE('',#4837,0.00490625);
#4071=CYLINDRICAL_SURFACE('',#4839,0.00490624999999995);
#4072=CYLINDRICAL_SURFACE('',#4841,0.00490625);
#4073=CYLINDRICAL_SURFACE('',#4843,0.00490624999999995);
#4074=CYLINDRICAL_SURFACE('',#4845,0.00490625);
#4075=CYLINDRICAL_SURFACE('',#4847,0.00490624999999995);
#4076=CYLINDRICAL_SURFACE('',#4849,0.00490625);
#4077=CYLINDRICAL_SURFACE('',#4851,0.00490624999999995);
#4078=CYLINDRICAL_SURFACE('',#4853,0.00490625);
#4079=CYLINDRICAL_SURFACE('',#4855,0.00490624999999995);
#4080=CYLINDRICAL_SURFACE('',#4857,0.00490625);
#4081=CYLINDRICAL_SURFACE('',#4859,0.00490624999999995);
#4082=CYLINDRICAL_SURFACE('',#4861,0.00490625);
#4083=CYLINDRICAL_SURFACE('',#4863,0.00490624999999995);
#4084=CYLINDRICAL_SURFACE('',#4865,0.00490625);
#4085=CYLINDRICAL_SURFACE('',#4867,0.00490624999999995);
#4086=CYLINDRICAL_SURFACE('',#4869,0.00490625);
#4087=CYLINDRICAL_SURFACE('',#4871,0.00490624999999995);
#4088=CYLINDRICAL_SURFACE('',#4873,0.00490625);
#4089=CYLINDRICAL_SURFACE('',#4876,0.00490624999999995);
#4090=CYLINDRICAL_SURFACE('',#4879,0.056);
#4091=STYLED_ITEM('',(#4450),#4198);
#4092=STYLED_ITEM('',(#4450),#4199);
#4093=STYLED_ITEM('',(#4450),#4200);
#4094=STYLED_ITEM('',(#4450),#4201);
#4095=STYLED_ITEM('',(#4450),#4202);
#4096=STYLED_ITEM('',(#4450),#4203);
#4097=STYLED_ITEM('',(#4450),#4204);
#4098=STYLED_ITEM('',(#4450),#4205);
#4099=STYLED_ITEM('',(#4450),#4206);
#4100=STYLED_ITEM('',(#4450),#4207);
#4101=STYLED_ITEM('',(#4450),#4208);
#4102=STYLED_ITEM('',(#4450),#4209);
#4103=STYLED_ITEM('',(#4450),#4210);
#4104=STYLED_ITEM('',(#4450),#4211);
#4105=STYLED_ITEM('',(#4450),#4212);
#4106=STYLED_ITEM('',(#4450),#4213);
#4107=STYLED_ITEM('',(#4450),#4214);
#4108=STYLED_ITEM('',(#4450),#4215);
#4109=STYLED_ITEM('',(#4450),#4216);
#4110=STYLED_ITEM('',(#4450),#4217);
#4111=STYLED_ITEM('',(#4450),#4218);
#4112=STYLED_ITEM('',(#4450),#4219);
#4113=STYLED_ITEM('',(#4450),#4220);
#4114=STYLED_ITEM('',(#4450),#4221);
#4115=STYLED_ITEM('',(#4450),#4222);
#4116=STYLED_ITEM('',(#4450),#4223);
#4117=STYLED_ITEM('',(#4450),#4224);
#4118=STYLED_ITEM('',(#4450),#4225);
#4119=STYLED_ITEM('',(#4450),#4226);
#4120=STYLED_ITEM('',(#4450),#4227);
#4121=STYLED_ITEM('',(#4450),#4228);
#4122=STYLED_ITEM('',(#4450),#4229);
#4123=STYLED_ITEM('',(#4450),#4230);
#4124=STYLED_ITEM('',(#4450),#4231);
#4125=STYLED_ITEM('',(#4450),#4232);
#4126=STYLED_ITEM('',(#4450),#4233);
#4127=STYLED_ITEM('',(#4450),#4234);
#4128=STYLED_ITEM('',(#4450),#4235);
#4129=STYLED_ITEM('',(#4450),#4236);
#4130=STYLED_ITEM('',(#4450),#4237);
#4131=STYLED_ITEM('',(#4450),#4238);
#4132=STYLED_ITEM('',(#4450),#4239);
#4133=STYLED_ITEM('',(#4450),#4240);
#4134=STYLED_ITEM('',(#4450),#4241);
#4135=STYLED_ITEM('',(#4450),#4242);
#4136=STYLED_ITEM('',(#4450),#4243);
#4137=STYLED_ITEM('',(#4450),#4244);
#4138=STYLED_ITEM('',(#4450),#4245);
#4139=STYLED_ITEM('',(#4450),#4246);
#4140=STYLED_ITEM('',(#4450),#4247);
#4141=STYLED_ITEM('',(#4450),#4248);
#4142=STYLED_ITEM('',(#4450),#4249);
#4143=STYLED_ITEM('',(#4450),#4250);
#4144=STYLED_ITEM('',(#4450),#4251);
#4145=STYLED_ITEM('',(#4450),#4252);
#4146=STYLED_ITEM('',(#4450),#4253);
#4147=STYLED_ITEM('',(#4450),#4254);
#4148=STYLED_ITEM('',(#4450),#4255);
#4149=STYLED_ITEM('',(#4450),#4256);
#4150=STYLED_ITEM('',(#4450),#4257);
#4151=STYLED_ITEM('',(#4450),#4258);
#4152=STYLED_ITEM('',(#4450),#4259);
#4153=STYLED_ITEM('',(#4450),#4260);
#4154=STYLED_ITEM('',(#4450),#4261);
#4155=STYLED_ITEM('',(#4450),#4262);
#4156=STYLED_ITEM('',(#4450),#4263);
#4157=STYLED_ITEM('',(#4450),#4264);
#4158=STYLED_ITEM('',(#4450),#4265);
#4159=STYLED_ITEM('',(#4450),#4266);
#4160=STYLED_ITEM('',(#4450),#4267);
#4161=STYLED_ITEM('',(#4450),#4268);
#4162=STYLED_ITEM('',(#4450),#4269);
#4163=STYLED_ITEM('',(#4450),#4270);
#4164=STYLED_ITEM('',(#4450),#4271);
#4165=STYLED_ITEM('',(#4450),#4272);
#4166=STYLED_ITEM('',(#4450),#4273);
#4167=STYLED_ITEM('',(#4450),#4274);
#4168=STYLED_ITEM('',(#4450),#4275);
#4169=STYLED_ITEM('',(#4450),#4276);
#4170=STYLED_ITEM('',(#4450),#4277);
#4171=STYLED_ITEM('',(#4450),#4278);
#4172=STYLED_ITEM('',(#4450),#4279);
#4173=STYLED_ITEM('',(#4450),#4280);
#4174=STYLED_ITEM('',(#4450),#4281);
#4175=STYLED_ITEM('',(#4450),#4282);
#4176=STYLED_ITEM('',(#4450),#4283);
#4177=STYLED_ITEM('',(#4450),#4284);
#4178=STYLED_ITEM('',(#4450),#4285);
#4179=STYLED_ITEM('',(#4450),#4286);
#4180=STYLED_ITEM('',(#4450),#4287);
#4181=STYLED_ITEM('',(#4450),#4288);
#4182=STYLED_ITEM('',(#4450),#4289);
#4183=STYLED_ITEM('',(#4450),#4290);
#4184=STYLED_ITEM('',(#4450),#4291);
#4185=STYLED_ITEM('',(#4450),#4292);
#4186=STYLED_ITEM('',(#4450),#4293);
#4187=STYLED_ITEM('',(#4450),#4294);
#4188=STYLED_ITEM('',(#4450),#4295);
#4189=STYLED_ITEM('',(#4450),#4296);
#4190=STYLED_ITEM('',(#4450),#4297);
#4191=STYLED_ITEM('',(#4450),#4298);
#4192=STYLED_ITEM('',(#4450),#4299);
#4193=STYLED_ITEM('',(#4450),#4300);
#4194=STYLED_ITEM('',(#4450),#4301);
#4195=STYLED_ITEM('',(#4450),#4302);
#4196=STYLED_ITEM('',(#4449),#162);
#4197=STYLED_ITEM('',(#4451),#163);
#4198=ADVANCED_FACE('',(#324),#3982,.T.);
#4199=ADVANCED_FACE('',(#325,#164,#165,#166,#167,#168,#169,#170,#171,#172,
#173,#174,#175,#176,#177,#178),#218,.T.);
#4200=ADVANCED_FACE('',(#326),#219,.F.);
#4201=ADVANCED_FACE('',(#327),#3983,.T.);
#4202=ADVANCED_FACE('',(#328),#220,.T.);
#4203=ADVANCED_FACE('',(#329,#179,#180),#221,.T.);
#4204=ADVANCED_FACE('',(#330),#3984,.T.);
#4205=ADVANCED_FACE('',(#331),#222,.T.);
#4206=ADVANCED_FACE('',(#332),#3985,.T.);
#4207=ADVANCED_FACE('',(#333,#181,#182),#223,.T.);
#4208=ADVANCED_FACE('',(#334),#224,.T.);
#4209=ADVANCED_FACE('',(#335),#3986,.T.);
#4210=ADVANCED_FACE('',(#336),#225,.F.);
#4211=ADVANCED_FACE('',(#337,#183,#184),#226,.F.);
#4212=ADVANCED_FACE('',(#338),#3987,.T.);
#4213=ADVANCED_FACE('',(#339),#3988,.F.);
#4214=ADVANCED_FACE('',(#340),#3989,.F.);
#4215=ADVANCED_FACE('',(#341),#3990,.F.);
#4216=ADVANCED_FACE('',(#342),#3991,.F.);
#4217=ADVANCED_FACE('',(#343),#3992,.F.);
#4218=ADVANCED_FACE('',(#344),#3993,.F.);
#4219=ADVANCED_FACE('',(#345),#3994,.F.);
#4220=ADVANCED_FACE('',(#346),#3995,.F.);
#4221=ADVANCED_FACE('',(#347),#3996,.F.);
#4222=ADVANCED_FACE('',(#348),#3997,.F.);
#4223=ADVANCED_FACE('',(#349),#3998,.F.);
#4224=ADVANCED_FACE('',(#350),#227,.F.);
#4225=ADVANCED_FACE('',(#351),#3999,.F.);
#4226=ADVANCED_FACE('',(#352),#228,.F.);
#4227=ADVANCED_FACE('',(#353),#4000,.F.);
#4228=ADVANCED_FACE('',(#354),#229,.F.);
#4229=ADVANCED_FACE('',(#355),#4001,.F.);
#4230=ADVANCED_FACE('',(#356),#230,.F.);
#4231=ADVANCED_FACE('',(#357),#4002,.F.);
#4232=ADVANCED_FACE('',(#358),#231,.F.);
#4233=ADVANCED_FACE('',(#359),#4003,.F.);
#4234=ADVANCED_FACE('',(#360),#232,.F.);
#4235=ADVANCED_FACE('',(#361),#4004,.F.);
#4236=ADVANCED_FACE('',(#362),#233,.F.);
#4237=ADVANCED_FACE('',(#363),#4005,.F.);
#4238=ADVANCED_FACE('',(#364),#234,.F.);
#4239=ADVANCED_FACE('',(#365),#4006,.F.);
#4240=ADVANCED_FACE('',(#366),#235,.F.);
#4241=ADVANCED_FACE('',(#367),#4007,.F.);
#4242=ADVANCED_FACE('',(#368),#236,.F.);
#4243=ADVANCED_FACE('',(#369),#4008,.F.);
#4244=ADVANCED_FACE('',(#370),#237,.F.);
#4245=ADVANCED_FACE('',(#371),#4009,.F.);
#4246=ADVANCED_FACE('',(#372),#238,.F.);
#4247=ADVANCED_FACE('',(#373),#4010,.F.);
#4248=ADVANCED_FACE('',(#374),#239,.F.);
#4249=ADVANCED_FACE('',(#375),#4011,.F.);
#4250=ADVANCED_FACE('',(#376),#240,.F.);
#4251=ADVANCED_FACE('',(#377),#4012,.F.);
#4252=ADVANCED_FACE('',(#378),#241,.F.);
#4253=ADVANCED_FACE('',(#379),#4013,.F.);
#4254=ADVANCED_FACE('',(#380),#242,.F.);
#4255=ADVANCED_FACE('',(#381),#4014,.F.);
#4256=ADVANCED_FACE('',(#382),#243,.F.);
#4257=ADVANCED_FACE('',(#383),#4015,.F.);
#4258=ADVANCED_FACE('',(#384),#244,.F.);
#4259=ADVANCED_FACE('',(#385),#4016,.F.);
#4260=ADVANCED_FACE('',(#386),#245,.F.);
#4261=ADVANCED_FACE('',(#387),#4017,.F.);
#4262=ADVANCED_FACE('',(#388),#246,.F.);
#4263=ADVANCED_FACE('',(#389),#4018,.F.);
#4264=ADVANCED_FACE('',(#390),#247,.F.);
#4265=ADVANCED_FACE('',(#391),#4019,.F.);
#4266=ADVANCED_FACE('',(#392),#248,.F.);
#4267=ADVANCED_FACE('',(#393),#4020,.F.);
#4268=ADVANCED_FACE('',(#394),#249,.F.);
#4269=ADVANCED_FACE('',(#395),#4021,.F.);
#4270=ADVANCED_FACE('',(#396),#250,.F.);
#4271=ADVANCED_FACE('',(#397),#4022,.F.);
#4272=ADVANCED_FACE('',(#398),#251,.F.);
#4273=ADVANCED_FACE('',(#399),#4023,.F.);
#4274=ADVANCED_FACE('',(#400),#252,.F.);
#4275=ADVANCED_FACE('',(#401),#4024,.F.);
#4276=ADVANCED_FACE('',(#402),#253,.F.);
#4277=ADVANCED_FACE('',(#403),#4025,.F.);
#4278=ADVANCED_FACE('',(#404),#254,.F.);
#4279=ADVANCED_FACE('',(#405),#4026,.F.);
#4280=ADVANCED_FACE('',(#406),#255,.F.);
#4281=ADVANCED_FACE('',(#407),#4027,.F.);
#4282=ADVANCED_FACE('',(#408),#256,.F.);
#4283=ADVANCED_FACE('',(#409),#4028,.T.);
#4284=ADVANCED_FACE('',(#410),#257,.T.);
#4285=ADVANCED_FACE('',(#411,#185,#186,#187,#188,#189,#190),#258,.T.);
#4286=ADVANCED_FACE('',(#412,#191,#192),#259,.F.);
#4287=ADVANCED_FACE('',(#413),#260,.T.);
#4288=ADVANCED_FACE('',(#414),#261,.T.);
#4289=ADVANCED_FACE('',(#415),#4029,.T.);
#4290=ADVANCED_FACE('',(#416),#4030,.F.);
#4291=ADVANCED_FACE('',(#417),#262,.T.);
#4292=ADVANCED_FACE('',(#418),#263,.T.);
#4293=ADVANCED_FACE('',(#419,#193,#194,#195,#196,#197,#198),#264,.F.);
#4294=ADVANCED_FACE('',(#420),#265,.T.);
#4295=ADVANCED_FACE('',(#421),#266,.T.);
#4296=ADVANCED_FACE('',(#422),#4031,.F.);
#4297=ADVANCED_FACE('',(#423),#267,.T.);
#4298=ADVANCED_FACE('',(#424),#268,.T.);
#4299=ADVANCED_FACE('',(#425,#199,#200,#201,#202,#203,#204,#205,#206,#207,
#208,#209,#210,#211,#212,#213),#269,.F.);
#4300=ADVANCED_FACE('',(#426),#270,.T.);
#4301=ADVANCED_FACE('',(#427),#271,.T.);
#4302=ADVANCED_FACE('',(#428),#4032,.F.);
#4303=ADVANCED_FACE('',(#429),#4033,.F.);
#4304=ADVANCED_FACE('',(#430),#4034,.F.);
#4305=ADVANCED_FACE('',(#431),#4035,.F.);
#4306=ADVANCED_FACE('',(#432),#4036,.F.);
#4307=ADVANCED_FACE('',(#433),#4037,.F.);
#4308=ADVANCED_FACE('',(#434),#4038,.F.);
#4309=ADVANCED_FACE('',(#435),#93,.F.);
#4310=ADVANCED_FACE('',(#436),#94,.F.);
#4311=ADVANCED_FACE('',(#437),#4039,.F.);
#4312=ADVANCED_FACE('',(#438,#214),#272,.F.);
#4313=ADVANCED_FACE('',(#439,#215),#273,.F.);
#4314=ADVANCED_FACE('',(#440,#216),#274,.F.);
#4315=ADVANCED_FACE('',(#441),#4040,.T.);
#4316=ADVANCED_FACE('',(#442),#33,.T.);
#4317=ADVANCED_FACE('',(#443),#34,.T.);
#4318=ADVANCED_FACE('',(#444),#4041,.T.);
#4319=ADVANCED_FACE('',(#445,#217),#275,.F.);
#4320=ADVANCED_FACE('',(#446),#4042,.T.);
#4321=ADVANCED_FACE('',(#447),#4043,.F.);
#4322=ADVANCED_FACE('',(#448),#4044,.T.);
#4323=ADVANCED_FACE('',(#449),#276,.F.);
#4324=ADVANCED_FACE('',(#450),#4045,.F.);
#4325=ADVANCED_FACE('',(#451),#277,.F.);
#4326=ADVANCED_FACE('',(#452),#4046,.T.);
#4327=ADVANCED_FACE('',(#453),#278,.F.);
#4328=ADVANCED_FACE('',(#454),#4047,.F.);
#4329=ADVANCED_FACE('',(#455),#279,.F.);
#4330=ADVANCED_FACE('',(#456),#4048,.T.);
#4331=ADVANCED_FACE('',(#457),#280,.F.);
#4332=ADVANCED_FACE('',(#458),#4049,.F.);
#4333=ADVANCED_FACE('',(#459),#281,.F.);
#4334=ADVANCED_FACE('',(#460),#4050,.T.);
#4335=ADVANCED_FACE('',(#461),#282,.F.);
#4336=ADVANCED_FACE('',(#462),#4051,.F.);
#4337=ADVANCED_FACE('',(#463),#283,.F.);
#4338=ADVANCED_FACE('',(#464),#4052,.T.);
#4339=ADVANCED_FACE('',(#465),#284,.F.);
#4340=ADVANCED_FACE('',(#466),#4053,.F.);
#4341=ADVANCED_FACE('',(#467),#285,.F.);
#4342=ADVANCED_FACE('',(#468),#4054,.T.);
#4343=ADVANCED_FACE('',(#469),#286,.F.);
#4344=ADVANCED_FACE('',(#470),#4055,.F.);
#4345=ADVANCED_FACE('',(#471),#287,.F.);
#4346=ADVANCED_FACE('',(#472),#4056,.T.);
#4347=ADVANCED_FACE('',(#473),#288,.F.);
#4348=ADVANCED_FACE('',(#474),#4057,.F.);
#4349=ADVANCED_FACE('',(#475),#289,.F.);
#4350=ADVANCED_FACE('',(#476),#4058,.T.);
#4351=ADVANCED_FACE('',(#477),#290,.F.);
#4352=ADVANCED_FACE('',(#478),#4059,.F.);
#4353=ADVANCED_FACE('',(#479),#291,.F.);
#4354=ADVANCED_FACE('',(#480),#4060,.T.);
#4355=ADVANCED_FACE('',(#481),#292,.F.);
#4356=ADVANCED_FACE('',(#482),#4061,.F.);
#4357=ADVANCED_FACE('',(#483),#293,.F.);
#4358=ADVANCED_FACE('',(#484),#4062,.T.);
#4359=ADVANCED_FACE('',(#485),#294,.F.);
#4360=ADVANCED_FACE('',(#486),#4063,.F.);
#4361=ADVANCED_FACE('',(#487),#295,.F.);
#4362=ADVANCED_FACE('',(#488),#4064,.T.);
#4363=ADVANCED_FACE('',(#489),#296,.F.);
#4364=ADVANCED_FACE('',(#490),#4065,.F.);
#4365=ADVANCED_FACE('',(#491),#297,.F.);
#4366=ADVANCED_FACE('',(#492),#4066,.T.);
#4367=ADVANCED_FACE('',(#493),#298,.F.);
#4368=ADVANCED_FACE('',(#494),#4067,.F.);
#4369=ADVANCED_FACE('',(#495),#299,.F.);
#4370=ADVANCED_FACE('',(#496),#4068,.T.);
#4371=ADVANCED_FACE('',(#497),#300,.F.);
#4372=ADVANCED_FACE('',(#498),#4069,.F.);
#4373=ADVANCED_FACE('',(#499),#301,.F.);
#4374=ADVANCED_FACE('',(#500),#4070,.T.);
#4375=ADVANCED_FACE('',(#501),#302,.F.);
#4376=ADVANCED_FACE('',(#502),#4071,.F.);
#4377=ADVANCED_FACE('',(#503),#303,.F.);
#4378=ADVANCED_FACE('',(#504),#4072,.T.);
#4379=ADVANCED_FACE('',(#505),#304,.F.);
#4380=ADVANCED_FACE('',(#506),#4073,.F.);
#4381=ADVANCED_FACE('',(#507),#305,.F.);
#4382=ADVANCED_FACE('',(#508),#4074,.T.);
#4383=ADVANCED_FACE('',(#509),#306,.F.);
#4384=ADVANCED_FACE('',(#510),#4075,.F.);
#4385=ADVANCED_FACE('',(#511),#307,.F.);
#4386=ADVANCED_FACE('',(#512),#4076,.T.);
#4387=ADVANCED_FACE('',(#513),#308,.F.);
#4388=ADVANCED_FACE('',(#514),#4077,.F.);
#4389=ADVANCED_FACE('',(#515),#309,.F.);
#4390=ADVANCED_FACE('',(#516),#4078,.T.);
#4391=ADVANCED_FACE('',(#517),#310,.F.);
#4392=ADVANCED_FACE('',(#518),#4079,.F.);
#4393=ADVANCED_FACE('',(#519),#311,.F.);
#4394=ADVANCED_FACE('',(#520),#4080,.T.);
#4395=ADVANCED_FACE('',(#521),#312,.F.);
#4396=ADVANCED_FACE('',(#522),#4081,.F.);
#4397=ADVANCED_FACE('',(#523),#313,.F.);
#4398=ADVANCED_FACE('',(#524),#4082,.T.);
#4399=ADVANCED_FACE('',(#525),#314,.F.);
#4400=ADVANCED_FACE('',(#526),#4083,.F.);
#4401=ADVANCED_FACE('',(#527),#315,.F.);
#4402=ADVANCED_FACE('',(#528),#4084,.T.);
#4403=ADVANCED_FACE('',(#529),#316,.F.);
#4404=ADVANCED_FACE('',(#530),#4085,.F.);
#4405=ADVANCED_FACE('',(#531),#317,.F.);
#4406=ADVANCED_FACE('',(#532),#4086,.T.);
#4407=ADVANCED_FACE('',(#533),#318,.F.);
#4408=ADVANCED_FACE('',(#534),#4087,.F.);
#4409=ADVANCED_FACE('',(#535),#319,.F.);
#4410=ADVANCED_FACE('',(#536),#4088,.T.);
#4411=ADVANCED_FACE('',(#537),#320,.F.);
#4412=ADVANCED_FACE('',(#538),#321,.F.);
#4413=ADVANCED_FACE('',(#539),#4089,.F.);
#4414=ADVANCED_FACE('',(#540),#322,.F.);
#4415=ADVANCED_FACE('',(#541),#323,.F.);
#4416=ADVANCED_FACE('',(#542),#4090,.F.);
#4417=ADVANCED_FACE('',(#543),#35,.T.);
#4418=ADVANCED_FACE('',(#544),#31,.T.);
#4419=ADVANCED_FACE('',(#545),#32,.T.);
#4420=ADVANCED_FACE('',(#546),#36,.F.);
#4421=ADVANCED_FACE('',(#547),#37,.F.);
#4422=CLOSED_SHELL('',(#4198,#4199,#4200,#4201,#4202,#4203,#4204,#4205,
#4206,#4207,#4208,#4209,#4210,#4211,#4212,#4213,#4214,#4215,#4216,#4217,
#4218,#4219,#4220,#4221,#4222,#4223,#4224,#4225,#4226,#4227,#4228,#4229,
#4230,#4231,#4232,#4233,#4234,#4235,#4236,#4237,#4238,#4239,#4240,#4241,
#4242,#4243,#4244,#4245,#4246,#4247,#4248,#4249,#4250,#4251,#4252,#4253,
#4254,#4255,#4256,#4257,#4258,#4259,#4260,#4261,#4262,#4263,#4264,#4265,
#4266,#4267,#4268,#4269,#4270,#4271,#4272,#4273,#4274,#4275,#4276,#4277,
#4278,#4279,#4280,#4281,#4282,#4283,#4284,#4285,#4286,#4287,#4288,#4289,
#4290,#4291,#4292,#4293,#4294,#4295,#4296,#4297,#4298,#4299,#4300,#4301,
#4302));
#4423=CLOSED_SHELL('',(#4303,#4304,#4305,#4306,#4307,#4308,#4309,#4310,
#4311,#4312,#4313,#4314,#4315,#4316,#4317,#4318,#4319,#4320,#4321,#4322,
#4323,#4324,#4325,#4326,#4327,#4328,#4329,#4330,#4331,#4332,#4333,#4334,
#4335,#4336,#4337,#4338,#4339,#4340,#4341,#4342,#4343,#4344,#4345,#4346,
#4347,#4348,#4349,#4350,#4351,#4352,#4353,#4354,#4355,#4356,#4357,#4358,
#4359,#4360,#4361,#4362,#4363,#4364,#4365,#4366,#4367,#4368,#4369,#4370,
#4371,#4372,#4373,#4374,#4375,#4376,#4377,#4378,#4379,#4380,#4381,#4382,
#4383,#4384,#4385,#4386,#4387,#4388,#4389,#4390,#4391,#4392,#4393,#4394,
#4395,#4396,#4397,#4398,#4399,#4400,#4401,#4402,#4403,#4404,#4405,#4406,
#4407,#4408,#4409,#4410,#4411,#4412,#4413,#4414,#4415,#4416,#4417,#4418,
#4419,#4420,#4421));
#4424=DERIVED_UNIT_ELEMENT(#4428,1.);
#4425=DERIVED_UNIT_ELEMENT(#8359,-3.);
#4426=DERIVED_UNIT_ELEMENT(#4428,1.);
#4427=DERIVED_UNIT_ELEMENT(#8359,-3.);
#4428=(
CONVERSION_BASED_UNIT('gram',#4430)
MASS_UNIT()
NAMED_UNIT(#8356)
);
#4429=(
MASS_UNIT()
NAMED_UNIT(*)
SI_UNIT(.KILO.,.GRAM.)
);
#4430=MASS_MEASURE_WITH_UNIT(MASS_MEASURE(0.001),#4429);
#4431=DERIVED_UNIT((#4424,#4425));
#4432=DERIVED_UNIT((#4426,#4427));
#4433=MEASURE_REPRESENTATION_ITEM('density measure',
POSITIVE_RATIO_MEASURE(1.),#4431);
#4434=MEASURE_REPRESENTATION_ITEM('density measure',
POSITIVE_RATIO_MEASURE(1.),#4432);
#4435=PROPERTY_DEFINITION_REPRESENTATION(#4445,#4439);
#4436=PROPERTY_DEFINITION_REPRESENTATION(#4446,#4440);
#4437=PROPERTY_DEFINITION_REPRESENTATION(#4447,#4441);
#4438=PROPERTY_DEFINITION_REPRESENTATION(#4448,#4442);
#4439=REPRESENTATION('material name',(#4443),#8352);
#4440=REPRESENTATION('density',(#4433),#8352);
#4441=REPRESENTATION('material name',(#4444),#8353);
#4442=REPRESENTATION('density',(#4434),#8353);
#4443=DESCRIPTIVE_REPRESENTATION_ITEM('Generic','Generic');
#4444=DESCRIPTIVE_REPRESENTATION_ITEM('Generic','Generic');
#4445=PROPERTY_DEFINITION('material property','material name',#8379);
#4446=PROPERTY_DEFINITION('material property','density of part',#8379);
#4447=PROPERTY_DEFINITION('material property','material name',#8380);
#4448=PROPERTY_DEFINITION('material property','density of part',#8380);
#4449=PRESENTATION_STYLE_ASSIGNMENT((#4452));
#4450=PRESENTATION_STYLE_ASSIGNMENT((#4453));
#4451=PRESENTATION_STYLE_ASSIGNMENT((#4454));
#4452=SURFACE_STYLE_USAGE(.BOTH.,#4461);
#4453=SURFACE_STYLE_USAGE(.BOTH.,#4462);
#4454=SURFACE_STYLE_USAGE(.BOTH.,#4463);
#4455=SURFACE_STYLE_RENDERING_WITH_PROPERTIES($,#4473,(#4458));
#4456=SURFACE_STYLE_RENDERING_WITH_PROPERTIES($,#4474,(#4459));
#4457=SURFACE_STYLE_RENDERING_WITH_PROPERTIES($,#4475,(#4460));
#4458=SURFACE_STYLE_TRANSPARENT(0.);
#4459=SURFACE_STYLE_TRANSPARENT(0.);
#4460=SURFACE_STYLE_TRANSPARENT(0.);
#4461=SURFACE_SIDE_STYLE('',(#4464,#4455));
#4462=SURFACE_SIDE_STYLE('',(#4465,#4456));
#4463=SURFACE_SIDE_STYLE('',(#4466,#4457));
#4464=SURFACE_STYLE_FILL_AREA(#4467);
#4465=SURFACE_STYLE_FILL_AREA(#4468);
#4466=SURFACE_STYLE_FILL_AREA(#4469);
#4467=FILL_AREA_STYLE('',(#4470));
#4468=FILL_AREA_STYLE('',(#4471));
#4469=FILL_AREA_STYLE('',(#4472));
#4470=FILL_AREA_STYLE_COLOUR('',#4473);
#4471=FILL_AREA_STYLE_COLOUR('',#4474);
#4472=FILL_AREA_STYLE_COLOUR('',#4475);
#4473=COLOUR_RGB('',0.749019607843137,0.749019607843137,0.749019607843137);
#4474=COLOUR_RGB('',0.745098039215686,0.737254901960784,0.729411764705882);
#4475=COLOUR_RGB('',0.752941176470588,0.752941176470588,0.752941176470588);
#4476=DATE_TIME_ROLE('creation_date');
#4477=DATE_TIME_ROLE('creation_date');
#4478=DATE_TIME_ROLE('creation_date');
#4479=APPLIED_DATE_AND_TIME_ASSIGNMENT(#4482,#4476,(#8378));
#4480=APPLIED_DATE_AND_TIME_ASSIGNMENT(#4483,#4477,(#8379));
#4481=APPLIED_DATE_AND_TIME_ASSIGNMENT(#4484,#4478,(#8380));
#4482=DATE_AND_TIME(#4485,#4488);
#4483=DATE_AND_TIME(#4486,#4489);
#4484=DATE_AND_TIME(#4487,#4490);
#4485=CALENDAR_DATE(2025,23,1);
#4486=CALENDAR_DATE(2025,23,1);
#4487=CALENDAR_DATE(2023,21,2);
#4488=LOCAL_TIME(0,0,0.,#4491);
#4489=LOCAL_TIME(0,0,0.,#4492);
#4490=LOCAL_TIME(21,18,48.,#4493);
#4491=COORDINATED_UNIVERSAL_TIME_OFFSET(0,0,.BEHIND.);
#4492=COORDINATED_UNIVERSAL_TIME_OFFSET(0,0,.BEHIND.);
#4493=COORDINATED_UNIVERSAL_TIME_OFFSET(0,0,.BEHIND.);
#4494=AXIS2_PLACEMENT_3D('',#6036,#4894,#4895);
#4495=AXIS2_PLACEMENT_3D('',#6037,#4896,#4897);
#4496=AXIS2_PLACEMENT_3D('',#6038,#4898,#4899);
#4497=AXIS2_PLACEMENT_3D('',#6041,#4900,#4901);
#4498=AXIS2_PLACEMENT_3D('',#6045,#4903,#4904);
#4499=AXIS2_PLACEMENT_3D('',#6047,#4906,#4907);
#4500=AXIS2_PLACEMENT_3D('',#6059,#4913,#4914);
#4501=AXIS2_PLACEMENT_3D('',#6063,#4916,#4917);
#4502=AXIS2_PLACEMENT_3D('',#6067,#4919,#4920);
#4503=AXIS2_PLACEMENT_3D('',#6071,#4922,#4923);
#4504=AXIS2_PLACEMENT_3D('',#6075,#4925,#4926);
#4505=AXIS2_PLACEMENT_3D('',#6079,#4928,#4929);
#4506=AXIS2_PLACEMENT_3D('',#6083,#4931,#4932);
#4507=AXIS2_PLACEMENT_3D('',#6087,#4934,#4935);
#4508=AXIS2_PLACEMENT_3D('',#6091,#4937,#4938);
#4509=AXIS2_PLACEMENT_3D('',#6095,#4940,#4941);
#4510=AXIS2_PLACEMENT_3D('',#6099,#4943,#4944);
#4511=AXIS2_PLACEMENT_3D('',#6103,#4946,#4947);
#4512=AXIS2_PLACEMENT_3D('',#6107,#4949,#4950);
#4513=AXIS2_PLACEMENT_3D('',#6111,#4952,#4953);
#4514=AXIS2_PLACEMENT_3D('',#6115,#4955,#4956);
#4515=AXIS2_PLACEMENT_3D('',#6119,#4958,#4959);
#4516=AXIS2_PLACEMENT_3D('',#6123,#4961,#4962);
#4517=AXIS2_PLACEMENT_3D('',#6127,#4964,#4965);
#4518=AXIS2_PLACEMENT_3D('',#6131,#4967,#4968);
#4519=AXIS2_PLACEMENT_3D('',#6135,#4970,#4971);
#4520=AXIS2_PLACEMENT_3D('',#6139,#4973,#4974);
#4521=AXIS2_PLACEMENT_3D('',#6143,#4976,#4977);
#4522=AXIS2_PLACEMENT_3D('',#6147,#4979,#4980);
#4523=AXIS2_PLACEMENT_3D('',#6151,#4982,#4983);
#4524=AXIS2_PLACEMENT_3D('',#6155,#4985,#4986);
#4525=AXIS2_PLACEMENT_3D('',#6159,#4988,#4989);
#4526=AXIS2_PLACEMENT_3D('',#6163,#4991,#4992);
#4527=AXIS2_PLACEMENT_3D('',#6167,#4994,#4995);
#4528=AXIS2_PLACEMENT_3D('',#6171,#4997,#4998);
#4529=AXIS2_PLACEMENT_3D('',#6175,#5000,#5001);
#4530=AXIS2_PLACEMENT_3D('',#6177,#5003,#5004);
#4531=AXIS2_PLACEMENT_3D('',#6181,#5007,#5008);
#4532=AXIS2_PLACEMENT_3D('',#6184,#5009,#5010);
#4533=AXIS2_PLACEMENT_3D('',#6188,#5012,#5013);
#4534=AXIS2_PLACEMENT_3D('',#6190,#5015,#5016);
#4535=AXIS2_PLACEMENT_3D('',#6196,#5020,#5021);
#4536=AXIS2_PLACEMENT_3D('',#6200,#5023,#5024);
#4537=AXIS2_PLACEMENT_3D('',#6205,#5027,#5028);
#4538=AXIS2_PLACEMENT_3D('',#6207,#5029,#5030);
#4539=AXIS2_PLACEMENT_3D('',#6208,#5031,#5032);
#4540=AXIS2_PLACEMENT_3D('',#6212,#5034,#5035);
#4541=AXIS2_PLACEMENT_3D('',#6214,#5037,#5038);
#4542=AXIS2_PLACEMENT_3D('',#6218,#5041,#5042);
#4543=AXIS2_PLACEMENT_3D('',#6221,#5043,#5044);
#4544=AXIS2_PLACEMENT_3D('',#6225,#5046,#5047);
#4545=AXIS2_PLACEMENT_3D('',#6227,#5049,#5050);
#4546=AXIS2_PLACEMENT_3D('',#6231,#5052,#5053);
#4547=AXIS2_PLACEMENT_3D('',#6238,#5057,#5058);
#4548=AXIS2_PLACEMENT_3D('',#6240,#5059,#5060);
#4549=AXIS2_PLACEMENT_3D('',#6241,#5061,#5062);
#4550=AXIS2_PLACEMENT_3D('',#6245,#5065,#5066);
#4551=AXIS2_PLACEMENT_3D('',#6247,#5067,#5068);
#4552=AXIS2_PLACEMENT_3D('',#6249,#5070,#5071);
#4553=AXIS2_PLACEMENT_3D('',#6250,#5072,#5073);
#4554=AXIS2_PLACEMENT_3D('',#6252,#5074,#5075);
#4555=AXIS2_PLACEMENT_3D('',#6254,#5077,#5078);
#4556=AXIS2_PLACEMENT_3D('',#6259,#5081,#5082);
#4557=AXIS2_PLACEMENT_3D('',#6261,#5083,#5084);
#4558=AXIS2_PLACEMENT_3D('',#6262,#5085,#5086);
#4559=AXIS2_PLACEMENT_3D('',#6265,#5088,#5089);
#4560=AXIS2_PLACEMENT_3D('',#6266,#5090,#5091);
#4561=AXIS2_PLACEMENT_3D('',#6268,#5093,#5094);
#4562=AXIS2_PLACEMENT_3D('',#6270,#5096,#5097);
#4563=AXIS2_PLACEMENT_3D('',#6272,#5098,#5099);
#4564=AXIS2_PLACEMENT_3D('',#6274,#5101,#5102);
#4565=AXIS2_PLACEMENT_3D('',#6276,#5103,#5104);
#4566=AXIS2_PLACEMENT_3D('',#6278,#5106,#5107);
#4567=AXIS2_PLACEMENT_3D('',#6280,#5108,#5109);
#4568=AXIS2_PLACEMENT_3D('',#6283,#5111,#5112);
#4569=AXIS2_PLACEMENT_3D('',#6284,#5113,#5114);
#4570=AXIS2_PLACEMENT_3D('',#6286,#5115,#5116);
#4571=AXIS2_PLACEMENT_3D('',#6289,#5118,#5119);
#4572=AXIS2_PLACEMENT_3D('',#6290,#5120,#5121);
#4573=AXIS2_PLACEMENT_3D('',#6292,#5122,#5123);
#4574=AXIS2_PLACEMENT_3D('',#6295,#5125,#5126);
#4575=AXIS2_PLACEMENT_3D('',#6296,#5127,#5128);
#4576=AXIS2_PLACEMENT_3D('',#6298,#5129,#5130);
#4577=AXIS2_PLACEMENT_3D('',#6301,#5132,#5133);
#4578=AXIS2_PLACEMENT_3D('',#6302,#5134,#5135);
#4579=AXIS2_PLACEMENT_3D('',#6304,#5136,#5137);
#4580=AXIS2_PLACEMENT_3D('',#6307,#5139,#5140);
#4581=AXIS2_PLACEMENT_3D('',#6308,#5141,#5142);
#4582=AXIS2_PLACEMENT_3D('',#6310,#5143,#5144);
#4583=AXIS2_PLACEMENT_3D('',#6313,#5146,#5147);
#4584=AXIS2_PLACEMENT_3D('',#6314,#5148,#5149);
#4585=AXIS2_PLACEMENT_3D('',#6317,#5150,#5151);
#4586=AXIS2_PLACEMENT_3D('',#6320,#5154,#5155);
#4587=AXIS2_PLACEMENT_3D('',#6324,#5158,#5159);
#4588=AXIS2_PLACEMENT_3D('',#6326,#5160,#5161);
#4589=AXIS2_PLACEMENT_3D('',#6328,#5163,#5164);
#4590=AXIS2_PLACEMENT_3D('',#6330,#5166,#5167);
#4591=AXIS2_PLACEMENT_3D('',#6333,#5168,#5169);
#4592=AXIS2_PLACEMENT_3D('',#6336,#5172,#5173);
#4593=AXIS2_PLACEMENT_3D('',#6340,#5176,#5177);
#4594=AXIS2_PLACEMENT_3D('',#6342,#5178,#5179);
#4595=AXIS2_PLACEMENT_3D('',#6344,#5181,#5182);
#4596=AXIS2_PLACEMENT_3D('',#6346,#5184,#5185);
#4597=AXIS2_PLACEMENT_3D('',#6349,#5186,#5187);
#4598=AXIS2_PLACEMENT_3D('',#6352,#5190,#5191);
#4599=AXIS2_PLACEMENT_3D('',#6356,#5194,#5195);
#4600=AXIS2_PLACEMENT_3D('',#6358,#5196,#5197);
#4601=AXIS2_PLACEMENT_3D('',#6360,#5199,#5200);
#4602=AXIS2_PLACEMENT_3D('',#6362,#5202,#5203);
#4603=AXIS2_PLACEMENT_3D('',#6365,#5204,#5205);
#4604=AXIS2_PLACEMENT_3D('',#6368,#5208,#5209);
#4605=AXIS2_PLACEMENT_3D('',#6372,#5212,#5213);
#4606=AXIS2_PLACEMENT_3D('',#6374,#5214,#5215);
#4607=AXIS2_PLACEMENT_3D('',#6376,#5217,#5218);
#4608=AXIS2_PLACEMENT_3D('',#6378,#5220,#5221);
#4609=AXIS2_PLACEMENT_3D('',#6381,#5222,#5223);
#4610=AXIS2_PLACEMENT_3D('',#6384,#5226,#5227);
#4611=AXIS2_PLACEMENT_3D('',#6388,#5230,#5231);
#4612=AXIS2_PLACEMENT_3D('',#6390,#5232,#5233);
#4613=AXIS2_PLACEMENT_3D('',#6392,#5235,#5236);
#4614=AXIS2_PLACEMENT_3D('',#6394,#5238,#5239);
#4615=AXIS2_PLACEMENT_3D('',#6397,#5240,#5241);
#4616=AXIS2_PLACEMENT_3D('',#6400,#5244,#5245);
#4617=AXIS2_PLACEMENT_3D('',#6404,#5248,#5249);
#4618=AXIS2_PLACEMENT_3D('',#6406,#5250,#5251);
#4619=AXIS2_PLACEMENT_3D('',#6408,#5253,#5254);
#4620=AXIS2_PLACEMENT_3D('',#6410,#5256,#5257);
#4621=AXIS2_PLACEMENT_3D('',#6413,#5258,#5259);
#4622=AXIS2_PLACEMENT_3D('',#6416,#5262,#5263);
#4623=AXIS2_PLACEMENT_3D('',#6420,#5266,#5267);
#4624=AXIS2_PLACEMENT_3D('',#6422,#5268,#5269);
#4625=AXIS2_PLACEMENT_3D('',#6424,#5271,#5272);
#4626=AXIS2_PLACEMENT_3D('',#6426,#5274,#5275);
#4627=AXIS2_PLACEMENT_3D('',#6429,#5276,#5277);
#4628=AXIS2_PLACEMENT_3D('',#6432,#5280,#5281);
#4629=AXIS2_PLACEMENT_3D('',#6436,#5284,#5285);
#4630=AXIS2_PLACEMENT_3D('',#6438,#5286,#5287);
#4631=AXIS2_PLACEMENT_3D('',#6440,#5289,#5290);
#4632=AXIS2_PLACEMENT_3D('',#6442,#5292,#5293);
#4633=AXIS2_PLACEMENT_3D('',#6445,#5294,#5295);
#4634=AXIS2_PLACEMENT_3D('',#6448,#5298,#5299);
#4635=AXIS2_PLACEMENT_3D('',#6452,#5302,#5303);
#4636=AXIS2_PLACEMENT_3D('',#6454,#5304,#5305);
#4637=AXIS2_PLACEMENT_3D('',#6456,#5307,#5308);
#4638=AXIS2_PLACEMENT_3D('',#6458,#5310,#5311);
#4639=AXIS2_PLACEMENT_3D('',#6461,#5312,#5313);
#4640=AXIS2_PLACEMENT_3D('',#6464,#5316,#5317);
#4641=AXIS2_PLACEMENT_3D('',#6468,#5320,#5321);
#4642=AXIS2_PLACEMENT_3D('',#6470,#5322,#5323);
#4643=AXIS2_PLACEMENT_3D('',#6472,#5325,#5326);
#4644=AXIS2_PLACEMENT_3D('',#6474,#5328,#5329);
#4645=AXIS2_PLACEMENT_3D('',#6477,#5330,#5331);
#4646=AXIS2_PLACEMENT_3D('',#6480,#5334,#5335);
#4647=AXIS2_PLACEMENT_3D('',#6484,#5338,#5339);
#4648=AXIS2_PLACEMENT_3D('',#6486,#5340,#5341);
#4649=AXIS2_PLACEMENT_3D('',#6488,#5343,#5344);
#4650=AXIS2_PLACEMENT_3D('',#6490,#5346,#5347);
#4651=AXIS2_PLACEMENT_3D('',#6493,#5348,#5349);
#4652=AXIS2_PLACEMENT_3D('',#6496,#5352,#5353);
#4653=AXIS2_PLACEMENT_3D('',#6500,#5356,#5357);
#4654=AXIS2_PLACEMENT_3D('',#6502,#5358,#5359);
#4655=AXIS2_PLACEMENT_3D('',#6504,#5361,#5362);
#4656=AXIS2_PLACEMENT_3D('',#6506,#5364,#5365);
#4657=AXIS2_PLACEMENT_3D('',#6509,#5366,#5367);
#4658=AXIS2_PLACEMENT_3D('',#6512,#5370,#5371);
#4659=AXIS2_PLACEMENT_3D('',#6516,#5374,#5375);
#4660=AXIS2_PLACEMENT_3D('',#6518,#5376,#5377);
#4661=AXIS2_PLACEMENT_3D('',#6520,#5379,#5380);
#4662=AXIS2_PLACEMENT_3D('',#6522,#5382,#5383);
#4663=AXIS2_PLACEMENT_3D('',#6525,#5384,#5385);
#4664=AXIS2_PLACEMENT_3D('',#6528,#5388,#5389);
#4665=AXIS2_PLACEMENT_3D('',#6532,#5392,#5393);
#4666=AXIS2_PLACEMENT_3D('',#6534,#5394,#5395);
#4667=AXIS2_PLACEMENT_3D('',#6536,#5397,#5398);
#4668=AXIS2_PLACEMENT_3D('',#6538,#5400,#5401);
#4669=AXIS2_PLACEMENT_3D('',#6541,#5402,#5403);
#4670=AXIS2_PLACEMENT_3D('',#6544,#5406,#5407);
#4671=AXIS2_PLACEMENT_3D('',#6548,#5410,#5411);
#4672=AXIS2_PLACEMENT_3D('',#6550,#5412,#5413);
#4673=AXIS2_PLACEMENT_3D('',#6552,#5415,#5416);
#4674=AXIS2_PLACEMENT_3D('',#6554,#5418,#5419);
#4675=AXIS2_PLACEMENT_3D('',#6557,#5421,#5422);
#4676=AXIS2_PLACEMENT_3D('',#6560,#5424,#5425);
#4677=AXIS2_PLACEMENT_3D('',#6561,#5426,#5427);
#4678=AXIS2_PLACEMENT_3D('',#6563,#5428,#5429);
#4679=AXIS2_PLACEMENT_3D('',#6565,#5431,#5432);
#4680=AXIS2_PLACEMENT_3D('',#6573,#5437,#5438);
#4681=AXIS2_PLACEMENT_3D('',#6575,#5440,#5441);
#4682=AXIS2_PLACEMENT_3D('',#6580,#5445,#5446);
#4683=AXIS2_PLACEMENT_3D('',#6581,#5447,#5448);
#4684=AXIS2_PLACEMENT_3D('',#6582,#5449,#5450);
#4685=AXIS2_PLACEMENT_3D('',#6586,#5452,#5453);
#4686=AXIS2_PLACEMENT_3D('',#6589,#5455,#5456);
#4687=AXIS2_PLACEMENT_3D('',#6590,#5457,#5458);
#4688=AXIS2_PLACEMENT_3D('',#6591,#5459,#5460);
#4689=AXIS2_PLACEMENT_3D('',#6593,#5462,#5463);
#4690=AXIS2_PLACEMENT_3D('',#6595,#5465,#5466);
#4691=AXIS2_PLACEMENT_3D('',#6597,#5468,#5469);
#4692=AXIS2_PLACEMENT_3D('',#6598,#5470,#5471);
#4693=AXIS2_PLACEMENT_3D('',#6601,#5474,#5475);
#4694=AXIS2_PLACEMENT_3D('',#6602,#5476,#5477);
#4695=AXIS2_PLACEMENT_3D('',#6603,#5478,#5479);
#4696=AXIS2_PLACEMENT_3D('',#6604,#5480,#5481);
#4697=AXIS2_PLACEMENT_3D('',#6606,#5483,#5484);
#4698=AXIS2_PLACEMENT_3D('',#6608,#5486,#5487);
#4699=AXIS2_PLACEMENT_3D('',#6610,#5489,#5490);
#4700=AXIS2_PLACEMENT_3D('',#6611,#5491,#5492);
#4701=AXIS2_PLACEMENT_3D('',#6612,#5493,#5494);
#4702=AXIS2_PLACEMENT_3D('',#6613,#5495,#5496);
#4703=AXIS2_PLACEMENT_3D('',#6614,#5497,#5498);
#4704=AXIS2_PLACEMENT_3D('',#6615,#5499,#5500);
#4705=AXIS2_PLACEMENT_3D('',#6630,#5502,#5503);
#4706=AXIS2_PLACEMENT_3D('',#6642,#5504,#5505);
#4707=AXIS2_PLACEMENT_3D('',#6676,#5507,#5508);
#4708=AXIS2_PLACEMENT_3D('',#6695,#5510,#5511);
#4709=AXIS2_PLACEMENT_3D('',#6711,#5512,#5513);
#4710=AXIS2_PLACEMENT_3D('',#6716,#5515,#5516);
#4711=AXIS2_PLACEMENT_3D('',#6720,#5517,#5518);
#4712=AXIS2_PLACEMENT_3D('',#6738,#5520,#5521);
#4713=AXIS2_PLACEMENT_3D('',#6752,#5522,#5523);
#4714=AXIS2_PLACEMENT_3D('',#6761,#5525,#5526);
#4715=AXIS2_PLACEMENT_3D('',#7185,#5527,#5528);
#4716=AXIS2_PLACEMENT_3D('',#7186,#5529,#5530);
#4717=AXIS2_PLACEMENT_3D('',#7188,#5531,#5532);
#4718=AXIS2_PLACEMENT_3D('',#7190,#5533,#5534);
#4719=AXIS2_PLACEMENT_3D('',#7191,#5535,#5536);
#4720=AXIS2_PLACEMENT_3D('',#7193,#5537,#5538);
#4721=AXIS2_PLACEMENT_3D('',#7195,#5539,#5540);
#4722=AXIS2_PLACEMENT_3D('',#7196,#5541,#5542);
#4723=AXIS2_PLACEMENT_3D('',#7198,#5543,#5544);
#4724=AXIS2_PLACEMENT_3D('',#7200,#5545,#5546);
#4725=AXIS2_PLACEMENT_3D('',#7201,#5547,#5548);
#4726=AXIS2_PLACEMENT_3D('',#7204,#5549,#5550);
#4727=AXIS2_PLACEMENT_3D('',#7205,#5551,#5552);
#4728=AXIS2_PLACEMENT_3D('',#7207,#5554,#5555);
#4729=AXIS2_PLACEMENT_3D('',#7209,#5556,#5557);
#4730=AXIS2_PLACEMENT_3D('',#7211,#5559,#5560);
#4731=AXIS2_PLACEMENT_3D('',#7936,#5562,#5563);
#4732=AXIS2_PLACEMENT_3D('',#7938,#5564,#5565);
#4733=AXIS2_PLACEMENT_3D('',#7941,#5567,#5568);
#4734=AXIS2_PLACEMENT_3D('',#7942,#5569,#5570);
#4735=AXIS2_PLACEMENT_3D('',#7947,#5572,#5573);
#4736=AXIS2_PLACEMENT_3D('',#7951,#5575,#5576);
#4737=AXIS2_PLACEMENT_3D('',#7955,#5578,#5579);
#4738=AXIS2_PLACEMENT_3D('',#7959,#5581,#5582);
#4739=AXIS2_PLACEMENT_3D('',#7963,#5584,#5585);
#4740=AXIS2_PLACEMENT_3D('',#7967,#5587,#5588);
#4741=AXIS2_PLACEMENT_3D('',#7971,#5590,#5591);
#4742=AXIS2_PLACEMENT_3D('',#7975,#5593,#5594);
#4743=AXIS2_PLACEMENT_3D('',#7979,#5596,#5597);
#4744=AXIS2_PLACEMENT_3D('',#7983,#5599,#5600);
#4745=AXIS2_PLACEMENT_3D('',#7987,#5602,#5603);
#4746=AXIS2_PLACEMENT_3D('',#7991,#5605,#5606);
#4747=AXIS2_PLACEMENT_3D('',#7995,#5608,#5609);
#4748=AXIS2_PLACEMENT_3D('',#7999,#5611,#5612);
#4749=AXIS2_PLACEMENT_3D('',#8003,#5614,#5615);
#4750=AXIS2_PLACEMENT_3D('',#8007,#5617,#5618);
#4751=AXIS2_PLACEMENT_3D('',#8011,#5620,#5621);
#4752=AXIS2_PLACEMENT_3D('',#8015,#5623,#5624);
#4753=AXIS2_PLACEMENT_3D('',#8019,#5626,#5627);
#4754=AXIS2_PLACEMENT_3D('',#8023,#5629,#5630);
#4755=AXIS2_PLACEMENT_3D('',#8027,#5632,#5633);
#4756=AXIS2_PLACEMENT_3D('',#8031,#5635,#5636);
#4757=AXIS2_PLACEMENT_3D('',#8035,#5638,#5639);
#4758=AXIS2_PLACEMENT_3D('',#8039,#5641,#5642);
#4759=AXIS2_PLACEMENT_3D('',#8043,#5644,#5645);
#4760=AXIS2_PLACEMENT_3D('',#8047,#5647,#5648);
#4761=AXIS2_PLACEMENT_3D('',#8051,#5650,#5651);
#4762=AXIS2_PLACEMENT_3D('',#8055,#5653,#5654);
#4763=AXIS2_PLACEMENT_3D('',#8059,#5656,#5657);
#4764=AXIS2_PLACEMENT_3D('',#8063,#5659,#5660);
#4765=AXIS2_PLACEMENT_3D('',#8067,#5662,#5663);
#4766=AXIS2_PLACEMENT_3D('',#8071,#5665,#5666);
#4767=AXIS2_PLACEMENT_3D('',#8075,#5668,#5669);
#4768=AXIS2_PLACEMENT_3D('',#8079,#5671,#5672);
#4769=AXIS2_PLACEMENT_3D('',#8083,#5674,#5675);
#4770=AXIS2_PLACEMENT_3D('',#8087,#5677,#5678);
#4771=AXIS2_PLACEMENT_3D('',#8091,#5680,#5681);
#4772=AXIS2_PLACEMENT_3D('',#8095,#5683,#5684);
#4773=AXIS2_PLACEMENT_3D('',#8099,#5686,#5687);
#4774=AXIS2_PLACEMENT_3D('',#8103,#5689,#5690);
#4775=AXIS2_PLACEMENT_3D('',#8107,#5692,#5693);
#4776=AXIS2_PLACEMENT_3D('',#8111,#5695,#5696);
#4777=AXIS2_PLACEMENT_3D('',#8115,#5698,#5699);
#4778=AXIS2_PLACEMENT_3D('',#8119,#5701,#5702);
#4779=AXIS2_PLACEMENT_3D('',#8123,#5704,#5705);
#4780=AXIS2_PLACEMENT_3D('',#8127,#5707,#5708);
#4781=AXIS2_PLACEMENT_3D('',#8131,#5710,#5711);
#4782=AXIS2_PLACEMENT_3D('',#8134,#5713,#5714);
#4783=AXIS2_PLACEMENT_3D('',#8135,#5715,#5716);
#4784=AXIS2_PLACEMENT_3D('',#8138,#5719,#5720);
#4785=AXIS2_PLACEMENT_3D('',#8141,#5723,#5724);
#4786=AXIS2_PLACEMENT_3D('',#8144,#5727,#5728);
#4787=AXIS2_PLACEMENT_3D('',#8145,#5729,#5730);
#4788=AXIS2_PLACEMENT_3D('',#8148,#5733,#5734);
#4789=AXIS2_PLACEMENT_3D('',#8149,#5735,#5736);
#4790=AXIS2_PLACEMENT_3D('',#8152,#5739,#5740);
#4791=AXIS2_PLACEMENT_3D('',#8153,#5741,#5742);
#4792=AXIS2_PLACEMENT_3D('',#8156,#5745,#5746);
#4793=AXIS2_PLACEMENT_3D('',#8157,#5747,#5748);
#4794=AXIS2_PLACEMENT_3D('',#8160,#5751,#5752);
#4795=AXIS2_PLACEMENT_3D('',#8161,#5753,#5754);
#4796=AXIS2_PLACEMENT_3D('',#8164,#5757,#5758);
#4797=AXIS2_PLACEMENT_3D('',#8165,#5759,#5760);
#4798=AXIS2_PLACEMENT_3D('',#8168,#5763,#5764);
#4799=AXIS2_PLACEMENT_3D('',#8169,#5765,#5766);
#4800=AXIS2_PLACEMENT_3D('',#8172,#5769,#5770);
#4801=AXIS2_PLACEMENT_3D('',#8173,#5771,#5772);
#4802=AXIS2_PLACEMENT_3D('',#8176,#5775,#5776);
#4803=AXIS2_PLACEMENT_3D('',#8177,#5777,#5778);
#4804=AXIS2_PLACEMENT_3D('',#8180,#5781,#5782);
#4805=AXIS2_PLACEMENT_3D('',#8181,#5783,#5784);
#4806=AXIS2_PLACEMENT_3D('',#8184,#5787,#5788);
#4807=AXIS2_PLACEMENT_3D('',#8185,#5789,#5790);
#4808=AXIS2_PLACEMENT_3D('',#8188,#5793,#5794);
#4809=AXIS2_PLACEMENT_3D('',#8189,#5795,#5796);
#4810=AXIS2_PLACEMENT_3D('',#8192,#5799,#5800);
#4811=AXIS2_PLACEMENT_3D('',#8193,#5801,#5802);
#4812=AXIS2_PLACEMENT_3D('',#8196,#5805,#5806);
#4813=AXIS2_PLACEMENT_3D('',#8197,#5807,#5808);
#4814=AXIS2_PLACEMENT_3D('',#8200,#5811,#5812);
#4815=AXIS2_PLACEMENT_3D('',#8201,#5813,#5814);
#4816=AXIS2_PLACEMENT_3D('',#8204,#5817,#5818);
#4817=AXIS2_PLACEMENT_3D('',#8205,#5819,#5820);
#4818=AXIS2_PLACEMENT_3D('',#8208,#5823,#5824);
#4819=AXIS2_PLACEMENT_3D('',#8209,#5825,#5826);
#4820=AXIS2_PLACEMENT_3D('',#8212,#5829,#5830);
#4821=AXIS2_PLACEMENT_3D('',#8213,#5831,#5832);
#4822=AXIS2_PLACEMENT_3D('',#8216,#5835,#5836);
#4823=AXIS2_PLACEMENT_3D('',#8217,#5837,#5838);
#4824=AXIS2_PLACEMENT_3D('',#8220,#5841,#5842);
#4825=AXIS2_PLACEMENT_3D('',#8221,#5843,#5844);
#4826=AXIS2_PLACEMENT_3D('',#8224,#5847,#5848);
#4827=AXIS2_PLACEMENT_3D('',#8225,#5849,#5850);
#4828=AXIS2_PLACEMENT_3D('',#8228,#5853,#5854);
#4829=AXIS2_PLACEMENT_3D('',#8229,#5855,#5856);
#4830=AXIS2_PLACEMENT_3D('',#8232,#5859,#5860);
#4831=AXIS2_PLACEMENT_3D('',#8233,#5861,#5862);
#4832=AXIS2_PLACEMENT_3D('',#8236,#5865,#5866);
#4833=AXIS2_PLACEMENT_3D('',#8237,#5867,#5868);
#4834=AXIS2_PLACEMENT_3D('',#8240,#5871,#5872);
#4835=AXIS2_PLACEMENT_3D('',#8241,#5873,#5874);
#4836=AXIS2_PLACEMENT_3D('',#8244,#5877,#5878);
#4837=AXIS2_PLACEMENT_3D('',#8245,#5879,#5880);
#4838=AXIS2_PLACEMENT_3D('',#8248,#5883,#5884);
#4839=AXIS2_PLACEMENT_3D('',#8249,#5885,#5886);
#4840=AXIS2_PLACEMENT_3D('',#8252,#5889,#5890);
#4841=AXIS2_PLACEMENT_3D('',#8253,#5891,#5892);
#4842=AXIS2_PLACEMENT_3D('',#8256,#5895,#5896);
#4843=AXIS2_PLACEMENT_3D('',#8257,#5897,#5898);
#4844=AXIS2_PLACEMENT_3D('',#8260,#5901,#5902);
#4845=AXIS2_PLACEMENT_3D('',#8261,#5903,#5904);
#4846=AXIS2_PLACEMENT_3D('',#8264,#5907,#5908);
#4847=AXIS2_PLACEMENT_3D('',#8265,#5909,#5910);
#4848=AXIS2_PLACEMENT_3D('',#8268,#5913,#5914);
#4849=AXIS2_PLACEMENT_3D('',#8269,#5915,#5916);
#4850=AXIS2_PLACEMENT_3D('',#8272,#5919,#5920);
#4851=AXIS2_PLACEMENT_3D('',#8273,#5921,#5922);
#4852=AXIS2_PLACEMENT_3D('',#8276,#5925,#5926);
#4853=AXIS2_PLACEMENT_3D('',#8277,#5927,#5928);
#4854=AXIS2_PLACEMENT_3D('',#8280,#5931,#5932);
#4855=AXIS2_PLACEMENT_3D('',#8281,#5933,#5934);
#4856=AXIS2_PLACEMENT_3D('',#8284,#5937,#5938);
#4857=AXIS2_PLACEMENT_3D('',#8285,#5939,#5940);
#4858=AXIS2_PLACEMENT_3D('',#8288,#5943,#5944);
#4859=AXIS2_PLACEMENT_3D('',#8289,#5945,#5946);
#4860=AXIS2_PLACEMENT_3D('',#8292,#5949,#5950);
#4861=AXIS2_PLACEMENT_3D('',#8293,#5951,#5952);
#4862=AXIS2_PLACEMENT_3D('',#8296,#5955,#5956);
#4863=AXIS2_PLACEMENT_3D('',#8297,#5957,#5958);
#4864=AXIS2_PLACEMENT_3D('',#8300,#5961,#5962);
#4865=AXIS2_PLACEMENT_3D('',#8301,#5963,#5964);
#4866=AXIS2_PLACEMENT_3D('',#8304,#5967,#5968);
#4867=AXIS2_PLACEMENT_3D('',#8305,#5969,#5970);
#4868=AXIS2_PLACEMENT_3D('',#8308,#5973,#5974);
#4869=AXIS2_PLACEMENT_3D('',#8309,#5975,#5976);
#4870=AXIS2_PLACEMENT_3D('',#8312,#5979,#5980);
#4871=AXIS2_PLACEMENT_3D('',#8313,#5981,#5982);
#4872=AXIS2_PLACEMENT_3D('',#8316,#5985,#5986);
#4873=AXIS2_PLACEMENT_3D('',#8317,#5987,#5988);
#4874=AXIS2_PLACEMENT_3D('',#8320,#5991,#5992);
#4875=AXIS2_PLACEMENT_3D('',#8321,#5993,#5994);
#4876=AXIS2_PLACEMENT_3D('',#8322,#5995,#5996);
#4877=AXIS2_PLACEMENT_3D('',#8325,#5999,#6000);
#4878=AXIS2_PLACEMENT_3D('',#8326,#6001,#6002);
#4879=AXIS2_PLACEMENT_3D('',#8327,#6003,#6004);
#4880=AXIS2_PLACEMENT_3D('',#8328,#6005,#6006);
#4881=AXIS2_PLACEMENT_3D('',#8331,#6007,#6008);
#4882=AXIS2_PLACEMENT_3D('',#8333,#6010,#6011);
#4883=AXIS2_PLACEMENT_3D('',#8334,#6012,#6013);
#4884=AXIS2_PLACEMENT_3D('',#8335,#6014,#6015);
#4885=AXIS2_PLACEMENT_3D('',#8336,#6016,#6017);
#4886=AXIS2_PLACEMENT_3D('',#8337,#6018,#6019);
#4887=AXIS2_PLACEMENT_3D('',#8338,#6020,#6021);
#4888=AXIS2_PLACEMENT_3D('',#8340,#6023,#6024);
#4889=AXIS2_PLACEMENT_3D('',#8342,#6026,#6027);
#4890=AXIS2_PLACEMENT_3D('',#8343,#6028,#6029);
#4891=AXIS2_PLACEMENT_3D('',#8344,#6030,#6031);
#4892=AXIS2_PLACEMENT_3D('',#8345,#6032,#6033);
#4893=AXIS2_PLACEMENT_3D('',#8346,#6034,#6035);
#4894=DIRECTION('axis',(0.,0.,1.));
#4895=DIRECTION('refdir',(1.,0.,0.));
#4896=DIRECTION('axis',(0.,0.,1.));
#4897=DIRECTION('refdir',(1.,0.,0.));
#4898=DIRECTION('center_axis',(-3.73641069867261E-15,0.,-1.));
#4899=DIRECTION('ref_axis',(0.707106781186544,-0.707106781186551,0.));
#4900=DIRECTION('center_axis',(-5.24130925165599E-17,2.30603506520096E-14,
1.));
#4901=DIRECTION('ref_axis',(0.707106781186544,-0.707106781186551,0.));
#4902=DIRECTION('',(3.73641069867261E-15,0.,1.));
#4903=DIRECTION('center_axis',(5.52993193448557E-17,-2.30594373057674E-14,
-1.));
#4904=DIRECTION('ref_axis',(0.707106781186544,-0.707106781186551,0.));
#4905=DIRECTION('',(-3.73641069867261E-15,0.,-1.));
#4906=DIRECTION('center_axis',(5.24130925165599E-17,-2.30603506520096E-14,
-1.));
#4907=DIRECTION('ref_axis',(3.73641069867257E-15,1.,-2.30603506520096E-14));
#4908=DIRECTION('',(-1.,3.7364106986726E-15,-5.2413092516646E-17));
#4909=DIRECTION('',(-1.,3.7364106986726E-15,-5.2413092516646E-17));
#4910=DIRECTION('',(-3.73641069867257E-15,-1.,2.30314065722459E-14));
#4911=DIRECTION('',(-1.,3.7364106986726E-15,-5.2413092516646E-17));
#4912=DIRECTION('',(4.9884062373448E-15,1.,-2.30314065722459E-14));
#4913=DIRECTION('center_axis',(-5.24130925165599E-17,2.30603506520096E-14,
1.));
#4914=DIRECTION('ref_axis',(-1.,3.53147438286924E-15,-7.84121398880178E-29));
#4915=DIRECTION('',(3.53147438286925E-15,1.,-2.30603506520096E-14));
#4916=DIRECTION('center_axis',(-5.24130925165599E-17,2.30603506520096E-14,
1.));
#4917=DIRECTION('ref_axis',(1.,-3.53147438286924E-15,7.84121398880178E-29));
#4918=DIRECTION('',(-3.29841856555006E-15,-1.,2.30603506520096E-14));
#4919=DIRECTION('center_axis',(-5.24130925165599E-17,2.30603506520096E-14,
1.));
#4920=DIRECTION('ref_axis',(-1.,3.53147438286924E-15,-7.84121398880178E-29));
#4921=DIRECTION('',(3.53147438286925E-15,1.,-2.30603506520096E-14));
#4922=DIRECTION('center_axis',(-5.24130925165599E-17,2.30603506520096E-14,
1.));
#4923=DIRECTION('ref_axis',(1.,-3.53147438286924E-15,7.84121398880178E-29));
#4924=DIRECTION('',(-3.29841856555006E-15,-1.,2.30603506520096E-14));
#4925=DIRECTION('center_axis',(-5.24130925165599E-17,2.30603506520096E-14,
1.));
#4926=DIRECTION('ref_axis',(-1.,3.53147438286924E-15,-7.84121398880178E-29));
#4927=DIRECTION('',(3.53147438286925E-15,1.,-2.30603506520096E-14));
#4928=DIRECTION('center_axis',(-5.24130925165599E-17,2.30603506520096E-14,
1.));
#4929=DIRECTION('ref_axis',(1.,-3.53147438286924E-15,7.84121398880178E-29));
#4930=DIRECTION('',(-3.29841856555006E-15,-1.,2.30603506520096E-14));
#4931=DIRECTION('center_axis',(-5.24130925165599E-17,2.30603506520096E-14,
1.));
#4932=DIRECTION('ref_axis',(-1.,3.53147438286924E-15,-7.84121398880178E-29));
#4933=DIRECTION('',(3.53147438286925E-15,1.,-2.30603506520096E-14));
#4934=DIRECTION('center_axis',(-5.24130925165599E-17,2.30603506520096E-14,
1.));
#4935=DIRECTION('ref_axis',(1.,-3.53147438286924E-15,7.84121398880178E-29));
#4936=DIRECTION('',(-3.29841856555006E-15,-1.,2.30603506520096E-14));
#4937=DIRECTION('center_axis',(-5.24130925165599E-17,2.30603506520096E-14,
1.));
#4938=DIRECTION('ref_axis',(-1.,3.53147438286924E-15,-7.84121398880178E-29));
#4939=DIRECTION('',(3.53147438286925E-15,1.,-2.30603506520096E-14));
#4940=DIRECTION('center_axis',(-5.24130925165599E-17,2.30603506520096E-14,
1.));
#4941=DIRECTION('ref_axis',(1.,-3.53147438286924E-15,7.84121398880178E-29));
#4942=DIRECTION('',(-3.29841856555006E-15,-1.,2.30603506520096E-14));
#4943=DIRECTION('center_axis',(-5.24130925165599E-17,2.30603506520096E-14,
1.));
#4944=DIRECTION('ref_axis',(-1.,3.53147438286924E-15,-7.84121398880178E-29));
#4945=DIRECTION('',(3.53147438286925E-15,1.,-2.30603506520096E-14));
#4946=DIRECTION('center_axis',(-5.24130925165599E-17,2.30603506520096E-14,
1.));
#4947=DIRECTION('ref_axis',(1.,-3.53147438286924E-15,7.84121398880178E-29));
#4948=DIRECTION('',(-3.29841856555006E-15,-1.,2.30603506520096E-14));
#4949=DIRECTION('center_axis',(-5.24130925165599E-17,2.30603506520096E-14,
1.));
#4950=DIRECTION('ref_axis',(-1.,3.53147438286924E-15,-7.84121398880178E-29));
#4951=DIRECTION('',(3.53147438286925E-15,1.,-2.30603506520096E-14));
#4952=DIRECTION('center_axis',(-5.24130925165599E-17,2.30603506520096E-14,
1.));
#4953=DIRECTION('ref_axis',(1.,-3.53147438286924E-15,7.84121398880178E-29));
#4954=DIRECTION('',(-3.29841856555006E-15,-1.,2.30603506520096E-14));
#4955=DIRECTION('center_axis',(-5.24130925165599E-17,2.30603506520096E-14,
1.));
#4956=DIRECTION('ref_axis',(-1.,3.53147438286924E-15,-7.84121398880178E-29));
#4957=DIRECTION('',(3.53147438286925E-15,1.,-2.30603506520096E-14));
#4958=DIRECTION('center_axis',(-5.24130925165599E-17,2.30603506520096E-14,
1.));
#4959=DIRECTION('ref_axis',(1.,-3.53147438286924E-15,7.84121398880178E-29));
#4960=DIRECTION('',(-3.29841856555006E-15,-1.,2.30603506520096E-14));
#4961=DIRECTION('center_axis',(-5.24130925165599E-17,2.30603506520096E-14,
1.));
#4962=DIRECTION('ref_axis',(-1.,3.53147438286924E-15,-7.84121398880178E-29));
#4963=DIRECTION('',(3.53147438286925E-15,1.,-2.30603506520096E-14));
#4964=DIRECTION('center_axis',(-5.24130925165599E-17,2.30603506520096E-14,
1.));
#4965=DIRECTION('ref_axis',(1.,-3.53147438286924E-15,7.84121398880178E-29));
#4966=DIRECTION('',(-3.29841856555006E-15,-1.,2.30603506520096E-14));
#4967=DIRECTION('center_axis',(-5.24130925165599E-17,2.30603506520096E-14,
1.));
#4968=DIRECTION('ref_axis',(-1.,3.53147438286924E-15,-7.84121398880178E-29));
#4969=DIRECTION('',(3.53147438286925E-15,1.,-2.30603506520096E-14));
#4970=DIRECTION('center_axis',(-5.24130925165599E-17,2.30603506520096E-14,
1.));
#4971=DIRECTION('ref_axis',(1.,-3.53147438286924E-15,7.84121398880178E-29));
#4972=DIRECTION('',(-3.29841856555006E-15,-1.,2.30603506520096E-14));
#4973=DIRECTION('center_axis',(-5.24130925165599E-17,2.30603506520096E-14,
1.));
#4974=DIRECTION('ref_axis',(-1.,3.53147438286924E-15,-7.84121398880178E-29));
#4975=DIRECTION('',(3.53147438286925E-15,1.,-2.30603506520096E-14));
#4976=DIRECTION('center_axis',(-5.24130925165599E-17,2.30603506520096E-14,
1.));
#4977=DIRECTION('ref_axis',(1.,-3.53147438286924E-15,7.84121398880178E-29));
#4978=DIRECTION('',(-3.29841856555006E-15,-1.,2.30603506520096E-14));
#4979=DIRECTION('center_axis',(-5.24130925165599E-17,2.30603506520096E-14,
1.));
#4980=DIRECTION('ref_axis',(-1.,3.53147438286924E-15,-7.84121398880178E-29));
#4981=DIRECTION('',(3.53147438286925E-15,1.,-2.30603506520096E-14));
#4982=DIRECTION('center_axis',(-5.24130925165599E-17,2.30603506520096E-14,
1.));
#4983=DIRECTION('ref_axis',(1.,-3.53147438286924E-15,7.84121398880178E-29));
#4984=DIRECTION('',(-3.29841856555006E-15,-1.,2.30603506520096E-14));
#4985=DIRECTION('center_axis',(-5.24130925165599E-17,2.30603506520096E-14,
1.));
#4986=DIRECTION('ref_axis',(-1.,3.53147438286924E-15,-7.84121398880178E-29));
#4987=DIRECTION('',(3.53147438286925E-15,1.,-2.30603506520096E-14));
#4988=DIRECTION('center_axis',(-5.24130925165599E-17,2.30603506520096E-14,
1.));
#4989=DIRECTION('ref_axis',(1.,-3.53147438286924E-15,7.84121398880178E-29));
#4990=DIRECTION('',(-3.29841856555006E-15,-1.,2.30603506520096E-14));
#4991=DIRECTION('center_axis',(-5.24130925165599E-17,2.30603506520096E-14,
1.));
#4992=DIRECTION('ref_axis',(-1.,3.53147438286924E-15,-7.84121398880178E-29));
#4993=DIRECTION('',(3.53147438286925E-15,1.,-2.30603506520096E-14));
#4994=DIRECTION('center_axis',(-5.24130925165599E-17,2.30603506520096E-14,
1.));
#4995=DIRECTION('ref_axis',(1.,-3.53147438286924E-15,7.84121398880178E-29));
#4996=DIRECTION('',(-3.29841856555006E-15,-1.,2.30603506520096E-14));
#4997=DIRECTION('center_axis',(-5.24130925165599E-17,2.30603506520096E-14,
1.));
#4998=DIRECTION('ref_axis',(-1.,3.53147438286924E-15,-7.84121398880178E-29));
#4999=DIRECTION('',(3.53147438286925E-15,1.,-2.30603506520096E-14));
#5000=DIRECTION('center_axis',(-5.24130925165599E-17,2.30603506520096E-14,
1.));
#5001=DIRECTION('ref_axis',(1.,-3.53147438286924E-15,7.84121398880178E-29));
#5002=DIRECTION('',(-3.29841856555006E-15,-1.,2.30603506520096E-14));
#5003=DIRECTION('center_axis',(0.,1.,0.));
#5004=DIRECTION('ref_axis',(0.,0.,1.));
#5005=DIRECTION('',(1.,-3.7364106986726E-15,5.52993193449418E-17));
#5006=DIRECTION('',(1.04734762121878E-31,2.80307335214791E-17,1.));
#5007=DIRECTION('center_axis',(-3.73641069867252E-15,1.22508008559297E-14,
1.));
#5008=DIRECTION('ref_axis',(-0.707106781186548,-0.707106781186547,6.05268582333803E-15));
#5009=DIRECTION('center_axis',(-5.24130925167613E-17,-1.22797449356934E-14,
-1.));
#5010=DIRECTION('ref_axis',(-0.707106781186548,-0.707106781186547,6.05268582333803E-15));
#5011=DIRECTION('',(3.73641069867252E-15,-1.22508008559297E-14,-1.));
#5012=DIRECTION('center_axis',(5.52993193450571E-17,1.22788315894511E-14,
1.));
#5013=DIRECTION('ref_axis',(-0.707106781186548,-0.707106781186547,6.05268582333803E-15));
#5014=DIRECTION('',(-3.73641069867252E-15,1.22508008559297E-14,1.));
#5015=DIRECTION('center_axis',(-1.,3.73641069867259E-15,-3.73641069867257E-15));
#5016=DIRECTION('ref_axis',(-3.73641069867264E-15,-1.,1.22508008559296E-14));
#5017=DIRECTION('',(3.73641069867264E-15,1.,-1.22508008559296E-14));
#5018=DIRECTION('',(3.73641069867252E-15,-1.22508008559297E-14,-1.));
#5019=DIRECTION('',(-3.73641069867264E-15,-1.,1.22508008559296E-14));
#5020=DIRECTION('center_axis',(5.24130925167613E-17,1.22797449356934E-14,
1.));
#5021=DIRECTION('ref_axis',(-3.73641069867264E-15,-1.,1.22797449356934E-14));
#5022=DIRECTION('',(-1.,3.73641069867264E-15,1.10373896952858E-16));
#5023=DIRECTION('center_axis',(-5.24130925167613E-17,-1.22797449356934E-14,
-1.));
#5024=DIRECTION('ref_axis',(0.707106781186541,-0.707106781186554,1.13326883500798E-14));
#5025=DIRECTION('',(-2.48441516000041E-15,-1.,1.22508008559296E-14));
#5026=DIRECTION('',(-1.,3.73641069867261E-15,5.24130925167154E-17));
#5027=DIRECTION('center_axis',(-5.24130925167613E-17,-1.22797449356934E-14,
-1.));
#5028=DIRECTION('ref_axis',(-1.,-1.65340792814023E-15,-5.26378310986246E-19));
#5029=DIRECTION('center_axis',(-5.24130925167613E-17,-1.22797449356934E-14,
-1.));
#5030=DIRECTION('ref_axis',(-1.,-1.65340792814023E-15,-5.26378310986246E-19));
#5031=DIRECTION('center_axis',(-3.73641069867252E-15,1.22508008559297E-14,
1.));
#5032=DIRECTION('ref_axis',(0.707106781186541,-0.707106781186554,1.13326883500798E-14));
#5033=DIRECTION('',(3.73641069867252E-15,-1.22508008559297E-14,-1.));
#5034=DIRECTION('center_axis',(5.52993193450571E-17,1.22788315894511E-14,
1.));
#5035=DIRECTION('ref_axis',(0.707106781186541,-0.707106781186554,1.13326883500798E-14));
#5036=DIRECTION('',(-3.73641069867252E-15,1.22508008559297E-14,1.));
#5037=DIRECTION('center_axis',(1.,-2.48441516000037E-15,3.73641069867255E-15));
#5038=DIRECTION('ref_axis',(2.48441516000041E-15,1.,-1.22508008559297E-14));
#5039=DIRECTION('',(-3.73641069867264E-15,-1.,1.22508008559296E-14));
#5040=DIRECTION('',(-3.73641069867252E-15,1.22508008559297E-14,1.));
#5041=DIRECTION('center_axis',(0.,-1.,0.));
#5042=DIRECTION('ref_axis',(0.707106781186548,0.,-0.707106781186548));
#5043=DIRECTION('center_axis',(3.79171001801758E-15,1.,-2.80307335214791E-17));
#5044=DIRECTION('ref_axis',(0.707106781186548,0.,-0.707106781186548));
#5045=DIRECTION('',(0.,1.,0.));
#5046=DIRECTION('center_axis',(-3.78882379118929E-15,-1.,2.89440797637123E-17));
#5047=DIRECTION('ref_axis',(0.707106781186548,0.,-0.707106781186548));
#5048=DIRECTION('',(0.,-1.,0.));
#5049=DIRECTION('center_axis',(3.78882379118929E-15,1.,-2.89440797637123E-17));
#5050=DIRECTION('ref_axis',(0.,2.89440797637123E-17,1.));
#5051=DIRECTION('',(1.,-3.73642602116076E-15,0.));
#5052=DIRECTION('center_axis',(-3.78882379118929E-15,-1.,2.89440797637123E-17));
#5053=DIRECTION('ref_axis',(-0.707106781186547,0.,-0.707106781186548));
#5054=DIRECTION('',(3.597668785378E-60,9.62867595539246E-46,-1.));
#5055=DIRECTION('',(-1.,3.78882379118929E-15,3.46916961771739E-29));
#5056=DIRECTION('',(-1.04734762121878E-31,-2.89440797637123E-17,-1.));
#5057=DIRECTION('center_axis',(-3.78882379118929E-15,-1.,2.89440797637123E-17));
#5058=DIRECTION('ref_axis',(1.,-3.18519584292898E-14,1.81525912182425E-48));
#5059=DIRECTION('center_axis',(-3.78882379118929E-15,-1.,2.89440797637123E-17));
#5060=DIRECTION('ref_axis',(1.,-3.18519584292898E-14,1.81525912182425E-48));
#5061=DIRECTION('center_axis',(0.,0.,-1.));
#5062=DIRECTION('ref_axis',(-1.,0.,0.));
#5063=DIRECTION('',(-1.,3.73642602116076E-15,0.));
#5064=DIRECTION('',(0.,-1.,0.));
#5065=DIRECTION('center_axis',(0.,1.,0.));
#5066=DIRECTION('ref_axis',(-0.707106781186547,0.,-0.707106781186548));
#5067=DIRECTION('center_axis',(3.79171001801758E-15,1.,-2.80307335214791E-17));
#5068=DIRECTION('ref_axis',(-0.707106781186547,0.,-0.707106781186548));
#5069=DIRECTION('',(0.,1.,0.));
#5070=DIRECTION('center_axis',(-1.,0.,1.04734762121878E-31));
#5071=DIRECTION('ref_axis',(1.04734762121878E-31,2.80307335214791E-17,1.));
#5072=DIRECTION('center_axis',(1.,0.,-1.04734762121878E-31));
#5073=DIRECTION('ref_axis',(-3.7364106986726E-15,-1.,-9.62867595539246E-46));
#5074=DIRECTION('center_axis',(-1.,0.,1.04734762121878E-31));
#5075=DIRECTION('ref_axis',(-3.73641069867261E-15,-1.,-9.62867595539246E-46));
#5076=DIRECTION('',(1.04734762121878E-31,2.80307335214791E-17,1.));
#5077=DIRECTION('center_axis',(3.79171001801758E-15,1.,-2.80307335214791E-17));
#5078=DIRECTION('ref_axis',(0.,2.80307335214791E-17,1.));
#5079=DIRECTION('',(1.,-3.79171001801758E-15,-3.46916961771739E-29));
#5080=DIRECTION('',(-3.597668785378E-60,-9.62867595539246E-46,1.));
#5081=DIRECTION('center_axis',(3.79171001801758E-15,1.,-2.80307335214791E-17));
#5082=DIRECTION('ref_axis',(1.,-3.18519584292898E-14,1.81525912182425E-48));
#5083=DIRECTION('center_axis',(3.79171001801758E-15,1.,-2.80307335214791E-17));
#5084=DIRECTION('ref_axis',(1.,-3.18519584292898E-14,1.81525912182425E-48));
#5085=DIRECTION('center_axis',(-1.,3.7364106986726E-15,3.46916961771739E-29));
#5086=DIRECTION('ref_axis',(-3.73641069867261E-15,-1.,-9.62867595539246E-46));
#5087=DIRECTION('',(1.,-3.7364106986726E-15,5.52993193449418E-17));
#5088=DIRECTION('center_axis',(-1.,3.7364106986726E-15,3.46916961771739E-29));
#5089=DIRECTION('ref_axis',(-5.55111512312578E-15,-1.,0.));
#5090=DIRECTION('center_axis',(-3.18519584292898E-14,-1.,3.22601418627732E-31));
#5091=DIRECTION('ref_axis',(1.,-3.18519584292898E-14,1.81525912182425E-48));
#5092=DIRECTION('',(3.18519584292898E-14,1.,-3.22601418627732E-31));
#5093=DIRECTION('center_axis',(-3.18519584292898E-14,-1.,3.22601418627732E-31));
#5094=DIRECTION('ref_axis',(1.,-3.18519584292898E-14,1.81525912182425E-48));
#5095=DIRECTION('',(3.18519584292898E-14,1.,-3.22601418627732E-31));
#5096=DIRECTION('center_axis',(5.26378310985984E-19,1.58641580567222E-16,
-1.));
#5097=DIRECTION('ref_axis',(-1.,-1.65340792814023E-15,-5.26378310986246E-19));
#5098=DIRECTION('center_axis',(5.52993193450571E-17,1.22788315894511E-14,
1.));
#5099=DIRECTION('ref_axis',(-1.,-1.65340792814023E-15,-5.26378310986246E-19));
#5100=DIRECTION('',(-5.26378310985984E-19,-1.58641580567222E-16,1.));
#5101=DIRECTION('center_axis',(5.26378310985984E-19,1.58641580567222E-16,
-1.));
#5102=DIRECTION('ref_axis',(-1.,-1.65340792814023E-15,-5.26378310986246E-19));
#5103=DIRECTION('center_axis',(5.52993193450571E-17,1.22788315894511E-14,
1.));
#5104=DIRECTION('ref_axis',(-1.,-1.65340792814023E-15,-5.26378310986246E-19));
#5105=DIRECTION('',(-5.26378310985984E-19,-1.58641580567222E-16,1.));
#5106=DIRECTION('center_axis',(3.68111137932763E-15,1.,-1.76691344476092E-14));
#5107=DIRECTION('ref_axis',(1.,-3.68111137932763E-15,-6.98798916376366E-31));
#5108=DIRECTION('center_axis',(-3.68111137932763E-15,-1.,1.76691344476092E-14));
#5109=DIRECTION('ref_axis',(1.,-3.68111137932763E-15,-6.98798916376366E-31));
#5110=DIRECTION('',(-3.68111137932763E-15,-1.,1.76691344476092E-14));
#5111=DIRECTION('center_axis',(3.68399760615592E-15,1.,-1.76700477938515E-14));
#5112=DIRECTION('ref_axis',(1.,-3.68111137932763E-15,-6.98798916376366E-31));
#5113=DIRECTION('center_axis',(3.68111137932763E-15,1.,-1.76691344476092E-14));
#5114=DIRECTION('ref_axis',(1.,-3.68111137932763E-15,-6.98798916376366E-31));
#5115=DIRECTION('center_axis',(-3.68111137932763E-15,-1.,1.76691344476092E-14));
#5116=DIRECTION('ref_axis',(1.,-3.68111137932763E-15,-6.98798916376366E-31));
#5117=DIRECTION('',(-3.68111137932763E-15,-1.,1.76691344476092E-14));
#5118=DIRECTION('center_axis',(3.68399760615592E-15,1.,-1.76700477938515E-14));
#5119=DIRECTION('ref_axis',(1.,-3.68111137932763E-15,-6.98798916376366E-31));
#5120=DIRECTION('center_axis',(3.68111137932763E-15,1.,-1.76691344476092E-14));
#5121=DIRECTION('ref_axis',(1.,-3.68111137932763E-15,-6.98798916376366E-31));
#5122=DIRECTION('center_axis',(-3.68111137932763E-15,-1.,1.76691344476092E-14));
#5123=DIRECTION('ref_axis',(1.,-3.68111137932763E-15,-6.98798916376366E-31));
#5124=DIRECTION('',(-3.68111137932763E-15,-1.,1.76691344476092E-14));
#5125=DIRECTION('center_axis',(3.68399760615592E-15,1.,-1.76700477938515E-14));
#5126=DIRECTION('ref_axis',(1.,-3.68111137932763E-15,-6.98798916376366E-31));
#5127=DIRECTION('center_axis',(3.68111137932763E-15,1.,-1.76691344476092E-14));
#5128=DIRECTION('ref_axis',(1.,-3.68111137932763E-15,-6.98798916376366E-31));
#5129=DIRECTION('center_axis',(-3.68111137932763E-15,-1.,1.76691344476092E-14));
#5130=DIRECTION('ref_axis',(1.,-3.68111137932763E-15,-6.98798916376366E-31));
#5131=DIRECTION('',(-3.68111137932763E-15,-1.,1.76691344476092E-14));
#5132=DIRECTION('center_axis',(3.68399760615592E-15,1.,-1.76700477938515E-14));
#5133=DIRECTION('ref_axis',(1.,-3.68111137932763E-15,-6.98798916376366E-31));
#5134=DIRECTION('center_axis',(3.68111137932763E-15,1.,-1.76691344476092E-14));
#5135=DIRECTION('ref_axis',(1.,-3.68111137932763E-15,-6.98798916376366E-31));
#5136=DIRECTION('center_axis',(-3.68111137932763E-15,-1.,1.76691344476092E-14));
#5137=DIRECTION('ref_axis',(1.,-3.68111137932763E-15,-6.98798916376366E-31));
#5138=DIRECTION('',(-3.68111137932763E-15,-1.,1.76691344476092E-14));
#5139=DIRECTION('center_axis',(3.68399760615592E-15,1.,-1.76700477938515E-14));
#5140=DIRECTION('ref_axis',(1.,-3.68111137932763E-15,-6.98798916376366E-31));
#5141=DIRECTION('center_axis',(3.68111137932763E-15,1.,-1.76691344476092E-14));
#5142=DIRECTION('ref_axis',(1.,-3.68111137932763E-15,-6.98798916376366E-31));
#5143=DIRECTION('center_axis',(-3.68111137932763E-15,-1.,1.76691344476092E-14));
#5144=DIRECTION('ref_axis',(1.,-3.68111137932763E-15,-6.98798916376366E-31));
#5145=DIRECTION('',(-3.68111137932763E-15,-1.,1.76691344476092E-14));
#5146=DIRECTION('center_axis',(3.68399760615592E-15,1.,-1.76700477938515E-14));
#5147=DIRECTION('ref_axis',(1.,-3.68111137932763E-15,-6.98798916376366E-31));
#5148=DIRECTION('center_axis',(0.,-2.22044604925036E-14,-1.));
#5149=DIRECTION('ref_axis',(-1.,3.53147438286924E-15,-7.84121398880178E-29));
#5150=DIRECTION('center_axis',(5.52993193448557E-17,-2.30594373057674E-14,
-1.));
#5151=DIRECTION('ref_axis',(-1.,3.53147438286924E-15,-7.84121398880178E-29));
#5152=DIRECTION('',(0.,-2.22044604925036E-14,-1.));
#5153=DIRECTION('',(0.,-2.22044604925036E-14,-1.));
#5154=DIRECTION('center_axis',(1.,-3.53147438286925E-15,7.84144834147087E-29));
#5155=DIRECTION('ref_axis',(-3.53147438286925E-15,-1.,2.30594373057674E-14));
#5156=DIRECTION('',(-3.53147438286925E-15,-1.,2.30594373057674E-14));
#5157=DIRECTION('',(0.,-2.22044604925036E-14,-1.));
#5158=DIRECTION('center_axis',(0.,-2.22044604925036E-14,-1.));
#5159=DIRECTION('ref_axis',(1.,-3.53147438286924E-15,7.84121398880178E-29));
#5160=DIRECTION('center_axis',(5.52993193448557E-17,-2.30594373057674E-14,
-1.));
#5161=DIRECTION('ref_axis',(1.,-3.53147438286924E-15,7.84121398880178E-29));
#5162=DIRECTION('',(0.,-2.22044604925036E-14,-1.));
#5163=DIRECTION('center_axis',(-1.,3.29841856555006E-15,-7.32396047264967E-29));
#5164=DIRECTION('ref_axis',(3.29841856555006E-15,1.,-2.30594373057674E-14));
#5165=DIRECTION('',(3.29841856555006E-15,1.,-2.30594373057674E-14));
#5166=DIRECTION('center_axis',(0.,-2.22044604925036E-14,-1.));
#5167=DIRECTION('ref_axis',(-1.,3.53147438286924E-15,-7.84121398880178E-29));
#5168=DIRECTION('center_axis',(5.52993193448557E-17,-2.30594373057674E-14,
-1.));
#5169=DIRECTION('ref_axis',(-1.,3.53147438286924E-15,-7.84121398880178E-29));
#5170=DIRECTION('',(0.,-2.22044604925036E-14,-1.));
#5171=DIRECTION('',(0.,-2.22044604925036E-14,-1.));
#5172=DIRECTION('center_axis',(1.,-3.53147438286925E-15,7.84144834147087E-29));
#5173=DIRECTION('ref_axis',(-3.53147438286925E-15,-1.,2.30594373057674E-14));
#5174=DIRECTION('',(-3.53147438286925E-15,-1.,2.30594373057674E-14));
#5175=DIRECTION('',(0.,-2.22044604925036E-14,-1.));
#5176=DIRECTION('center_axis',(0.,-2.22044604925036E-14,-1.));
#5177=DIRECTION('ref_axis',(1.,-3.53147438286924E-15,7.84121398880178E-29));
#5178=DIRECTION('center_axis',(5.52993193448557E-17,-2.30594373057674E-14,
-1.));
#5179=DIRECTION('ref_axis',(1.,-3.53147438286924E-15,7.84121398880178E-29));
#5180=DIRECTION('',(0.,-2.22044604925036E-14,-1.));
#5181=DIRECTION('center_axis',(-1.,3.29841856555006E-15,-7.32396047264967E-29));
#5182=DIRECTION('ref_axis',(3.29841856555006E-15,1.,-2.30594373057674E-14));
#5183=DIRECTION('',(3.29841856555006E-15,1.,-2.30594373057674E-14));
#5184=DIRECTION('center_axis',(0.,-2.22044604925036E-14,-1.));
#5185=DIRECTION('ref_axis',(-1.,3.53147438286924E-15,-7.84121398880178E-29));
#5186=DIRECTION('center_axis',(5.52993193448557E-17,-2.30594373057674E-14,
-1.));
#5187=DIRECTION('ref_axis',(-1.,3.53147438286924E-15,-7.84121398880178E-29));
#5188=DIRECTION('',(0.,-2.22044604925036E-14,-1.));
#5189=DIRECTION('',(0.,-2.22044604925036E-14,-1.));
#5190=DIRECTION('center_axis',(1.,-3.53147438286925E-15,7.84144834147087E-29));
#5191=DIRECTION('ref_axis',(-3.53147438286925E-15,-1.,2.30594373057674E-14));
#5192=DIRECTION('',(-3.53147438286925E-15,-1.,2.30594373057674E-14));
#5193=DIRECTION('',(0.,-2.22044604925036E-14,-1.));
#5194=DIRECTION('center_axis',(0.,-2.22044604925036E-14,-1.));
#5195=DIRECTION('ref_axis',(1.,-3.53147438286924E-15,7.84121398880178E-29));
#5196=DIRECTION('center_axis',(5.52993193448557E-17,-2.30594373057674E-14,
-1.));
#5197=DIRECTION('ref_axis',(1.,-3.53147438286924E-15,7.84121398880178E-29));
#5198=DIRECTION('',(0.,-2.22044604925036E-14,-1.));
#5199=DIRECTION('center_axis',(-1.,3.29841856555006E-15,-7.32396047264967E-29));
#5200=DIRECTION('ref_axis',(3.29841856555006E-15,1.,-2.30594373057674E-14));
#5201=DIRECTION('',(3.29841856555006E-15,1.,-2.30594373057674E-14));
#5202=DIRECTION('center_axis',(0.,-2.22044604925036E-14,-1.));
#5203=DIRECTION('ref_axis',(-1.,3.53147438286924E-15,-7.84121398880178E-29));
#5204=DIRECTION('center_axis',(5.52993193448557E-17,-2.30594373057674E-14,
-1.));
#5205=DIRECTION('ref_axis',(-1.,3.53147438286924E-15,-7.84121398880178E-29));
#5206=DIRECTION('',(0.,-2.22044604925036E-14,-1.));
#5207=DIRECTION('',(0.,-2.22044604925036E-14,-1.));
#5208=DIRECTION('center_axis',(1.,-3.53147438286925E-15,7.84144834147087E-29));
#5209=DIRECTION('ref_axis',(-3.53147438286925E-15,-1.,2.30594373057674E-14));
#5210=DIRECTION('',(-3.53147438286925E-15,-1.,2.30594373057674E-14));
#5211=DIRECTION('',(0.,-2.22044604925036E-14,-1.));
#5212=DIRECTION('center_axis',(0.,-2.22044604925036E-14,-1.));
#5213=DIRECTION('ref_axis',(1.,-3.53147438286924E-15,7.84121398880178E-29));
#5214=DIRECTION('center_axis',(5.52993193448557E-17,-2.30594373057674E-14,
-1.));
#5215=DIRECTION('ref_axis',(1.,-3.53147438286924E-15,7.84121398880178E-29));
#5216=DIRECTION('',(0.,-2.22044604925036E-14,-1.));
#5217=DIRECTION('center_axis',(-1.,3.29841856555006E-15,-7.32396047264967E-29));
#5218=DIRECTION('ref_axis',(3.29841856555006E-15,1.,-2.30594373057674E-14));
#5219=DIRECTION('',(3.29841856555006E-15,1.,-2.30594373057674E-14));
#5220=DIRECTION('center_axis',(0.,-2.22044604925036E-14,-1.));
#5221=DIRECTION('ref_axis',(-1.,3.53147438286924E-15,-7.84121398880178E-29));
#5222=DIRECTION('center_axis',(5.52993193448557E-17,-2.30594373057674E-14,
-1.));
#5223=DIRECTION('ref_axis',(-1.,3.53147438286924E-15,-7.84121398880178E-29));
#5224=DIRECTION('',(0.,-2.22044604925036E-14,-1.));
#5225=DIRECTION('',(0.,-2.22044604925036E-14,-1.));
#5226=DIRECTION('center_axis',(1.,-3.53147438286925E-15,7.84144834147087E-29));
#5227=DIRECTION('ref_axis',(-3.53147438286925E-15,-1.,2.30594373057674E-14));
#5228=DIRECTION('',(-3.53147438286925E-15,-1.,2.30594373057674E-14));
#5229=DIRECTION('',(0.,-2.22044604925036E-14,-1.));
#5230=DIRECTION('center_axis',(0.,-2.22044604925036E-14,-1.));
#5231=DIRECTION('ref_axis',(1.,-3.53147438286924E-15,7.84121398880178E-29));
#5232=DIRECTION('center_axis',(5.52993193448557E-17,-2.30594373057674E-14,
-1.));
#5233=DIRECTION('ref_axis',(1.,-3.53147438286924E-15,7.84121398880178E-29));
#5234=DIRECTION('',(0.,-2.22044604925036E-14,-1.));
#5235=DIRECTION('center_axis',(-1.,3.29841856555006E-15,-7.32396047264967E-29));
#5236=DIRECTION('ref_axis',(3.29841856555006E-15,1.,-2.30594373057674E-14));
#5237=DIRECTION('',(3.29841856555006E-15,1.,-2.30594373057674E-14));
#5238=DIRECTION('center_axis',(0.,-2.22044604925036E-14,-1.));
#5239=DIRECTION('ref_axis',(-1.,3.53147438286924E-15,-7.84121398880178E-29));
#5240=DIRECTION('center_axis',(5.52993193448557E-17,-2.30594373057674E-14,
-1.));
#5241=DIRECTION('ref_axis',(-1.,3.53147438286924E-15,-7.84121398880178E-29));
#5242=DIRECTION('',(0.,-2.22044604925036E-14,-1.));
#5243=DIRECTION('',(0.,-2.22044604925036E-14,-1.));
#5244=DIRECTION('center_axis',(1.,-3.53147438286925E-15,7.84144834147087E-29));
#5245=DIRECTION('ref_axis',(-3.53147438286925E-15,-1.,2.30594373057674E-14));
#5246=DIRECTION('',(-3.53147438286925E-15,-1.,2.30594373057674E-14));
#5247=DIRECTION('',(0.,-2.22044604925036E-14,-1.));
#5248=DIRECTION('center_axis',(0.,-2.22044604925036E-14,-1.));
#5249=DIRECTION('ref_axis',(1.,-3.53147438286924E-15,7.84121398880178E-29));
#5250=DIRECTION('center_axis',(5.52993193448557E-17,-2.30594373057674E-14,
-1.));
#5251=DIRECTION('ref_axis',(1.,-3.53147438286924E-15,7.84121398880178E-29));
#5252=DIRECTION('',(0.,-2.22044604925036E-14,-1.));
#5253=DIRECTION('center_axis',(-1.,3.29841856555006E-15,-7.32396047264967E-29));
#5254=DIRECTION('ref_axis',(3.29841856555006E-15,1.,-2.30594373057674E-14));
#5255=DIRECTION('',(3.29841856555006E-15,1.,-2.30594373057674E-14));
#5256=DIRECTION('center_axis',(0.,-2.22044604925036E-14,-1.));
#5257=DIRECTION('ref_axis',(-1.,3.53147438286924E-15,-7.84121398880178E-29));
#5258=DIRECTION('center_axis',(5.52993193448557E-17,-2.30594373057674E-14,
-1.));
#5259=DIRECTION('ref_axis',(-1.,3.53147438286924E-15,-7.84121398880178E-29));
#5260=DIRECTION('',(0.,-2.22044604925036E-14,-1.));
#5261=DIRECTION('',(0.,-2.22044604925036E-14,-1.));
#5262=DIRECTION('center_axis',(1.,-3.53147438286925E-15,7.84144834147087E-29));
#5263=DIRECTION('ref_axis',(-3.53147438286925E-15,-1.,2.30594373057674E-14));
#5264=DIRECTION('',(-3.53147438286925E-15,-1.,2.30594373057674E-14));
#5265=DIRECTION('',(0.,-2.22044604925036E-14,-1.));
#5266=DIRECTION('center_axis',(0.,-2.22044604925036E-14,-1.));
#5267=DIRECTION('ref_axis',(1.,-3.53147438286924E-15,7.84121398880178E-29));
#5268=DIRECTION('center_axis',(5.52993193448557E-17,-2.30594373057674E-14,
-1.));
#5269=DIRECTION('ref_axis',(1.,-3.53147438286924E-15,7.84121398880178E-29));
#5270=DIRECTION('',(0.,-2.22044604925036E-14,-1.));
#5271=DIRECTION('center_axis',(-1.,3.29841856555006E-15,-7.32396047264967E-29));
#5272=DIRECTION('ref_axis',(3.29841856555006E-15,1.,-2.30594373057674E-14));
#5273=DIRECTION('',(3.29841856555006E-15,1.,-2.30594373057674E-14));
#5274=DIRECTION('center_axis',(0.,-2.22044604925036E-14,-1.));
#5275=DIRECTION('ref_axis',(-1.,3.53147438286924E-15,-7.84121398880178E-29));
#5276=DIRECTION('center_axis',(5.52993193448557E-17,-2.30594373057674E-14,
-1.));
#5277=DIRECTION('ref_axis',(-1.,3.53147438286924E-15,-7.84121398880178E-29));
#5278=DIRECTION('',(0.,-2.22044604925036E-14,-1.));
#5279=DIRECTION('',(0.,-2.22044604925036E-14,-1.));
#5280=DIRECTION('center_axis',(1.,-3.53147438286925E-15,7.84144834147087E-29));
#5281=DIRECTION('ref_axis',(-3.53147438286925E-15,-1.,2.30594373057674E-14));
#5282=DIRECTION('',(-3.53147438286925E-15,-1.,2.30594373057674E-14));
#5283=DIRECTION('',(0.,-2.22044604925036E-14,-1.));
#5284=DIRECTION('center_axis',(0.,-2.22044604925036E-14,-1.));
#5285=DIRECTION('ref_axis',(1.,-3.53147438286924E-15,7.84121398880178E-29));
#5286=DIRECTION('center_axis',(5.52993193448557E-17,-2.30594373057674E-14,
-1.));
#5287=DIRECTION('ref_axis',(1.,-3.53147438286924E-15,7.84121398880178E-29));
#5288=DIRECTION('',(0.,-2.22044604925036E-14,-1.));
#5289=DIRECTION('center_axis',(-1.,3.29841856555006E-15,-7.32396047264967E-29));
#5290=DIRECTION('ref_axis',(3.29841856555006E-15,1.,-2.30594373057674E-14));
#5291=DIRECTION('',(3.29841856555006E-15,1.,-2.30594373057674E-14));
#5292=DIRECTION('center_axis',(0.,-2.22044604925036E-14,-1.));
#5293=DIRECTION('ref_axis',(-1.,3.53147438286924E-15,-7.84121398880178E-29));
#5294=DIRECTION('center_axis',(5.52993193448557E-17,-2.30594373057674E-14,
-1.));
#5295=DIRECTION('ref_axis',(-1.,3.53147438286924E-15,-7.84121398880178E-29));
#5296=DIRECTION('',(0.,-2.22044604925036E-14,-1.));
#5297=DIRECTION('',(0.,-2.22044604925036E-14,-1.));
#5298=DIRECTION('center_axis',(1.,-3.53147438286925E-15,7.84144834147087E-29));
#5299=DIRECTION('ref_axis',(-3.53147438286925E-15,-1.,2.30594373057674E-14));
#5300=DIRECTION('',(-3.53147438286925E-15,-1.,2.30594373057674E-14));
#5301=DIRECTION('',(0.,-2.22044604925036E-14,-1.));
#5302=DIRECTION('center_axis',(0.,-2.22044604925036E-14,-1.));
#5303=DIRECTION('ref_axis',(1.,-3.53147438286924E-15,7.84121398880178E-29));
#5304=DIRECTION('center_axis',(5.52993193448557E-17,-2.30594373057674E-14,
-1.));
#5305=DIRECTION('ref_axis',(1.,-3.53147438286924E-15,7.84121398880178E-29));
#5306=DIRECTION('',(0.,-2.22044604925036E-14,-1.));
#5307=DIRECTION('center_axis',(-1.,3.29841856555006E-15,-7.32396047264967E-29));
#5308=DIRECTION('ref_axis',(3.29841856555006E-15,1.,-2.30594373057674E-14));
#5309=DIRECTION('',(3.29841856555006E-15,1.,-2.30594373057674E-14));
#5310=DIRECTION('center_axis',(0.,-2.22044604925036E-14,-1.));
#5311=DIRECTION('ref_axis',(-1.,3.53147438286924E-15,-7.84121398880178E-29));
#5312=DIRECTION('center_axis',(5.52993193448557E-17,-2.30594373057674E-14,
-1.));
#5313=DIRECTION('ref_axis',(-1.,3.53147438286924E-15,-7.84121398880178E-29));
#5314=DIRECTION('',(0.,-2.22044604925036E-14,-1.));
#5315=DIRECTION('',(0.,-2.22044604925036E-14,-1.));
#5316=DIRECTION('center_axis',(1.,-3.53147438286925E-15,7.84144834147087E-29));
#5317=DIRECTION('ref_axis',(-3.53147438286925E-15,-1.,2.30594373057674E-14));
#5318=DIRECTION('',(-3.53147438286925E-15,-1.,2.30594373057674E-14));
#5319=DIRECTION('',(0.,-2.22044604925036E-14,-1.));
#5320=DIRECTION('center_axis',(0.,-2.22044604925036E-14,-1.));
#5321=DIRECTION('ref_axis',(1.,-3.53147438286924E-15,7.84121398880178E-29));
#5322=DIRECTION('center_axis',(5.52993193448557E-17,-2.30594373057674E-14,
-1.));
#5323=DIRECTION('ref_axis',(1.,-3.53147438286924E-15,7.84121398880178E-29));
#5324=DIRECTION('',(0.,-2.22044604925036E-14,-1.));
#5325=DIRECTION('center_axis',(-1.,3.29841856555006E-15,-7.32396047264967E-29));
#5326=DIRECTION('ref_axis',(3.29841856555006E-15,1.,-2.30594373057674E-14));
#5327=DIRECTION('',(3.29841856555006E-15,1.,-2.30594373057674E-14));
#5328=DIRECTION('center_axis',(0.,-2.22044604925036E-14,-1.));
#5329=DIRECTION('ref_axis',(-1.,3.53147438286924E-15,-7.84121398880178E-29));
#5330=DIRECTION('center_axis',(5.52993193448557E-17,-2.30594373057674E-14,
-1.));
#5331=DIRECTION('ref_axis',(-1.,3.53147438286924E-15,-7.84121398880178E-29));
#5332=DIRECTION('',(0.,-2.22044604925036E-14,-1.));
#5333=DIRECTION('',(0.,-2.22044604925036E-14,-1.));
#5334=DIRECTION('center_axis',(1.,-3.53147438286925E-15,7.84144834147087E-29));
#5335=DIRECTION('ref_axis',(-3.53147438286925E-15,-1.,2.30594373057674E-14));
#5336=DIRECTION('',(-3.53147438286925E-15,-1.,2.30594373057674E-14));
#5337=DIRECTION('',(0.,-2.22044604925036E-14,-1.));
#5338=DIRECTION('center_axis',(0.,-2.22044604925036E-14,-1.));
#5339=DIRECTION('ref_axis',(1.,-3.53147438286924E-15,7.84121398880178E-29));
#5340=DIRECTION('center_axis',(5.52993193448557E-17,-2.30594373057674E-14,
-1.));
#5341=DIRECTION('ref_axis',(1.,-3.53147438286924E-15,7.84121398880178E-29));
#5342=DIRECTION('',(0.,-2.22044604925036E-14,-1.));
#5343=DIRECTION('center_axis',(-1.,3.29841856555006E-15,-7.32396047264967E-29));
#5344=DIRECTION('ref_axis',(3.29841856555006E-15,1.,-2.30594373057674E-14));
#5345=DIRECTION('',(3.29841856555006E-15,1.,-2.30594373057674E-14));
#5346=DIRECTION('center_axis',(0.,-2.22044604925036E-14,-1.));
#5347=DIRECTION('ref_axis',(-1.,3.53147438286924E-15,-7.84121398880178E-29));
#5348=DIRECTION('center_axis',(5.52993193448557E-17,-2.30594373057674E-14,
-1.));
#5349=DIRECTION('ref_axis',(-1.,3.53147438286924E-15,-7.84121398880178E-29));
#5350=DIRECTION('',(0.,-2.22044604925036E-14,-1.));
#5351=DIRECTION('',(0.,-2.22044604925036E-14,-1.));
#5352=DIRECTION('center_axis',(1.,-3.53147438286925E-15,7.84144834147087E-29));
#5353=DIRECTION('ref_axis',(-3.53147438286925E-15,-1.,2.30594373057674E-14));
#5354=DIRECTION('',(-3.53147438286925E-15,-1.,2.30594373057674E-14));
#5355=DIRECTION('',(0.,-2.22044604925036E-14,-1.));
#5356=DIRECTION('center_axis',(0.,-2.22044604925036E-14,-1.));
#5357=DIRECTION('ref_axis',(1.,-3.53147438286924E-15,7.84121398880178E-29));
#5358=DIRECTION('center_axis',(5.52993193448557E-17,-2.30594373057674E-14,
-1.));
#5359=DIRECTION('ref_axis',(1.,-3.53147438286924E-15,7.84121398880178E-29));
#5360=DIRECTION('',(0.,-2.22044604925036E-14,-1.));
#5361=DIRECTION('center_axis',(-1.,3.29841856555006E-15,-7.32396047264967E-29));
#5362=DIRECTION('ref_axis',(3.29841856555006E-15,1.,-2.30594373057674E-14));
#5363=DIRECTION('',(3.29841856555006E-15,1.,-2.30594373057674E-14));
#5364=DIRECTION('center_axis',(0.,-2.22044604925036E-14,-1.));
#5365=DIRECTION('ref_axis',(-1.,3.53147438286924E-15,-7.84121398880178E-29));
#5366=DIRECTION('center_axis',(5.52993193448557E-17,-2.30594373057674E-14,
-1.));
#5367=DIRECTION('ref_axis',(-1.,3.53147438286924E-15,-7.84121398880178E-29));
#5368=DIRECTION('',(0.,-2.22044604925036E-14,-1.));
#5369=DIRECTION('',(0.,-2.22044604925036E-14,-1.));
#5370=DIRECTION('center_axis',(1.,-3.53147438286925E-15,7.84144834147087E-29));
#5371=DIRECTION('ref_axis',(-3.53147438286925E-15,-1.,2.30594373057674E-14));
#5372=DIRECTION('',(-3.53147438286925E-15,-1.,2.30594373057674E-14));
#5373=DIRECTION('',(0.,-2.22044604925036E-14,-1.));
#5374=DIRECTION('center_axis',(0.,-2.22044604925036E-14,-1.));
#5375=DIRECTION('ref_axis',(1.,-3.53147438286924E-15,7.84121398880178E-29));
#5376=DIRECTION('center_axis',(5.52993193448557E-17,-2.30594373057674E-14,
-1.));
#5377=DIRECTION('ref_axis',(1.,-3.53147438286924E-15,7.84121398880178E-29));
#5378=DIRECTION('',(0.,-2.22044604925036E-14,-1.));
#5379=DIRECTION('center_axis',(-1.,3.29841856555006E-15,-7.32396047264967E-29));
#5380=DIRECTION('ref_axis',(3.29841856555006E-15,1.,-2.30594373057674E-14));
#5381=DIRECTION('',(3.29841856555006E-15,1.,-2.30594373057674E-14));
#5382=DIRECTION('center_axis',(0.,-2.22044604925036E-14,-1.));
#5383=DIRECTION('ref_axis',(-1.,3.53147438286924E-15,-7.84121398880178E-29));
#5384=DIRECTION('center_axis',(5.52993193448557E-17,-2.30594373057674E-14,
-1.));
#5385=DIRECTION('ref_axis',(-1.,3.53147438286924E-15,-7.84121398880178E-29));
#5386=DIRECTION('',(0.,-2.22044604925036E-14,-1.));
#5387=DIRECTION('',(0.,-2.22044604925036E-14,-1.));
#5388=DIRECTION('center_axis',(1.,-3.53147438286925E-15,7.84144834147087E-29));
#5389=DIRECTION('ref_axis',(-3.53147438286925E-15,-1.,2.30594373057674E-14));
#5390=DIRECTION('',(-3.53147438286925E-15,-1.,2.30594373057674E-14));
#5391=DIRECTION('',(0.,-2.22044604925036E-14,-1.));
#5392=DIRECTION('center_axis',(0.,-2.22044604925036E-14,-1.));
#5393=DIRECTION('ref_axis',(1.,-3.53147438286924E-15,7.84121398880178E-29));
#5394=DIRECTION('center_axis',(5.52993193448557E-17,-2.30594373057674E-14,
-1.));
#5395=DIRECTION('ref_axis',(1.,-3.53147438286924E-15,7.84121398880178E-29));
#5396=DIRECTION('',(0.,-2.22044604925036E-14,-1.));
#5397=DIRECTION('center_axis',(-1.,3.29841856555006E-15,-7.32396047264967E-29));
#5398=DIRECTION('ref_axis',(3.29841856555006E-15,1.,-2.30594373057674E-14));
#5399=DIRECTION('',(3.29841856555006E-15,1.,-2.30594373057674E-14));
#5400=DIRECTION('center_axis',(0.,-2.22044604925036E-14,-1.));
#5401=DIRECTION('ref_axis',(-1.,3.53147438286924E-15,-7.84121398880178E-29));
#5402=DIRECTION('center_axis',(5.52993193448557E-17,-2.30594373057674E-14,
-1.));
#5403=DIRECTION('ref_axis',(-1.,3.53147438286924E-15,-7.84121398880178E-29));
#5404=DIRECTION('',(0.,-2.22044604925036E-14,-1.));
#5405=DIRECTION('',(0.,-2.22044604925036E-14,-1.));
#5406=DIRECTION('center_axis',(1.,-3.53147438286925E-15,7.84144834147087E-29));
#5407=DIRECTION('ref_axis',(-3.53147438286925E-15,-1.,2.30594373057674E-14));
#5408=DIRECTION('',(-3.53147438286925E-15,-1.,2.30594373057674E-14));
#5409=DIRECTION('',(0.,-2.22044604925036E-14,-1.));
#5410=DIRECTION('center_axis',(0.,-2.22044604925036E-14,-1.));
#5411=DIRECTION('ref_axis',(1.,-3.53147438286924E-15,7.84121398880178E-29));
#5412=DIRECTION('center_axis',(5.52993193448557E-17,-2.30594373057674E-14,
-1.));
#5413=DIRECTION('ref_axis',(1.,-3.53147438286924E-15,7.84121398880178E-29));
#5414=DIRECTION('',(0.,-2.22044604925036E-14,-1.));
#5415=DIRECTION('center_axis',(-1.,3.29841856555006E-15,-7.32396047264967E-29));
#5416=DIRECTION('ref_axis',(3.29841856555006E-15,1.,-2.30594373057674E-14));
#5417=DIRECTION('',(3.29841856555006E-15,1.,-2.30594373057674E-14));
#5418=DIRECTION('center_axis',(-1.,3.7364106986726E-15,3.46409245767968E-29));
#5419=DIRECTION('ref_axis',(3.7364106986726E-15,1.,-1.76411037140878E-14));
#5420=DIRECTION('',(1.,-3.73641069867261E-15,-5.52993193450112E-17));
#5421=DIRECTION('center_axis',(-1.,3.7364106986726E-15,3.46409245767968E-29));
#5422=DIRECTION('ref_axis',(5.55111512312575E-15,1.,-1.76508113680639E-14));
#5423=DIRECTION('',(1.,-3.68111137932763E-15,-3.561646560468E-29));
#5424=DIRECTION('center_axis',(-1.,3.7364106986726E-15,3.46409245767968E-29));
#5425=DIRECTION('ref_axis',(0.,1.,-1.76508113680638E-14));
#5426=DIRECTION('center_axis',(-1.,3.7364106986726E-15,3.46409245767968E-29));
#5427=DIRECTION('ref_axis',(3.46409245767968E-29,0.,1.));
#5428=DIRECTION('center_axis',(1.,-3.7364106986726E-15,-3.46409245767968E-29));
#5429=DIRECTION('ref_axis',(0.,-1.11022302462513E-14,-1.));
#5430=DIRECTION('',(7.47282139734521E-15,1.,-1.76411037140878E-14));
#5431=DIRECTION('center_axis',(-3.68399760615592E-15,-1.,1.76700477938515E-14));
#5432=DIRECTION('ref_axis',(-1.35463323346266E-28,-1.76700477938515E-14,
-1.));
#5433=DIRECTION('',(-1.,3.68399760615592E-15,3.55655493778596E-29));
#5434=DIRECTION('',(1.25199553867209E-15,-1.76411037140878E-14,-1.));
#5435=DIRECTION('',(-1.,3.68399760615592E-15,3.55655493778596E-29));
#5436=DIRECTION('',(1.35247029407681E-28,1.76411037140878E-14,1.));
#5437=DIRECTION('center_axis',(5.52993193450571E-17,1.22788315894511E-14,
1.));
#5438=DIRECTION('ref_axis',(-3.73641069867264E-15,-1.,1.22788315894511E-14));
#5439=DIRECTION('',(-1.,3.73641069867264E-15,1.10373896952858E-16));
#5440=DIRECTION('center_axis',(1.,-7.47282139734519E-15,1.25199553867222E-15));
#5441=DIRECTION('ref_axis',(-1.25199553867209E-15,1.76411037140878E-14,
1.));
#5442=DIRECTION('',(-7.47282139734521E-15,-1.,1.76411037140878E-14));
#5443=DIRECTION('',(-1.35247029407681E-28,-1.76411037140878E-14,-1.));
#5444=DIRECTION('',(-7.47282139734521E-15,-1.,1.76411037140878E-14));
#5445=DIRECTION('center_axis',(1.,-3.7364106986726E-15,-3.46409245767968E-29));
#5446=DIRECTION('ref_axis',(-3.46409245767968E-29,0.,-1.));
#5447=DIRECTION('center_axis',(-1.,3.7364106986726E-15,3.46409245767968E-29));
#5448=DIRECTION('ref_axis',(0.,1.,-1.76074432811642E-14));
#5449=DIRECTION('center_axis',(-1.,3.7364106986726E-15,3.47098798297237E-29));
#5450=DIRECTION('ref_axis',(1.20691609848267E-28,2.30314065722459E-14,1.));
#5451=DIRECTION('',(1.,-3.68111137932763E-15,-3.561646560468E-29));
#5452=DIRECTION('center_axis',(-1.,3.7364106986726E-15,3.47098798297237E-29));
#5453=DIRECTION('ref_axis',(0.,2.22044604925031E-14,1.));
#5454=DIRECTION('',(1.,-3.7364106986726E-15,5.52993193449418E-17));
#5455=DIRECTION('center_axis',(-1.,3.7364106986726E-15,3.47098798297237E-29));
#5456=DIRECTION('ref_axis',(0.,2.77555756156289E-14,1.));
#5457=DIRECTION('center_axis',(-1.,3.7364106986726E-15,3.46409245767968E-29));
#5458=DIRECTION('ref_axis',(3.7364106986726E-15,1.,-1.76411037140878E-14));
#5459=DIRECTION('center_axis',(-1.,3.7364106986726E-15,3.47098798297237E-29));
#5460=DIRECTION('ref_axis',(3.47098798297237E-29,0.,1.));
#5461=DIRECTION('',(7.47282139734521E-15,1.,-1.76411037140878E-14));
#5462=DIRECTION('center_axis',(1.,-3.7364106986726E-15,-3.47098798297237E-29));
#5463=DIRECTION('ref_axis',(0.,1.,0.));
#5464=DIRECTION('',(3.73641069867273E-15,2.30314065722459E-14,1.));
#5465=DIRECTION('center_axis',(-1.,7.47282139734521E-15,3.4182121002601E-30));
#5466=DIRECTION('ref_axis',(-1.35247029407681E-28,-1.76411037140878E-14,
-1.));
#5467=DIRECTION('',(-1.35247029407681E-28,-1.76411037140878E-14,-1.));
#5468=DIRECTION('center_axis',(-3.68111137932763E-15,-1.,1.76691344476092E-14));
#5469=DIRECTION('ref_axis',(-1.35456498072924E-28,-1.76691344476092E-14,
-1.));
#5470=DIRECTION('center_axis',(1.,-4.98840623734488E-15,-3.73641069867261E-15));
#5471=DIRECTION('ref_axis',(-4.9884062373448E-15,-1.,2.30314065722459E-14));
#5472=DIRECTION('',(-3.73641069867273E-15,-2.30314065722459E-14,-1.));
#5473=DIRECTION('',(3.73641069867257E-15,1.,-2.30314065722459E-14));
#5474=DIRECTION('center_axis',(1.,-3.7364106986726E-15,-3.47098798297237E-29));
#5475=DIRECTION('ref_axis',(-3.47098798297237E-29,0.,-1.));
#5476=DIRECTION('center_axis',(-1.,3.7364106986726E-15,3.47098798297237E-29));
#5477=DIRECTION('ref_axis',(0.,2.22044604925026E-14,1.));
#5478=DIRECTION('center_axis',(-1.,3.7364106986726E-15,3.47098798297237E-29));
#5479=DIRECTION('ref_axis',(1.20691609848267E-28,2.30314065722459E-14,1.));
#5480=DIRECTION('center_axis',(-1.,3.7364106986726E-15,3.46916961771739E-29));
#5481=DIRECTION('ref_axis',(3.46916961771739E-29,0.,1.));
#5482=DIRECTION('',(3.73641069867273E-15,2.30314065722459E-14,1.));
#5483=DIRECTION('center_axis',(1.,-3.7364106986726E-15,-3.46916961771739E-29));
#5484=DIRECTION('ref_axis',(0.,2.28983498828943E-14,1.));
#5485=DIRECTION('',(4.69802630106375E-103,-1.,-1.30585292347031E-43));
#5486=DIRECTION('center_axis',(-1.,3.73641069867266E-15,3.73641069867264E-15));
#5487=DIRECTION('ref_axis',(3.73641069867257E-15,1.,-2.30314065722459E-14));
#5488=DIRECTION('',(3.73641069867257E-15,1.,-2.30314065722459E-14));
#5489=DIRECTION('center_axis',(5.52993193448557E-17,-2.30594373057674E-14,
-1.));
#5490=DIRECTION('ref_axis',(3.73641069867257E-15,1.,-2.30594373057674E-14));
#5491=DIRECTION('center_axis',(-1.,0.,-3.597668785378E-60));
#5492=DIRECTION('ref_axis',(-3.597668785378E-60,0.,1.));
#5493=DIRECTION('center_axis',(-3.73641069867264E-15,-1.,1.22508008559296E-14));
#5494=DIRECTION('ref_axis',(1.,-3.73641069867259E-15,3.73641069867257E-15));
#5495=DIRECTION('center_axis',(-1.,3.7364106986726E-15,3.46916961771739E-29));
#5496=DIRECTION('ref_axis',(-3.7364106986726E-15,-1.,-9.62867595539246E-46));
#5497=DIRECTION('axis',(0.,0.,1.));
#5498=DIRECTION('refdir',(1.,0.,0.));
#5499=DIRECTION('center_axis',(0.,0.,1.));
#5500=DIRECTION('ref_axis',(1.,0.,0.));
#5501=DIRECTION('',(0.,0.,1.));
#5502=DIRECTION('center_axis',(0.,0.,1.));
#5503=DIRECTION('ref_axis',(1.,0.,0.));
#5504=DIRECTION('center_axis',(0.,0.,1.));
#5505=DIRECTION('ref_axis',(1.,0.,0.));
#5506=DIRECTION('',(0.,0.,1.));
#5507=DIRECTION('center_axis',(0.,0.,1.));
#5508=DIRECTION('ref_axis',(1.,0.,0.));
#5509=DIRECTION('',(0.,0.,1.));
#5510=DIRECTION('center_axis',(0.,0.,-1.));
#5511=DIRECTION('ref_axis',(-1.,0.,0.));
#5512=DIRECTION('center_axis',(0.,0.,-1.));
#5513=DIRECTION('ref_axis',(3.43524768220512E-17,1.,0.));
#5514=DIRECTION('',(0.,0.,-1.));
#5515=DIRECTION('center_axis',(0.,0.,-1.));
#5516=DIRECTION('ref_axis',(-0.41746353189292,-0.908693677506061,0.));
#5517=DIRECTION('center_axis',(0.,0.,-1.));
#5518=DIRECTION('ref_axis',(3.43524768220512E-17,1.,0.));
#5519=DIRECTION('',(0.,0.,-1.));
#5520=DIRECTION('center_axis',(0.,0.,-1.));
#5521=DIRECTION('ref_axis',(-0.41746353189292,-0.908693677506061,0.));
#5522=DIRECTION('center_axis',(0.,0.,-1.));
#5523=DIRECTION('ref_axis',(3.43524768220512E-17,1.,0.));
#5524=DIRECTION('',(0.,0.,-1.));
#5525=DIRECTION('center_axis',(1.4930039617891E-15,-1.00599828290116E-15,
1.));
#5526=DIRECTION('ref_axis',(0.999995836408231,0.00288568297000949,-1.37409907288205E-15));
#5527=DIRECTION('center_axis',(0.,0.,-1.));
#5528=DIRECTION('ref_axis',(3.43524768220512E-17,1.,0.));
#5529=DIRECTION('center_axis',(0.,0.,-1.));
#5530=DIRECTION('ref_axis',(-1.,0.,0.));
#5531=DIRECTION('center_axis',(0.,0.,-1.));
#5532=DIRECTION('ref_axis',(-1.,0.,0.));
#5533=DIRECTION('center_axis',(0.,0.,-1.));
#5534=DIRECTION('ref_axis',(-1.,0.,0.));
#5535=DIRECTION('center_axis',(0.,0.,1.));
#5536=DIRECTION('ref_axis',(1.,0.,0.));
#5537=DIRECTION('center_axis',(0.,0.,1.));
#5538=DIRECTION('ref_axis',(1.,0.,0.));
#5539=DIRECTION('center_axis',(0.,0.,1.));
#5540=DIRECTION('ref_axis',(1.,0.,0.));
#5541=DIRECTION('center_axis',(0.,0.,1.));
#5542=DIRECTION('ref_axis',(1.,0.,0.));
#5543=DIRECTION('center_axis',(0.,0.,1.));
#5544=DIRECTION('ref_axis',(1.,0.,0.));
#5545=DIRECTION('center_axis',(0.,0.,1.));
#5546=DIRECTION('ref_axis',(1.,0.,0.));
#5547=DIRECTION('center_axis',(0.,0.,1.));
#5548=DIRECTION('ref_axis',(1.,0.,0.));
#5549=DIRECTION('center_axis',(0.,0.,-1.));
#5550=DIRECTION('ref_axis',(-1.,0.,0.));
#5551=DIRECTION('center_axis',(0.,0.,-1.));
#5552=DIRECTION('ref_axis',(-1.,0.,0.));
#5553=DIRECTION('',(0.,0.,-1.));
#5554=DIRECTION('center_axis',(0.,0.,-1.));
#5555=DIRECTION('ref_axis',(-1.,0.,0.));
#5556=DIRECTION('center_axis',(0.,0.,1.));
#5557=DIRECTION('ref_axis',(1.,0.,0.));
#5558=DIRECTION('',(-0.258819045102525,3.16961915143182E-17,0.965925826289067));
#5559=DIRECTION('center_axis',(0.,0.,1.));
#5560=DIRECTION('ref_axis',(1.,0.,0.));
#5561=DIRECTION('',(0.939692620785908,1.15079156022785E-16,-0.342020143325669));
#5562=DIRECTION('center_axis',(0.,0.,1.));
#5563=DIRECTION('ref_axis',(1.,0.,0.));
#5564=DIRECTION('center_axis',(0.,0.,1.));
#5565=DIRECTION('ref_axis',(1.,0.,0.));
#5566=DIRECTION('',(0.,0.,-1.));
#5567=DIRECTION('center_axis',(0.,0.,1.));
#5568=DIRECTION('ref_axis',(1.,0.,0.));
#5569=DIRECTION('center_axis',(0.,0.,1.));
#5570=DIRECTION('ref_axis',(1.,0.,0.));
#5571=DIRECTION('',(0.88748960903856,0.460827726866108,0.));
#5572=DIRECTION('center_axis',(0.,0.,1.));
#5573=DIRECTION('ref_axis',(1.,0.,0.));
#5574=DIRECTION('',(-0.301695510157983,0.953404331409562,0.));
#5575=DIRECTION('center_axis',(0.,0.,1.));
#5576=DIRECTION('ref_axis',(1.,0.,0.));
#5577=DIRECTION('',(0.737978141709283,0.674824615999827,0.));
#5578=DIRECTION('center_axis',(0.,0.,1.));
#5579=DIRECTION('ref_axis',(1.,0.,0.));
#5580=DIRECTION('',(-0.538174683589072,0.842833322753558,0.));
#5581=DIRECTION('center_axis',(0.,0.,1.));
#5582=DIRECTION('ref_axis',(1.,0.,0.));
#5583=DIRECTION('',(0.538174683589071,0.842833322753558,0.));
#5584=DIRECTION('center_axis',(0.,0.,1.));
#5585=DIRECTION('ref_axis',(1.,0.,0.));
#5586=DIRECTION('',(-0.737978141709293,0.674824615999816,0.));
#5587=DIRECTION('center_axis',(0.,0.,1.));
#5588=DIRECTION('ref_axis',(1.,0.,0.));
#5589=DIRECTION('',(0.301695510157969,0.953404331409567,0.));
#5590=DIRECTION('center_axis',(0.,0.,1.));
#5591=DIRECTION('ref_axis',(1.,0.,0.));
#5592=DIRECTION('',(-0.887489609038568,0.460827726866093,0.));
#5593=DIRECTION('center_axis',(0.,0.,1.));
#5594=DIRECTION('ref_axis',(1.,0.,0.));
#5595=DIRECTION('',(0.0446562862850049,0.999002410455166,0.));
#5596=DIRECTION('center_axis',(0.,0.,1.));
#5597=DIRECTION('ref_axis',(1.,0.,0.));
#5598=DIRECTION('',(-0.976520126157788,0.215426189700272,0.));
#5599=DIRECTION('center_axis',(0.,0.,1.));
#5600=DIRECTION('ref_axis',(1.,0.,0.));
#5601=DIRECTION('',(-0.215426189700278,0.976520126157787,0.));
#5602=DIRECTION('center_axis',(0.,0.,1.));
#5603=DIRECTION('ref_axis',(1.,0.,0.));
#5604=DIRECTION('',(-0.999002410455166,-0.0446562862850123,0.));
#5605=DIRECTION('center_axis',(0.,0.,1.));
#5606=DIRECTION('ref_axis',(1.,0.,0.));
#5607=DIRECTION('',(-0.460827726866098,0.887489609038565,0.));
#5608=DIRECTION('center_axis',(0.,0.,1.));
#5609=DIRECTION('ref_axis',(1.,0.,0.));
#5610=DIRECTION('',(-0.953404331409565,-0.301695510157973,0.));
#5611=DIRECTION('center_axis',(0.,0.,1.));
#5612=DIRECTION('ref_axis',(1.,0.,0.));
#5613=DIRECTION('',(-0.67482461599982,0.737978141709289,0.));
#5614=DIRECTION('center_axis',(0.,0.,1.));
#5615=DIRECTION('ref_axis',(1.,0.,0.));
#5616=DIRECTION('',(-0.842833322753556,-0.538174683589074,0.));
#5617=DIRECTION('center_axis',(0.,0.,1.));
#5618=DIRECTION('ref_axis',(1.,0.,0.));
#5619=DIRECTION('',(-0.84283332275356,0.538174683589068,0.));
#5620=DIRECTION('center_axis',(0.,0.,1.));
#5621=DIRECTION('ref_axis',(1.,0.,0.));
#5622=DIRECTION('',(-0.674824615999815,-0.737978141709294,0.));
#5623=DIRECTION('center_axis',(0.,0.,1.));
#5624=DIRECTION('ref_axis',(1.,0.,0.));
#5625=DIRECTION('',(-0.953404331409568,0.301695510157966,0.));
#5626=DIRECTION('center_axis',(0.,0.,1.));
#5627=DIRECTION('ref_axis',(1.,0.,0.));
#5628=DIRECTION('',(-0.46082772686609,-0.887489609038569,0.));
#5629=DIRECTION('center_axis',(0.,0.,1.));
#5630=DIRECTION('ref_axis',(1.,0.,0.));
#5631=DIRECTION('',(-0.999002410455166,0.0446562862850019,0.));
#5632=DIRECTION('center_axis',(0.,0.,1.));
#5633=DIRECTION('ref_axis',(1.,0.,0.));
#5634=DIRECTION('',(-0.215426189700268,-0.976520126157789,0.));
#5635=DIRECTION('center_axis',(0.,0.,1.));
#5636=DIRECTION('ref_axis',(1.,0.,0.));
#5637=DIRECTION('',(-0.976520126157786,-0.215426189700281,0.));
#5638=DIRECTION('center_axis',(0.,0.,1.));
#5639=DIRECTION('ref_axis',(1.,0.,0.));
#5640=DIRECTION('',(0.0446562862850155,-0.999002410455165,0.));
#5641=DIRECTION('center_axis',(0.,0.,1.));
#5642=DIRECTION('ref_axis',(1.,0.,0.));
#5643=DIRECTION('',(-0.887489609038563,-0.460827726866101,0.));
#5644=DIRECTION('center_axis',(0.,0.,1.));
#5645=DIRECTION('ref_axis',(1.,0.,0.));
#5646=DIRECTION('',(0.301695510157977,-0.953404331409564,0.));
#5647=DIRECTION('center_axis',(0.,0.,1.));
#5648=DIRECTION('ref_axis',(1.,0.,0.));
#5649=DIRECTION('',(-0.737978141709287,-0.674824615999823,0.));
#5650=DIRECTION('center_axis',(0.,0.,1.));
#5651=DIRECTION('ref_axis',(1.,0.,0.));
#5652=DIRECTION('',(0.538174683589072,-0.842833322753557,0.));
#5653=DIRECTION('center_axis',(0.,0.,1.));
#5654=DIRECTION('ref_axis',(1.,0.,0.));
#5655=DIRECTION('',(-0.53817468358907,-0.842833322753559,0.));
#5656=DIRECTION('center_axis',(0.,0.,1.));
#5657=DIRECTION('ref_axis',(1.,0.,0.));
#5658=DIRECTION('',(0.737978141709297,-0.674824615999811,0.));
#5659=DIRECTION('center_axis',(0.,0.,1.));
#5660=DIRECTION('ref_axis',(1.,0.,0.));
#5661=DIRECTION('',(-0.301695510157962,-0.953404331409569,0.));
#5662=DIRECTION('center_axis',(0.,0.,1.));
#5663=DIRECTION('ref_axis',(1.,0.,0.));
#5664=DIRECTION('',(0.887489609038571,-0.460827726866087,0.));
#5665=DIRECTION('center_axis',(0.,0.,1.));
#5666=DIRECTION('ref_axis',(1.,0.,0.));
#5667=DIRECTION('',(-0.0446562862850008,-0.999002410455166,0.));
#5668=DIRECTION('center_axis',(0.,0.,1.));
#5669=DIRECTION('ref_axis',(1.,0.,0.));
#5670=DIRECTION('',(0.97652012615779,-0.215426189700265,0.));
#5671=DIRECTION('center_axis',(0.,0.,1.));
#5672=DIRECTION('ref_axis',(1.,0.,0.));
#5673=DIRECTION('',(0.215426189700284,-0.976520126157785,0.));
#5674=DIRECTION('center_axis',(0.,0.,1.));
#5675=DIRECTION('ref_axis',(1.,0.,0.));
#5676=DIRECTION('',(0.999002410455165,0.0446562862850165,0.));
#5677=DIRECTION('center_axis',(0.,0.,1.));
#5678=DIRECTION('ref_axis',(1.,0.,0.));
#5679=DIRECTION('',(0.460827726866105,-0.887489609038561,0.));
#5680=DIRECTION('center_axis',(0.,0.,1.));
#5681=DIRECTION('ref_axis',(1.,0.,0.));
#5682=DIRECTION('',(0.953404331409563,0.301695510157981,0.));
#5683=DIRECTION('center_axis',(0.,0.,1.));
#5684=DIRECTION('ref_axis',(1.,0.,0.));
#5685=DIRECTION('',(0.674824615999826,-0.737978141709284,0.));
#5686=DIRECTION('center_axis',(0.,0.,1.));
#5687=DIRECTION('ref_axis',(1.,0.,0.));
#5688=DIRECTION('',(0.842833322753553,0.538174683589079,0.));
#5689=DIRECTION('center_axis',(0.,0.,1.));
#5690=DIRECTION('ref_axis',(1.,0.,0.));
#5691=DIRECTION('',(0.842833322753565,-0.53817468358906,0.));
#5692=DIRECTION('center_axis',(0.,0.,1.));
#5693=DIRECTION('ref_axis',(1.,0.,0.));
#5694=DIRECTION('',(0.674824615999808,0.7379781417093,0.));
#5695=DIRECTION('center_axis',(0.,0.,1.));
#5696=DIRECTION('ref_axis',(1.,0.,0.));
#5697=DIRECTION('',(0.95340433140957,-0.301695510157959,0.));
#5698=DIRECTION('center_axis',(0.,0.,1.));
#5699=DIRECTION('ref_axis',(1.,0.,0.));
#5700=DIRECTION('',(0.460827726866084,0.887489609038572,0.));
#5701=DIRECTION('center_axis',(0.,0.,1.));
#5702=DIRECTION('ref_axis',(1.,0.,0.));
#5703=DIRECTION('',(0.999002410455166,-0.0446562862849956,0.));
#5704=DIRECTION('center_axis',(0.,0.,1.));
#5705=DIRECTION('ref_axis',(1.,0.,0.));
#5706=DIRECTION('',(0.215426189700262,0.97652012615779,0.));
#5707=DIRECTION('center_axis',(0.,0.,1.));
#5708=DIRECTION('ref_axis',(1.,0.,0.));
#5709=DIRECTION('',(0.976520126157785,0.215426189700287,0.));
#5710=DIRECTION('center_axis',(0.,0.,1.));
#5711=DIRECTION('ref_axis',(1.,0.,0.));
#5712=DIRECTION('',(-0.0446562862850218,0.999002410455165,0.));
#5713=DIRECTION('center_axis',(0.,0.,1.));
#5714=DIRECTION('ref_axis',(1.,0.,0.));
#5715=DIRECTION('center_axis',(0.,0.,-1.));
#5716=DIRECTION('ref_axis',(0.991444861373811,-0.130526192220044,0.));
#5717=DIRECTION('',(0.,0.,-1.));
#5718=DIRECTION('',(0.,0.,-1.));
#5719=DIRECTION('center_axis',(0.,0.,1.));
#5720=DIRECTION('ref_axis',(-0.965925826289072,0.258819045102507,0.));
#5721=DIRECTION('',(0.,0.,-1.));
#5722=DIRECTION('',(0.,0.,-1.));
#5723=DIRECTION('center_axis',(0.,0.,1.));
#5724=DIRECTION('ref_axis',(1.,0.,0.));
#5725=DIRECTION('',(0.,0.,1.));
#5726=DIRECTION('',(0.,0.,1.));
#5727=DIRECTION('center_axis',(-0.953404331409562,-0.301695510157984,0.));
#5728=DIRECTION('ref_axis',(0.,0.,1.));
#5729=DIRECTION('center_axis',(0.,0.,1.));
#5730=DIRECTION('ref_axis',(-0.866025403784445,0.499999999999989,0.));
#5731=DIRECTION('',(0.,0.,-1.));
#5732=DIRECTION('',(0.,0.,-1.));
#5733=DIRECTION('center_axis',(-0.460827726866107,0.88748960903856,0.));
#5734=DIRECTION('ref_axis',(0.,0.,1.));
#5735=DIRECTION('center_axis',(0.,0.,1.));
#5736=DIRECTION('ref_axis',(1.,0.,0.));
#5737=DIRECTION('',(0.,0.,1.));
#5738=DIRECTION('',(0.,0.,1.));
#5739=DIRECTION('center_axis',(-0.999002410455165,-0.0446562862850218,0.));
#5740=DIRECTION('ref_axis',(0.,0.,1.));
#5741=DIRECTION('center_axis',(0.,0.,1.));
#5742=DIRECTION('ref_axis',(1.,0.,0.));
#5743=DIRECTION('',(0.,0.,-1.));
#5744=DIRECTION('',(0.,0.,-1.));
#5745=DIRECTION('center_axis',(-0.215426189700288,0.976520126157785,0.));
#5746=DIRECTION('ref_axis',(0.,0.,1.));
#5747=DIRECTION('center_axis',(0.,0.,1.));
#5748=DIRECTION('ref_axis',(1.,0.,0.));
#5749=DIRECTION('',(0.,0.,1.));
#5750=DIRECTION('',(0.,0.,1.));
#5751=DIRECTION('center_axis',(-0.97652012615779,0.215426189700262,0.));
#5752=DIRECTION('ref_axis',(0.,0.,1.));
#5753=DIRECTION('center_axis',(0.,0.,1.));
#5754=DIRECTION('ref_axis',(1.,0.,0.));
#5755=DIRECTION('',(0.,0.,-1.));
#5756=DIRECTION('',(0.,0.,-1.));
#5757=DIRECTION('center_axis',(0.0446562862849957,0.999002410455166,0.));
#5758=DIRECTION('ref_axis',(0.,0.,1.));
#5759=DIRECTION('center_axis',(0.,0.,1.));
#5760=DIRECTION('ref_axis',(1.,0.,0.));
#5761=DIRECTION('',(0.,0.,1.));
#5762=DIRECTION('',(0.,0.,1.));
#5763=DIRECTION('center_axis',(-0.887489609038572,0.460827726866084,0.));
#5764=DIRECTION('ref_axis',(0.,0.,1.));
#5765=DIRECTION('center_axis',(0.,0.,1.));
#5766=DIRECTION('ref_axis',(1.,0.,0.));
#5767=DIRECTION('',(0.,0.,-1.));
#5768=DIRECTION('',(0.,0.,-1.));
#5769=DIRECTION('center_axis',(0.301695510157959,0.95340433140957,0.));
#5770=DIRECTION('ref_axis',(0.,0.,1.));
#5771=DIRECTION('center_axis',(0.,0.,1.));
#5772=DIRECTION('ref_axis',(1.,0.,0.));
#5773=DIRECTION('',(0.,0.,1.));
#5774=DIRECTION('',(0.,0.,1.));
#5775=DIRECTION('center_axis',(-0.737978141709299,0.674824615999809,0.));
#5776=DIRECTION('ref_axis',(0.,0.,1.));
#5777=DIRECTION('center_axis',(0.,0.,1.));
#5778=DIRECTION('ref_axis',(1.,0.,0.));
#5779=DIRECTION('',(0.,0.,-1.));
#5780=DIRECTION('',(0.,0.,-1.));
#5781=DIRECTION('center_axis',(0.538174683589061,0.842833322753564,0.));
#5782=DIRECTION('ref_axis',(0.,0.,-1.));
#5783=DIRECTION('center_axis',(0.,0.,1.));
#5784=DIRECTION('ref_axis',(1.,0.,0.));
#5785=DIRECTION('',(0.,0.,1.));
#5786=DIRECTION('',(0.,0.,1.));
#5787=DIRECTION('center_axis',(-0.53817468358908,0.842833322753552,0.));
#5788=DIRECTION('ref_axis',(0.,0.,1.));
#5789=DIRECTION('center_axis',(0.,0.,1.));
#5790=DIRECTION('ref_axis',(1.,0.,0.));
#5791=DIRECTION('',(0.,0.,-1.));
#5792=DIRECTION('',(0.,0.,-1.));
#5793=DIRECTION('center_axis',(0.737978141709284,0.674824615999825,0.));
#5794=DIRECTION('ref_axis',(0.,0.,-1.));
#5795=DIRECTION('center_axis',(0.,0.,1.));
#5796=DIRECTION('ref_axis',(1.,0.,0.));
#5797=DIRECTION('',(0.,0.,1.));
#5798=DIRECTION('',(0.,0.,1.));
#5799=DIRECTION('center_axis',(-0.30169551015798,0.953404331409563,0.));
#5800=DIRECTION('ref_axis',(0.,0.,1.));
#5801=DIRECTION('center_axis',(0.,0.,1.));
#5802=DIRECTION('ref_axis',(1.,0.,0.));
#5803=DIRECTION('',(0.,0.,-1.));
#5804=DIRECTION('',(0.,0.,-1.));
#5805=DIRECTION('center_axis',(0.887489609038562,0.460827726866104,0.));
#5806=DIRECTION('ref_axis',(0.,0.,-1.));
#5807=DIRECTION('center_axis',(0.,0.,1.));
#5808=DIRECTION('ref_axis',(1.,0.,0.));
#5809=DIRECTION('',(0.,0.,1.));
#5810=DIRECTION('',(0.,0.,1.));
#5811=DIRECTION('center_axis',(-0.0446562862850182,0.999002410455165,0.));
#5812=DIRECTION('ref_axis',(0.,0.,1.));
#5813=DIRECTION('center_axis',(0.,0.,1.));
#5814=DIRECTION('ref_axis',(1.,0.,0.));
#5815=DIRECTION('',(0.,0.,-1.));
#5816=DIRECTION('',(0.,0.,-1.));
#5817=DIRECTION('center_axis',(0.976520126157785,0.215426189700284,0.));
#5818=DIRECTION('ref_axis',(0.,0.,-1.));
#5819=DIRECTION('center_axis',(0.,0.,1.));
#5820=DIRECTION('ref_axis',(-0.793353340291228,-0.60876142900873,0.));
#5821=DIRECTION('',(0.,0.,1.));
#5822=DIRECTION('',(0.,0.,1.));
#5823=DIRECTION('center_axis',(0.215426189700266,0.97652012615779,0.));
#5824=DIRECTION('ref_axis',(0.,0.,1.));
#5825=DIRECTION('center_axis',(0.,0.,1.));
#5826=DIRECTION('ref_axis',(1.,0.,0.));
#5827=DIRECTION('',(0.,0.,-1.));
#5828=DIRECTION('',(0.,0.,-1.));
#5829=DIRECTION('center_axis',(0.999002410455166,-0.0446562862849991,0.));
#5830=DIRECTION('ref_axis',(0.,0.,-1.));
#5831=DIRECTION('center_axis',(0.,0.,1.));
#5832=DIRECTION('ref_axis',(-0.923879532511284,-0.382683432365097,0.));
#5833=DIRECTION('',(0.,0.,1.));
#5834=DIRECTION('',(0.,0.,1.));
#5835=DIRECTION('center_axis',(0.460827726866087,0.887489609038571,0.));
#5836=DIRECTION('ref_axis',(0.,0.,1.));
#5837=DIRECTION('center_axis',(0.,0.,1.));
#5838=DIRECTION('ref_axis',(1.,0.,0.));
#5839=DIRECTION('',(0.,0.,-1.));
#5840=DIRECTION('',(0.,0.,-1.));
#5841=DIRECTION('center_axis',(0.953404331409569,-0.301695510157962,0.));
#5842=DIRECTION('ref_axis',(0.,0.,-1.));
#5843=DIRECTION('center_axis',(0.,0.,1.));
#5844=DIRECTION('ref_axis',(-0.99144486137381,-0.130526192220055,0.));
#5845=DIRECTION('',(0.,0.,1.));
#5846=DIRECTION('',(0.,0.,1.));
#5847=DIRECTION('center_axis',(0.674824615999811,0.737978141709297,0.));
#5848=DIRECTION('ref_axis',(0.,0.,-1.));
#5849=DIRECTION('center_axis',(0.,0.,1.));
#5850=DIRECTION('ref_axis',(1.,0.,0.));
#5851=DIRECTION('',(0.,0.,-1.));
#5852=DIRECTION('',(0.,0.,-1.));
#5853=DIRECTION('center_axis',(0.842833322753559,-0.53817468358907,0.));
#5854=DIRECTION('ref_axis',(0.,0.,-1.));
#5855=DIRECTION('center_axis',(0.,0.,1.));
#5856=DIRECTION('ref_axis',(-0.991444861373811,0.130526192220047,0.));
#5857=DIRECTION('',(0.,0.,1.));
#5858=DIRECTION('',(0.,0.,1.));
#5859=DIRECTION('center_axis',(0.842833322753558,0.538174683589071,0.));
#5860=DIRECTION('ref_axis',(0.,0.,-1.));
#5861=DIRECTION('center_axis',(0.,0.,1.));
#5862=DIRECTION('ref_axis',(1.,0.,0.));
#5863=DIRECTION('',(0.,0.,-1.));
#5864=DIRECTION('',(0.,0.,-1.));
#5865=DIRECTION('center_axis',(0.674824615999823,-0.737978141709287,0.));
#5866=DIRECTION('ref_axis',(0.,0.,-1.));
#5867=DIRECTION('center_axis',(0.,0.,1.));
#5868=DIRECTION('ref_axis',(-0.923879532511289,0.382683432365085,0.));
#5869=DIRECTION('',(0.,0.,1.));
#5870=DIRECTION('',(0.,0.,1.));
#5871=DIRECTION('center_axis',(0.953404331409564,0.301695510157977,0.));
#5872=DIRECTION('ref_axis',(0.,0.,-1.));
#5873=DIRECTION('center_axis',(0.,0.,1.));
#5874=DIRECTION('ref_axis',(1.,0.,0.));
#5875=DIRECTION('',(0.,0.,-1.));
#5876=DIRECTION('',(0.,0.,-1.));
#5877=DIRECTION('center_axis',(0.460827726866101,-0.887489609038563,0.));
#5878=DIRECTION('ref_axis',(0.,0.,-1.));
#5879=DIRECTION('center_axis',(0.,0.,1.));
#5880=DIRECTION('ref_axis',(-0.79335334029124,0.608761429008714,0.));
#5881=DIRECTION('',(0.,0.,1.));
#5882=DIRECTION('',(0.,0.,1.));
#5883=DIRECTION('center_axis',(0.999002410455166,0.0446562862850148,0.));
#5884=DIRECTION('ref_axis',(0.,0.,-1.));
#5885=DIRECTION('center_axis',(0.,0.,1.));
#5886=DIRECTION('ref_axis',(1.,0.,0.));
#5887=DIRECTION('',(0.,0.,-1.));
#5888=DIRECTION('',(0.,0.,-1.));
#5889=DIRECTION('center_axis',(0.215426189700281,-0.976520126157786,0.));
#5890=DIRECTION('ref_axis',(0.,0.,-1.));
#5891=DIRECTION('center_axis',(0.,0.,1.));
#5892=DIRECTION('ref_axis',(1.,0.,0.));
#5893=DIRECTION('',(0.,0.,1.));
#5894=DIRECTION('',(0.,0.,1.));
#5895=DIRECTION('center_axis',(0.976520126157789,-0.215426189700269,0.));
#5896=DIRECTION('ref_axis',(0.,0.,-1.));
#5897=DIRECTION('center_axis',(0.,0.,1.));
#5898=DIRECTION('ref_axis',(1.,0.,0.));
#5899=DIRECTION('',(0.,0.,-1.));
#5900=DIRECTION('',(0.,0.,-1.));
#5901=DIRECTION('center_axis',(-0.0446562862850027,-0.999002410455166,0.));
#5902=DIRECTION('ref_axis',(0.,0.,-1.));
#5903=DIRECTION('center_axis',(0.,0.,1.));
#5904=DIRECTION('ref_axis',(1.,0.,0.));
#5905=DIRECTION('',(0.,0.,1.));
#5906=DIRECTION('',(0.,0.,1.));
#5907=DIRECTION('center_axis',(0.887489609038569,-0.46082772686609,0.));
#5908=DIRECTION('ref_axis',(0.,0.,-1.));
#5909=DIRECTION('center_axis',(0.,0.,1.));
#5910=DIRECTION('ref_axis',(1.,0.,0.));
#5911=DIRECTION('',(0.,0.,-1.));
#5912=DIRECTION('',(0.,0.,-1.));
#5913=DIRECTION('center_axis',(-0.301695510157965,-0.953404331409568,0.));
#5914=DIRECTION('ref_axis',(0.,0.,-1.));
#5915=DIRECTION('center_axis',(0.,0.,1.));
#5916=DIRECTION('ref_axis',(1.,0.,0.));
#5917=DIRECTION('',(0.,0.,1.));
#5918=DIRECTION('',(0.,0.,1.));
#5919=DIRECTION('center_axis',(0.737978141709295,-0.674824615999814,0.));
#5920=DIRECTION('ref_axis',(0.,0.,-1.));
#5921=DIRECTION('center_axis',(0.,0.,1.));
#5922=DIRECTION('ref_axis',(1.,0.,0.));
#5923=DIRECTION('',(0.,0.,-1.));
#5924=DIRECTION('',(0.,0.,-1.));
#5925=DIRECTION('center_axis',(-0.538174683589067,-0.842833322753561,0.));
#5926=DIRECTION('ref_axis',(0.,0.,1.));
#5927=DIRECTION('center_axis',(0.,0.,1.));
#5928=DIRECTION('ref_axis',(1.,0.,0.));
#5929=DIRECTION('',(0.,0.,1.));
#5930=DIRECTION('',(0.,0.,1.));
#5931=DIRECTION('center_axis',(0.538174683589074,-0.842833322753556,0.));
#5932=DIRECTION('ref_axis',(0.,0.,-1.));
#5933=DIRECTION('center_axis',(0.,0.,1.));
#5934=DIRECTION('ref_axis',(1.,0.,0.));
#5935=DIRECTION('',(0.,0.,-1.));
#5936=DIRECTION('',(0.,0.,-1.));
#5937=DIRECTION('center_axis',(-0.737978141709289,-0.67482461599982,0.));
#5938=DIRECTION('ref_axis',(0.,0.,1.));
#5939=DIRECTION('center_axis',(0.,0.,1.));
#5940=DIRECTION('ref_axis',(1.,0.,0.));
#5941=DIRECTION('',(0.,0.,1.));
#5942=DIRECTION('',(0.,0.,1.));
#5943=DIRECTION('center_axis',(0.301695510157974,-0.953404331409565,0.));
#5944=DIRECTION('ref_axis',(0.,0.,-1.));
#5945=DIRECTION('center_axis',(0.,0.,1.));
#5946=DIRECTION('ref_axis',(1.,0.,0.));
#5947=DIRECTION('',(0.,0.,-1.));
#5948=DIRECTION('',(0.,0.,-1.));
#5949=DIRECTION('center_axis',(-0.887489609038565,-0.460827726866098,0.));
#5950=DIRECTION('ref_axis',(0.,0.,1.));
#5951=DIRECTION('center_axis',(0.,0.,1.));
#5952=DIRECTION('ref_axis',(1.,0.,0.));
#5953=DIRECTION('',(0.,0.,1.));
#5954=DIRECTION('',(0.,0.,1.));
#5955=DIRECTION('center_axis',(0.0446562862850112,-0.999002410455166,0.));
#5956=DIRECTION('ref_axis',(0.,0.,-1.));
#5957=DIRECTION('center_axis',(0.,0.,1.));
#5958=DIRECTION('ref_axis',(1.,0.,0.));
#5959=DIRECTION('',(0.,0.,-1.));
#5960=DIRECTION('',(0.,0.,-1.));
#5961=DIRECTION('center_axis',(-0.976520126157787,-0.215426189700277,0.));
#5962=DIRECTION('ref_axis',(0.,0.,1.));
#5963=DIRECTION('center_axis',(0.,0.,1.));
#5964=DIRECTION('ref_axis',(1.,0.,0.));
#5965=DIRECTION('',(0.,0.,1.));
#5966=DIRECTION('',(0.,0.,1.));
#5967=DIRECTION('center_axis',(-0.215426189700272,-0.976520126157788,0.));
#5968=DIRECTION('ref_axis',(0.,0.,-1.));
#5969=DIRECTION('center_axis',(0.,0.,1.));
#5970=DIRECTION('ref_axis',(-0.866025403784437,-0.500000000000003,0.));
#5971=DIRECTION('',(0.,0.,-1.));
#5972=DIRECTION('',(0.,0.,-1.));
#5973=DIRECTION('center_axis',(-0.999002410455166,0.0446562862850062,0.));
#5974=DIRECTION('ref_axis',(0.,0.,1.));
#5975=DIRECTION('center_axis',(0.,0.,1.));
#5976=DIRECTION('ref_axis',(1.,0.,0.));
#5977=DIRECTION('',(0.,0.,1.));
#5978=DIRECTION('',(0.,0.,1.));
#5979=DIRECTION('center_axis',(-0.460827726866093,-0.887489609038567,0.));
#5980=DIRECTION('ref_axis',(0.,0.,-1.));
#5981=DIRECTION('center_axis',(0.,0.,1.));
#5982=DIRECTION('ref_axis',(-0.965925826289068,-0.258819045102523,0.));
#5983=DIRECTION('',(0.,0.,-1.));
#5984=DIRECTION('',(0.,0.,-1.));
#5985=DIRECTION('center_axis',(-0.953404331409567,0.301695510157969,0.));
#5986=DIRECTION('ref_axis',(0.,0.,1.));
#5987=DIRECTION('center_axis',(0.,0.,1.));
#5988=DIRECTION('ref_axis',(1.,0.,0.));
#5989=DIRECTION('',(0.,0.,1.));
#5990=DIRECTION('',(0.,0.,1.));
#5991=DIRECTION('center_axis',(-0.674824615999816,-0.737978141709292,0.));
#5992=DIRECTION('ref_axis',(0.,0.,1.));
#5993=DIRECTION('center_axis',(-0.674824615999828,0.737978141709282,0.));
#5994=DIRECTION('ref_axis',(0.,0.,1.));
#5995=DIRECTION('center_axis',(0.,0.,1.));
#5996=DIRECTION('ref_axis',(-1.,7.6571373978539E-16,0.));
#5997=DIRECTION('',(0.,0.,-1.));
#5998=DIRECTION('',(0.,0.,-1.));
#5999=DIRECTION('center_axis',(-0.842833322753559,0.53817468358907,0.));
#6000=DIRECTION('ref_axis',(0.,0.,1.));
#6001=DIRECTION('center_axis',(-0.842833322753558,-0.538174683589071,0.));
#6002=DIRECTION('ref_axis',(0.,0.,1.));
#6003=DIRECTION('center_axis',(0.,0.,1.));
#6004=DIRECTION('ref_axis',(1.,0.,0.));
#6005=DIRECTION('center_axis',(0.,0.,-1.));
#6006=DIRECTION('ref_axis',(-1.,0.,0.));
#6007=DIRECTION('center_axis',(0.,0.,-1.));
#6008=DIRECTION('ref_axis',(-1.,0.,0.));
#6009=DIRECTION('',(-0.173648177666926,2.12657684957572E-17,0.984807753012209));
#6010=DIRECTION('center_axis',(0.,0.,-1.));
#6011=DIRECTION('ref_axis',(-1.,0.,0.));
#6012=DIRECTION('center_axis',(0.,0.,-1.));
#6013=DIRECTION('ref_axis',(-1.,0.,0.));
#6014=DIRECTION('center_axis',(-1.22464679914735E-16,-1.,0.));
#6015=DIRECTION('ref_axis',(1.,-1.22464679914735E-16,0.));
#6016=DIRECTION('center_axis',(0.,0.,1.));
#6017=DIRECTION('ref_axis',(1.,0.,0.));
#6018=DIRECTION('center_axis',(1.22464679914735E-16,-1.,0.));
#6019=DIRECTION('ref_axis',(-1.,-1.22464679914735E-16,0.));
#6020=DIRECTION('center_axis',(0.,0.,-1.));
#6021=DIRECTION('ref_axis',(-1.,0.,0.));
#6022=DIRECTION('',(0.719339800338652,-8.80937183984027E-17,-0.694658370458996));
#6023=DIRECTION('center_axis',(0.,0.,1.));
#6024=DIRECTION('ref_axis',(1.,0.,0.));
#6025=DIRECTION('',(-0.707106781186549,-8.65956056235495E-17,0.707106781186546));
#6026=DIRECTION('',(-4.42376117673773E-28,-1.76700477938515E-14,1.));
#6027=DIRECTION('',(1.,-1.73873551068176E-14,1.35140721927638E-28));
#6028=DIRECTION('',(2.11761788980069E-14,1.,1.76411037140878E-14));
#6029=DIRECTION('',(0.674824615999828,-1.27145785656796E-15,-0.737978141709282));
#6030=DIRECTION('',(5.24130925165292E-17,-5.39030285815812E-15,1.));
#6031=DIRECTION('',(0.887489609038579,0.460827726866072,2.4374849382587E-15));
#6032=DIRECTION('',(5.241309251653E-17,-5.39030285815813E-15,1.));
#6033=DIRECTION('',(0.84283332275357,0.538174683589052,2.85674903421692E-15));
#6034=DIRECTION('',(2.11761788980069E-14,1.,1.76411037140878E-14));
#6035=DIRECTION('',(0.97652012615779,-1.68786091337886E-14,-0.215426189700262));
#6036=CARTESIAN_POINT('',(0.,0.,0.));
#6037=CARTESIAN_POINT('',(0.,0.,0.));
#6038=CARTESIAN_POINT('Origin',(5.58795275590549,0.114488188976378,7.91375984251957));
#6039=CARTESIAN_POINT('',(5.58795275590549,0.094488188976381,7.96976377952756));
#6040=CARTESIAN_POINT('',(5.60795275590549,0.114488188976378,7.96976377952756));
#6041=CARTESIAN_POINT('Origin',(5.58795275590549,0.114488188976378,7.96976377952743));
#6042=CARTESIAN_POINT('',(5.6079527559055,0.114488188976378,8.00125984251969));
#6043=CARTESIAN_POINT('',(5.60795275590549,0.114488188976378,7.91375984251957));
#6044=CARTESIAN_POINT('',(5.58795275590549,0.0944881889763824,8.00125984251969));
#6045=CARTESIAN_POINT('Origin',(5.58795275590549,0.114488188976378,8.00125984251956));
#6046=CARTESIAN_POINT('',(5.58795275590549,0.0944881889763786,7.91375984251957));
#6047=CARTESIAN_POINT('Origin',(2.83547244094489,5.20474522378875,7.96976377952744));
#6048=CARTESIAN_POINT('',(5.1679527559055,0.0944881889763803,7.96976377952756));
#6049=CARTESIAN_POINT('',(2.83547244094487,0.0944881889763913,7.96976377952756));
#6050=CARTESIAN_POINT('',(0.0629921259842443,0.0944881889764011,7.96976377952756));
#6051=CARTESIAN_POINT('',(2.83547244094487,0.0944881889763913,7.96976377952756));
#6052=CARTESIAN_POINT('',(0.0629921259842526,2.32399606299215,7.96976377952751));
#6053=CARTESIAN_POINT('',(0.0629921259842429,-0.263762101120753,7.96976377952757));
#6054=CARTESIAN_POINT('',(5.60795275590551,2.32399606299213,7.96976377952751));
#6055=CARTESIAN_POINT('',(2.83547244094488,2.32399606299214,7.96976377952751));
#6056=CARTESIAN_POINT('',(5.60795275590554,10.3917564857061,7.96976377952732));
#6057=CARTESIAN_POINT('',(0.788230313054576,0.693940864673137,7.96976377952755));
#6058=CARTESIAN_POINT('',(0.968230313054576,0.693940864673137,7.96976377952755));
#6059=CARTESIAN_POINT('Origin',(0.878230313054576,0.693940864673137,7.96976377952754));
#6060=CARTESIAN_POINT('',(0.96823031305458,1.8192395609618,7.96976377952752));
#6061=CARTESIAN_POINT('',(0.968230313054586,3.51199239237528,7.96976377952748));
#6062=CARTESIAN_POINT('',(0.788230313054579,1.8192395609618,7.96976377952752));
#6063=CARTESIAN_POINT('Origin',(0.87823031305458,1.8192395609618,7.96976377952752));
#6064=CARTESIAN_POINT('',(0.788230313054583,2.94934304423095,7.96976377952749));
#6065=CARTESIAN_POINT('',(4.98823031305457,0.693940864673122,7.96976377952755));
#6066=CARTESIAN_POINT('',(5.16823031305457,0.693940864673122,7.96976377952755));
#6067=CARTESIAN_POINT('Origin',(5.07823031305457,0.693940864673122,7.96976377952754));
#6068=CARTESIAN_POINT('',(5.16823031305458,1.81923956096179,7.96976377952752));
#6069=CARTESIAN_POINT('',(5.16823031305458,3.51199239237526,7.96976377952748));
#6070=CARTESIAN_POINT('',(4.98823031305458,1.81923956096179,7.96976377952752));
#6071=CARTESIAN_POINT('Origin',(5.07823031305458,1.81923956096179,7.96976377952752));
#6072=CARTESIAN_POINT('',(4.98823031305458,2.94934304423093,7.96976377952749));
#6073=CARTESIAN_POINT('',(1.08823031305458,0.693940864673136,7.96976377952755));
#6074=CARTESIAN_POINT('',(1.26823031305458,0.693940864673135,7.96976377952755));
#6075=CARTESIAN_POINT('Origin',(1.17823031305458,0.693940864673136,7.96976377952754));
#6076=CARTESIAN_POINT('',(1.26823031305458,1.8192395609618,7.96976377952752));
#6077=CARTESIAN_POINT('',(1.26823031305459,3.51199239237528,7.96976377952748));
#6078=CARTESIAN_POINT('',(1.08823031305458,1.8192395609618,7.96976377952752));
#6079=CARTESIAN_POINT('Origin',(1.17823031305458,1.8192395609618,7.96976377952752));
#6080=CARTESIAN_POINT('',(1.08823031305458,2.94934304423095,7.96976377952749));
#6081=CARTESIAN_POINT('',(1.38823031305458,0.693940864673135,7.96976377952755));
#6082=CARTESIAN_POINT('',(1.56823031305458,0.693940864673134,7.96976377952755));
#6083=CARTESIAN_POINT('Origin',(1.47823031305458,0.693940864673135,7.96976377952754));
#6084=CARTESIAN_POINT('',(1.56823031305458,1.8192395609618,7.96976377952752));
#6085=CARTESIAN_POINT('',(1.56823031305459,3.51199239237528,7.96976377952748));
#6086=CARTESIAN_POINT('',(1.38823031305458,1.8192395609618,7.96976377952752));
#6087=CARTESIAN_POINT('Origin',(1.47823031305458,1.8192395609618,7.96976377952752));
#6088=CARTESIAN_POINT('',(1.38823031305458,2.94934304423094,7.96976377952749));
#6089=CARTESIAN_POINT('',(1.68823031305458,0.693940864673134,7.96976377952755));
#6090=CARTESIAN_POINT('',(1.86823031305458,0.693940864673133,7.96976377952755));
#6091=CARTESIAN_POINT('Origin',(1.77823031305458,0.693940864673134,7.96976377952754));
#6092=CARTESIAN_POINT('',(1.86823031305458,1.8192395609618,7.96976377952752));
#6093=CARTESIAN_POINT('',(1.86823031305459,3.51199239237527,7.96976377952748));
#6094=CARTESIAN_POINT('',(1.68823031305458,1.8192395609618,7.96976377952752));
#6095=CARTESIAN_POINT('Origin',(1.77823031305458,1.8192395609618,7.96976377952752));
#6096=CARTESIAN_POINT('',(1.68823031305458,2.94934304423094,7.96976377952749));
#6097=CARTESIAN_POINT('',(1.98823031305458,0.693940864673133,7.96976377952755));
#6098=CARTESIAN_POINT('',(2.16823031305458,0.693940864673132,7.96976377952755));
#6099=CARTESIAN_POINT('Origin',(2.07823031305458,0.693940864673133,7.96976377952754));
#6100=CARTESIAN_POINT('',(2.16823031305458,1.8192395609618,7.96976377952752));
#6101=CARTESIAN_POINT('',(2.16823031305459,3.51199239237527,7.96976377952748));
#6102=CARTESIAN_POINT('',(1.98823031305458,1.8192395609618,7.96976377952752));
#6103=CARTESIAN_POINT('Origin',(2.07823031305458,1.8192395609618,7.96976377952752));
#6104=CARTESIAN_POINT('',(1.98823031305458,2.94934304423094,7.96976377952749));
#6105=CARTESIAN_POINT('',(2.28823031305458,0.693940864673132,7.96976377952755));
#6106=CARTESIAN_POINT('',(2.46823031305458,0.693940864673131,7.96976377952755));
#6107=CARTESIAN_POINT('Origin',(2.37823031305458,0.693940864673132,7.96976377952754));
#6108=CARTESIAN_POINT('',(2.46823031305458,1.8192395609618,7.96976377952752));
#6109=CARTESIAN_POINT('',(2.46823031305459,3.51199239237527,7.96976377952748));
#6110=CARTESIAN_POINT('',(2.28823031305458,1.8192395609618,7.96976377952752));
#6111=CARTESIAN_POINT('Origin',(2.37823031305458,1.8192395609618,7.96976377952752));
#6112=CARTESIAN_POINT('',(2.28823031305458,2.94934304423094,7.96976377952749));
#6113=CARTESIAN_POINT('',(2.58823031305458,0.693940864673131,7.96976377952755));
#6114=CARTESIAN_POINT('',(2.76823031305458,0.69394086467313,7.96976377952755));
#6115=CARTESIAN_POINT('Origin',(2.67823031305458,0.69394086467313,7.96976377952754));
#6116=CARTESIAN_POINT('',(2.76823031305458,1.8192395609618,7.96976377952752));
#6117=CARTESIAN_POINT('',(2.76823031305459,3.51199239237527,7.96976377952748));
#6118=CARTESIAN_POINT('',(2.58823031305458,1.8192395609618,7.96976377952752));
#6119=CARTESIAN_POINT('Origin',(2.67823031305458,1.8192395609618,7.96976377952752));
#6120=CARTESIAN_POINT('',(2.58823031305458,2.94934304423094,7.96976377952749));
#6121=CARTESIAN_POINT('',(2.88823031305458,0.69394086467313,7.96976377952755));
#6122=CARTESIAN_POINT('',(3.06823031305457,0.693940864673129,7.96976377952755));
#6123=CARTESIAN_POINT('Origin',(2.97823031305458,0.693940864673129,7.96976377952754));
#6124=CARTESIAN_POINT('',(3.06823031305458,1.81923956096179,7.96976377952752));
#6125=CARTESIAN_POINT('',(3.06823031305459,3.51199239237527,7.96976377952748));
#6126=CARTESIAN_POINT('',(2.88823031305458,1.81923956096179,7.96976377952752));
#6127=CARTESIAN_POINT('Origin',(2.97823031305458,1.81923956096179,7.96976377952752));
#6128=CARTESIAN_POINT('',(2.88823031305458,2.94934304423094,7.96976377952749));
#6129=CARTESIAN_POINT('',(3.18823031305458,0.693940864673129,7.96976377952755));
#6130=CARTESIAN_POINT('',(3.36823031305458,0.693940864673128,7.96976377952755));
#6131=CARTESIAN_POINT('Origin',(3.27823031305458,0.693940864673128,7.96976377952754));
#6132=CARTESIAN_POINT('',(3.36823031305458,1.81923956096179,7.96976377952752));
#6133=CARTESIAN_POINT('',(3.36823031305459,3.51199239237527,7.96976377952748));
#6134=CARTESIAN_POINT('',(3.18823031305458,1.81923956096179,7.96976377952752));
#6135=CARTESIAN_POINT('Origin',(3.27823031305458,1.81923956096179,7.96976377952752));
#6136=CARTESIAN_POINT('',(3.18823031305458,2.94934304423094,7.96976377952749));
#6137=CARTESIAN_POINT('',(3.48823031305458,0.693940864673128,7.96976377952755));
#6138=CARTESIAN_POINT('',(3.66823031305458,0.693940864673127,7.96976377952755));
#6139=CARTESIAN_POINT('Origin',(3.57823031305458,0.693940864673127,7.96976377952754));
#6140=CARTESIAN_POINT('',(3.66823031305458,1.81923956096179,7.96976377952752));
#6141=CARTESIAN_POINT('',(3.66823031305459,3.51199239237527,7.96976377952748));
#6142=CARTESIAN_POINT('',(3.48823031305458,1.81923956096179,7.96976377952752));
#6143=CARTESIAN_POINT('Origin',(3.57823031305458,1.81923956096179,7.96976377952752));
#6144=CARTESIAN_POINT('',(3.48823031305458,2.94934304423094,7.96976377952749));
#6145=CARTESIAN_POINT('',(3.78823031305458,0.693940864673127,7.96976377952755));
#6146=CARTESIAN_POINT('',(3.96823031305458,0.693940864673126,7.96976377952755));
#6147=CARTESIAN_POINT('Origin',(3.87823031305458,0.693940864673126,7.96976377952754));
#6148=CARTESIAN_POINT('',(3.96823031305458,1.81923956096179,7.96976377952752));
#6149=CARTESIAN_POINT('',(3.96823031305459,3.51199239237527,7.96976377952748));
#6150=CARTESIAN_POINT('',(3.78823031305458,1.81923956096179,7.96976377952752));
#6151=CARTESIAN_POINT('Origin',(3.87823031305458,1.81923956096179,7.96976377952752));
#6152=CARTESIAN_POINT('',(3.78823031305458,2.94934304423094,7.96976377952749));
#6153=CARTESIAN_POINT('',(4.08823031305458,0.693940864673126,7.96976377952755));
#6154=CARTESIAN_POINT('',(4.26823031305458,0.693940864673125,7.96976377952755));
#6155=CARTESIAN_POINT('Origin',(4.17823031305458,0.693940864673125,7.96976377952754));
#6156=CARTESIAN_POINT('',(4.26823031305458,1.81923956096179,7.96976377952752));
#6157=CARTESIAN_POINT('',(4.26823031305458,3.51199239237527,7.96976377952748));
#6158=CARTESIAN_POINT('',(4.08823031305458,1.81923956096179,7.96976377952752));
#6159=CARTESIAN_POINT('Origin',(4.17823031305458,1.81923956096179,7.96976377952752));
#6160=CARTESIAN_POINT('',(4.08823031305458,2.94934304423094,7.96976377952749));
#6161=CARTESIAN_POINT('',(4.38823031305458,0.693940864673125,7.96976377952755));
#6162=CARTESIAN_POINT('',(4.56823031305457,0.693940864673124,7.96976377952755));
#6163=CARTESIAN_POINT('Origin',(4.47823031305458,0.693940864673124,7.96976377952754));
#6164=CARTESIAN_POINT('',(4.56823031305458,1.81923956096179,7.96976377952752));
#6165=CARTESIAN_POINT('',(4.56823031305458,3.51199239237527,7.96976377952748));
#6166=CARTESIAN_POINT('',(4.38823031305458,1.81923956096179,7.96976377952752));
#6167=CARTESIAN_POINT('Origin',(4.47823031305458,1.81923956096179,7.96976377952752));
#6168=CARTESIAN_POINT('',(4.38823031305458,2.94934304423093,7.96976377952749));
#6169=CARTESIAN_POINT('',(4.68823031305458,0.693940864673123,7.96976377952755));
#6170=CARTESIAN_POINT('',(4.86823031305458,0.693940864673123,7.96976377952755));
#6171=CARTESIAN_POINT('Origin',(4.77823031305457,0.693940864673123,7.96976377952754));
#6172=CARTESIAN_POINT('',(4.86823031305458,1.81923956096179,7.96976377952752));
#6173=CARTESIAN_POINT('',(4.86823031305459,3.51199239237526,7.96976377952748));
#6174=CARTESIAN_POINT('',(4.68823031305458,1.81923956096179,7.96976377952752));
#6175=CARTESIAN_POINT('Origin',(4.77823031305458,1.81923956096179,7.96976377952752));
#6176=CARTESIAN_POINT('',(4.68823031305458,2.94934304423093,7.96976377952749));
#6177=CARTESIAN_POINT('Origin',(5.3879527559055,0.0944881889763786,7.82625984251969));
#6178=CARTESIAN_POINT('',(5.1679527559055,0.0944881889763803,8.00125984251969));
#6179=CARTESIAN_POINT('',(2.83547244094488,0.0944881889763927,8.00125984251969));
#6180=CARTESIAN_POINT('',(5.1679527559055,0.0944881889763803,8.00125984251969));
#6181=CARTESIAN_POINT('Origin',(0.182992125984252,2.16249999999989,-0.0500000000000613));
#6182=CARTESIAN_POINT('',(0.182992125984251,2.04249999999989,-0.0185039370079233));
#6183=CARTESIAN_POINT('',(0.062992125984252,2.16249999999989,-0.0185039370079254));
#6184=CARTESIAN_POINT('Origin',(0.182992125984252,2.16249999999989,-0.018503937007935));
#6185=CARTESIAN_POINT('',(0.0629921259842521,2.16249999999989,-0.0500000000000513));
#6186=CARTESIAN_POINT('',(0.0629921259842521,2.16249999999989,-0.0500000000000617));
#6187=CARTESIAN_POINT('',(0.182992125984251,2.04249999999989,-0.0500000000000493));
#6188=CARTESIAN_POINT('Origin',(0.182992125984252,2.16249999999989,-0.050000000000061));
#6189=CARTESIAN_POINT('',(0.182992125984252,2.04249999999989,-0.0500000000000598));
#6190=CARTESIAN_POINT('Origin',(0.0629921259842915,12.6925067758032,-0.0500000000001804));
#6191=CARTESIAN_POINT('',(0.0629921259842526,2.32399606299201,-0.0185039370079273));
#6192=CARTESIAN_POINT('',(0.0629921259842924,12.9795146498189,-0.0185039370080579));
#6193=CARTESIAN_POINT('',(0.0629921259842527,2.32399606299201,-0.0500000000000533));
#6194=CARTESIAN_POINT('',(0.0629921259842527,2.32399606299201,-0.0411811023622629));
#6195=CARTESIAN_POINT('',(0.0629921259842925,12.9795146498189,-0.0500000000001839));
#6196=CARTESIAN_POINT('Origin',(2.8354724409449,7.51100732490938,-0.0185039370079906));
#6197=CARTESIAN_POINT('',(5.48795275590551,2.04249999999987,-0.0185039370079239));
#6198=CARTESIAN_POINT('',(5.60795275590551,2.04249999999987,-0.0185039370079239));
#6199=CARTESIAN_POINT('',(5.60795275590551,2.16249999999987,-0.0185039370079254));
#6200=CARTESIAN_POINT('Origin',(5.48795275590551,2.16249999999987,-0.0185039370079152));
#6201=CARTESIAN_POINT('',(5.60795275590551,2.32399606299199,-0.0185039370079273));
#6202=CARTESIAN_POINT('',(5.60795275590551,2.32399606299199,-0.0185039370079273));
#6203=CARTESIAN_POINT('',(2.83547244094488,2.323996062992,-0.0185039370079269));
#6204=CARTESIAN_POINT('',(1.16847244094488,2.19899606299205,-0.0185039370079905));
#6205=CARTESIAN_POINT('Origin',(1.08547244094488,2.19899606299205,-0.0185039370079915));
#6206=CARTESIAN_POINT('',(4.66847244094488,2.19899606299206,-0.0185039370079905));
#6207=CARTESIAN_POINT('Origin',(4.58547244094488,2.19899606299206,-0.0185039370079915));
#6208=CARTESIAN_POINT('Origin',(5.48795275590551,2.16249999999987,-0.0500000000000518));
#6209=CARTESIAN_POINT('',(5.48795275590551,2.04249999999987,-0.0500000000000499));
#6210=CARTESIAN_POINT('',(5.48795275590551,2.04249999999987,-0.0500000000000503));
#6211=CARTESIAN_POINT('',(5.60795275590551,2.16249999999987,-0.0500000000000513));
#6212=CARTESIAN_POINT('Origin',(5.48795275590551,2.16249999999987,-0.0500000000000412));
#6213=CARTESIAN_POINT('',(5.60795275590551,2.16249999999987,-0.0500000000000513));
#6214=CARTESIAN_POINT('Origin',(5.60795275590551,2.32399606299199,-0.0500000000000533));
#6215=CARTESIAN_POINT('',(5.60795275590551,2.32399606299199,-0.0500000000000533));
#6216=CARTESIAN_POINT('',(5.60795275590555,12.9795146498189,-0.0500000000001839));
#6217=CARTESIAN_POINT('',(5.60795275590551,2.32399606299199,-0.0411811023622526));
#6218=CARTESIAN_POINT('Origin',(5.0479527559055,0.0314960629921379,7.77125984251969));
#6219=CARTESIAN_POINT('',(5.1679527559055,0.0314960629921283,7.77125984251969));
#6220=CARTESIAN_POINT('',(5.0479527559055,0.0314960629921288,7.65125984251969));
#6221=CARTESIAN_POINT('Origin',(5.0479527559055,0.0314960629921373,7.77125984251969));
#6222=CARTESIAN_POINT('',(5.0479527559055,0.0629921259842548,7.65125984251969));
#6223=CARTESIAN_POINT('',(5.0479527559055,0.0314960629921379,7.65125984251969));
#6224=CARTESIAN_POINT('',(5.1679527559055,0.0629921259842543,7.77125984251969));
#6225=CARTESIAN_POINT('Origin',(5.0479527559055,0.0629921259842633,7.77125984251969));
#6226=CARTESIAN_POINT('',(5.1679527559055,0.0314960629921379,7.77125984251969));
#6227=CARTESIAN_POINT('Origin',(2.83547244094487,0.0629921259842633,13.1197671674292));
#6228=CARTESIAN_POINT('',(0.182992125984244,0.062992125984273,7.65125984251969));
#6229=CARTESIAN_POINT('',(5.6079527559055,0.0629921259842527,7.65125984251969));
#6230=CARTESIAN_POINT('',(0.0629921259842443,0.0629921259842734,7.77125984251969));
#6231=CARTESIAN_POINT('Origin',(0.182992125984244,0.0629921259842633,7.77125984251969));
#6232=CARTESIAN_POINT('',(0.0629921259842443,0.0629921259842734,7.93826771653543));
#6233=CARTESIAN_POINT('',(0.0629921259842443,0.0629921259842734,7.65125984251969));
#6234=CARTESIAN_POINT('',(5.1679527559055,0.0629921259842543,7.93826771653543));
#6235=CARTESIAN_POINT('',(2.83547244094487,0.0629921259842631,7.93826771653543));
#6236=CARTESIAN_POINT('',(5.1679527559055,0.0629921259842544,10.3855135049744));
#6237=CARTESIAN_POINT('',(1.00247244094487,0.0629921259843217,7.79476377952756));
#6238=CARTESIAN_POINT('Origin',(1.08547244094487,0.062992125984319,7.79476377952756));
#6239=CARTESIAN_POINT('',(4.50247244094487,0.0629921259842102,7.79476377952756));
#6240=CARTESIAN_POINT('Origin',(4.58547244094487,0.0629921259842076,7.79476377952756));
#6241=CARTESIAN_POINT('Origin',(0.0629921259842443,0.0314960629921474,7.65125984251969));
#6242=CARTESIAN_POINT('',(0.182992125984244,0.031496062992147,7.65125984251969));
#6243=CARTESIAN_POINT('',(5.6079527559055,0.0314960629921267,7.65125984251969));
#6244=CARTESIAN_POINT('',(0.182992125984244,0.0314960629921474,7.65125984251969));
#6245=CARTESIAN_POINT('Origin',(0.182992125984244,0.0314960629921474,7.77125984251969));
#6246=CARTESIAN_POINT('',(0.0629921259842443,0.0314960629921474,7.77125984251969));
#6247=CARTESIAN_POINT('Origin',(0.182992125984244,0.0314960629921373,7.77125984251969));
#6248=CARTESIAN_POINT('',(0.0629921259842443,0.0314960629921474,7.77125984251969));
#6249=CARTESIAN_POINT('Origin',(5.1679527559055,0.0314960629921283,7.65125984251969));
#6250=CARTESIAN_POINT('Origin',(5.1679527559055,0.0944881889763803,7.93826771653543));
#6251=CARTESIAN_POINT('',(5.1679527559055,0.0314960629921283,7.93826771653543));
#6252=CARTESIAN_POINT('Origin',(5.1679527559055,0.0944881889763803,7.93826771653543));
#6253=CARTESIAN_POINT('',(5.1679527559055,0.0314960629921284,10.3855135049744));
#6254=CARTESIAN_POINT('Origin',(2.83547244094488,0.0314960629921373,13.1197671674292));
#6255=CARTESIAN_POINT('',(0.0629921259842443,0.0314960629921474,7.93826771653543));
#6256=CARTESIAN_POINT('',(2.83547244094487,0.0314960629921372,7.93826771653543));
#6257=CARTESIAN_POINT('',(0.0629921259842443,0.0314960629921474,7.65125984251969));
#6258=CARTESIAN_POINT('',(1.00247244094487,0.0314960629921957,7.79476377952756));
#6259=CARTESIAN_POINT('Origin',(1.08547244094487,0.031496062992193,7.79476377952756));
#6260=CARTESIAN_POINT('',(4.50247244094487,0.0314960629920842,7.79476377952756));
#6261=CARTESIAN_POINT('Origin',(4.58547244094487,0.0314960629920816,7.79476377952756));
#6262=CARTESIAN_POINT('Origin',(2.83547244094487,0.094488188976389,7.93826771653543));
#6263=CARTESIAN_POINT('',(0.0629921259842444,0.0944881889764011,8.00125984251969));
#6264=CARTESIAN_POINT('',(2.83547244094488,0.0944881889763927,8.00125984251969));
#6265=CARTESIAN_POINT('Origin',(0.0629921259842447,0.0944881889763994,7.93826771653543));
#6266=CARTESIAN_POINT('Origin',(4.58547244094487,0.0314960629921591,7.79476377952756));
#6267=CARTESIAN_POINT('',(4.50247244094487,0.0314960629921617,7.79476377952756));
#6268=CARTESIAN_POINT('Origin',(1.08547244094487,0.0314960629922705,7.79476377952756));
#6269=CARTESIAN_POINT('',(1.00247244094487,0.0314960629922732,7.79476377952756));
#6270=CARTESIAN_POINT('Origin',(1.08547244094488,2.19899606299205,-0.0499999999999996));
#6271=CARTESIAN_POINT('',(1.16847244094488,2.19899606299205,-0.0500000000001175));
#6272=CARTESIAN_POINT('Origin',(1.08547244094488,2.19899606299205,-0.0500000000001175));
#6273=CARTESIAN_POINT('',(1.16847244094488,2.19899606299205,-0.0499999999999996));
#6274=CARTESIAN_POINT('Origin',(4.58547244094488,2.19899606299206,-0.0499999999999996));
#6275=CARTESIAN_POINT('',(4.66847244094488,2.19899606299206,-0.0500000000001175));
#6276=CARTESIAN_POINT('Origin',(4.58547244094488,2.19899606299206,-0.0500000000001175));
#6277=CARTESIAN_POINT('',(4.66847244094488,2.19899606299206,-0.0499999999999996));
#6278=CARTESIAN_POINT('Origin',(5.45194881889764,2.37124015748019,0.512992125984197));
#6279=CARTESIAN_POINT('',(5.39394881889764,2.38698818897625,0.512992125984197));
#6280=CARTESIAN_POINT('Origin',(5.45194881889764,2.38698818897625,0.512992125984197));
#6281=CARTESIAN_POINT('',(5.39394881889764,2.35549212598412,0.512992125984197));
#6282=CARTESIAN_POINT('',(5.39394881889764,2.37124015748019,0.512992125984197));
#6283=CARTESIAN_POINT('Origin',(5.45194881889764,2.35549212598412,0.512992125984197));
#6284=CARTESIAN_POINT('Origin',(0.218996062992126,2.37124015748021,0.512992125984197));
#6285=CARTESIAN_POINT('',(0.160996062992126,2.38698818897627,0.512992125984197));
#6286=CARTESIAN_POINT('Origin',(0.218996062992126,2.38698818897627,0.512992125984197));
#6287=CARTESIAN_POINT('',(0.160996062992126,2.35549212598414,0.512992125984197));
#6288=CARTESIAN_POINT('',(0.160996062992126,2.37124015748021,0.512992125984197));
#6289=CARTESIAN_POINT('Origin',(0.218996062992126,2.35549212598414,0.512992125984197));
#6290=CARTESIAN_POINT('Origin',(0.218996062992126,2.37124015748027,4.1129921259842));
#6291=CARTESIAN_POINT('',(0.160996062992126,2.38698818897633,4.1129921259842));
#6292=CARTESIAN_POINT('Origin',(0.218996062992126,2.38698818897633,4.1129921259842));
#6293=CARTESIAN_POINT('',(0.160996062992126,2.35549212598421,4.1129921259842));
#6294=CARTESIAN_POINT('',(0.160996062992126,2.37124015748027,4.1129921259842));
#6295=CARTESIAN_POINT('Origin',(0.218996062992126,2.35549212598421,4.1129921259842));
#6296=CARTESIAN_POINT('Origin',(5.45194881889764,2.37124015748025,4.1129921259842));
#6297=CARTESIAN_POINT('',(5.39394881889764,2.38698818897631,4.1129921259842));
#6298=CARTESIAN_POINT('Origin',(5.45194881889764,2.38698818897631,4.1129921259842));
#6299=CARTESIAN_POINT('',(5.39394881889764,2.35549212598419,4.1129921259842));
#6300=CARTESIAN_POINT('',(5.39394881889764,2.37124015748025,4.1129921259842));
#6301=CARTESIAN_POINT('Origin',(5.45194881889764,2.35549212598419,4.1129921259842));
#6302=CARTESIAN_POINT('Origin',(5.45194881889764,2.37124015748031,7.43826771653543));
#6303=CARTESIAN_POINT('',(5.39394881889764,2.38698818897637,7.43826771653543));
#6304=CARTESIAN_POINT('Origin',(5.45194881889764,2.38698818897637,7.43826771653543));
#6305=CARTESIAN_POINT('',(5.39394881889764,2.35549212598425,7.43826771653543));
#6306=CARTESIAN_POINT('',(5.39394881889764,2.37124015748031,7.43826771653543));
#6307=CARTESIAN_POINT('Origin',(5.45194881889764,2.35549212598425,7.43826771653543));
#6308=CARTESIAN_POINT('Origin',(0.218996062992126,2.37124015748033,7.43826771653543));
#6309=CARTESIAN_POINT('',(0.160996062992126,2.38698818897639,7.43826771653543));
#6310=CARTESIAN_POINT('Origin',(0.218996062992126,2.38698818897639,7.43826771653543));
#6311=CARTESIAN_POINT('',(0.160996062992126,2.35549212598427,7.43826771653543));
#6312=CARTESIAN_POINT('',(0.160996062992126,2.37124015748033,7.43826771653543));
#6313=CARTESIAN_POINT('Origin',(0.218996062992126,2.35549212598427,7.43826771653543));
#6314=CARTESIAN_POINT('Origin',(4.77823031305457,0.693940864673124,8.00125984251967));
#6315=CARTESIAN_POINT('',(4.86823031305458,0.693940864673123,8.00125984251967));
#6316=CARTESIAN_POINT('',(4.68823031305458,0.693940864673124,8.00125984251967));
#6317=CARTESIAN_POINT('Origin',(4.77823031305457,0.693940864673124,8.00125984251967));
#6318=CARTESIAN_POINT('',(4.86823031305458,0.693940864673123,8.00125984251967));
#6319=CARTESIAN_POINT('',(4.68823031305458,0.693940864673124,8.00125984251967));
#6320=CARTESIAN_POINT('Origin',(4.86823031305458,1.81923956096179,8.00125984251965));
#6321=CARTESIAN_POINT('',(4.86823031305458,1.81923956096179,8.00125984251965));
#6322=CARTESIAN_POINT('',(4.86823031305459,3.51199239237527,8.00125984251961));
#6323=CARTESIAN_POINT('',(4.86823031305458,1.81923956096179,8.00125984251965));
#6324=CARTESIAN_POINT('Origin',(4.77823031305458,1.81923956096179,8.00125984251965));
#6325=CARTESIAN_POINT('',(4.68823031305458,1.81923956096179,8.00125984251965));
#6326=CARTESIAN_POINT('Origin',(4.77823031305458,1.81923956096179,8.00125984251964));
#6327=CARTESIAN_POINT('',(4.68823031305458,1.81923956096179,8.00125984251965));
#6328=CARTESIAN_POINT('Origin',(4.68823031305458,0.693940864673124,8.00125984251967));
#6329=CARTESIAN_POINT('',(4.68823031305458,2.94934304423093,8.00125984251962));
#6330=CARTESIAN_POINT('Origin',(4.47823031305458,0.693940864673125,8.00125984251967));
#6331=CARTESIAN_POINT('',(4.56823031305457,0.693940864673125,8.00125984251967));
#6332=CARTESIAN_POINT('',(4.38823031305458,0.693940864673125,8.00125984251967));
#6333=CARTESIAN_POINT('Origin',(4.47823031305458,0.693940864673125,8.00125984251967));
#6334=CARTESIAN_POINT('',(4.56823031305457,0.693940864673125,8.00125984251967));
#6335=CARTESIAN_POINT('',(4.38823031305458,0.693940864673125,8.00125984251967));
#6336=CARTESIAN_POINT('Origin',(4.56823031305458,1.81923956096179,8.00125984251965));
#6337=CARTESIAN_POINT('',(4.56823031305458,1.81923956096179,8.00125984251965));
#6338=CARTESIAN_POINT('',(4.56823031305458,3.51199239237527,8.00125984251961));
#6339=CARTESIAN_POINT('',(4.56823031305458,1.81923956096179,8.00125984251965));
#6340=CARTESIAN_POINT('Origin',(4.47823031305458,1.81923956096179,8.00125984251965));
#6341=CARTESIAN_POINT('',(4.38823031305458,1.81923956096179,8.00125984251965));
#6342=CARTESIAN_POINT('Origin',(4.47823031305458,1.81923956096179,8.00125984251964));
#6343=CARTESIAN_POINT('',(4.38823031305458,1.81923956096179,8.00125984251965));
#6344=CARTESIAN_POINT('Origin',(4.38823031305458,0.693940864673125,8.00125984251967));
#6345=CARTESIAN_POINT('',(4.38823031305458,2.94934304423093,8.00125984251962));
#6346=CARTESIAN_POINT('Origin',(4.17823031305458,0.693940864673126,8.00125984251967));
#6347=CARTESIAN_POINT('',(4.26823031305458,0.693940864673126,8.00125984251967));
#6348=CARTESIAN_POINT('',(4.08823031305458,0.693940864673126,8.00125984251967));
#6349=CARTESIAN_POINT('Origin',(4.17823031305458,0.693940864673126,8.00125984251967));
#6350=CARTESIAN_POINT('',(4.26823031305458,0.693940864673126,8.00125984251967));
#6351=CARTESIAN_POINT('',(4.08823031305458,0.693940864673126,8.00125984251967));
#6352=CARTESIAN_POINT('Origin',(4.26823031305458,1.81923956096179,8.00125984251965));
#6353=CARTESIAN_POINT('',(4.26823031305458,1.81923956096179,8.00125984251965));
#6354=CARTESIAN_POINT('',(4.26823031305458,3.51199239237527,8.00125984251961));
#6355=CARTESIAN_POINT('',(4.26823031305458,1.81923956096179,8.00125984251965));
#6356=CARTESIAN_POINT('Origin',(4.17823031305458,1.81923956096179,8.00125984251965));
#6357=CARTESIAN_POINT('',(4.08823031305458,1.81923956096179,8.00125984251965));
#6358=CARTESIAN_POINT('Origin',(4.17823031305458,1.81923956096179,8.00125984251964));
#6359=CARTESIAN_POINT('',(4.08823031305458,1.81923956096179,8.00125984251965));
#6360=CARTESIAN_POINT('Origin',(4.08823031305458,0.693940864673126,8.00125984251967));
#6361=CARTESIAN_POINT('',(4.08823031305458,2.94934304423094,8.00125984251962));
#6362=CARTESIAN_POINT('Origin',(3.87823031305458,0.693940864673127,8.00125984251967));
#6363=CARTESIAN_POINT('',(3.96823031305458,0.693940864673127,8.00125984251967));
#6364=CARTESIAN_POINT('',(3.78823031305458,0.693940864673127,8.00125984251967));
#6365=CARTESIAN_POINT('Origin',(3.87823031305458,0.693940864673127,8.00125984251967));
#6366=CARTESIAN_POINT('',(3.96823031305458,0.693940864673127,8.00125984251967));
#6367=CARTESIAN_POINT('',(3.78823031305458,0.693940864673127,8.00125984251967));
#6368=CARTESIAN_POINT('Origin',(3.96823031305458,1.81923956096179,8.00125984251965));
#6369=CARTESIAN_POINT('',(3.96823031305458,1.81923956096179,8.00125984251965));
#6370=CARTESIAN_POINT('',(3.96823031305459,3.51199239237527,8.00125984251961));
#6371=CARTESIAN_POINT('',(3.96823031305458,1.81923956096179,8.00125984251965));
#6372=CARTESIAN_POINT('Origin',(3.87823031305458,1.81923956096179,8.00125984251965));
#6373=CARTESIAN_POINT('',(3.78823031305458,1.81923956096179,8.00125984251965));
#6374=CARTESIAN_POINT('Origin',(3.87823031305458,1.81923956096179,8.00125984251964));
#6375=CARTESIAN_POINT('',(3.78823031305458,1.81923956096179,8.00125984251965));
#6376=CARTESIAN_POINT('Origin',(3.78823031305458,0.693940864673127,8.00125984251967));
#6377=CARTESIAN_POINT('',(3.78823031305458,2.94934304423094,8.00125984251962));
#6378=CARTESIAN_POINT('Origin',(3.57823031305458,0.693940864673128,8.00125984251967));
#6379=CARTESIAN_POINT('',(3.66823031305458,0.693940864673128,8.00125984251967));
#6380=CARTESIAN_POINT('',(3.48823031305458,0.693940864673128,8.00125984251967));
#6381=CARTESIAN_POINT('Origin',(3.57823031305458,0.693940864673128,8.00125984251967));
#6382=CARTESIAN_POINT('',(3.66823031305458,0.693940864673128,8.00125984251967));
#6383=CARTESIAN_POINT('',(3.48823031305458,0.693940864673128,8.00125984251967));
#6384=CARTESIAN_POINT('Origin',(3.66823031305458,1.81923956096179,8.00125984251965));
#6385=CARTESIAN_POINT('',(3.66823031305458,1.81923956096179,8.00125984251965));
#6386=CARTESIAN_POINT('',(3.66823031305459,3.51199239237527,8.00125984251961));
#6387=CARTESIAN_POINT('',(3.66823031305458,1.81923956096179,8.00125984251965));
#6388=CARTESIAN_POINT('Origin',(3.57823031305458,1.81923956096179,8.00125984251965));
#6389=CARTESIAN_POINT('',(3.48823031305458,1.81923956096179,8.00125984251965));
#6390=CARTESIAN_POINT('Origin',(3.57823031305458,1.81923956096179,8.00125984251964));
#6391=CARTESIAN_POINT('',(3.48823031305458,1.81923956096179,8.00125984251965));
#6392=CARTESIAN_POINT('Origin',(3.48823031305458,0.693940864673128,8.00125984251967));
#6393=CARTESIAN_POINT('',(3.48823031305458,2.94934304423094,8.00125984251962));
#6394=CARTESIAN_POINT('Origin',(3.27823031305458,0.693940864673129,8.00125984251967));
#6395=CARTESIAN_POINT('',(3.36823031305458,0.693940864673129,8.00125984251967));
#6396=CARTESIAN_POINT('',(3.18823031305458,0.693940864673129,8.00125984251967));
#6397=CARTESIAN_POINT('Origin',(3.27823031305458,0.693940864673129,8.00125984251967));
#6398=CARTESIAN_POINT('',(3.36823031305458,0.693940864673129,8.00125984251967));
#6399=CARTESIAN_POINT('',(3.18823031305458,0.693940864673129,8.00125984251967));
#6400=CARTESIAN_POINT('Origin',(3.36823031305458,1.81923956096179,8.00125984251965));
#6401=CARTESIAN_POINT('',(3.36823031305458,1.81923956096179,8.00125984251965));
#6402=CARTESIAN_POINT('',(3.36823031305459,3.51199239237527,8.00125984251961));
#6403=CARTESIAN_POINT('',(3.36823031305458,1.81923956096179,8.00125984251965));
#6404=CARTESIAN_POINT('Origin',(3.27823031305458,1.81923956096179,8.00125984251965));
#6405=CARTESIAN_POINT('',(3.18823031305458,1.81923956096179,8.00125984251965));
#6406=CARTESIAN_POINT('Origin',(3.27823031305458,1.81923956096179,8.00125984251964));
#6407=CARTESIAN_POINT('',(3.18823031305458,1.81923956096179,8.00125984251965));
#6408=CARTESIAN_POINT('Origin',(3.18823031305458,0.693940864673129,8.00125984251967));
#6409=CARTESIAN_POINT('',(3.18823031305458,2.94934304423094,8.00125984251962));
#6410=CARTESIAN_POINT('Origin',(2.97823031305458,0.69394086467313,8.00125984251967));
#6411=CARTESIAN_POINT('',(3.06823031305457,0.69394086467313,8.00125984251967));
#6412=CARTESIAN_POINT('',(2.88823031305458,0.69394086467313,8.00125984251967));
#6413=CARTESIAN_POINT('Origin',(2.97823031305458,0.69394086467313,8.00125984251967));
#6414=CARTESIAN_POINT('',(3.06823031305457,0.69394086467313,8.00125984251967));
#6415=CARTESIAN_POINT('',(2.88823031305458,0.69394086467313,8.00125984251967));
#6416=CARTESIAN_POINT('Origin',(3.06823031305458,1.81923956096179,8.00125984251965));
#6417=CARTESIAN_POINT('',(3.06823031305458,1.81923956096179,8.00125984251965));
#6418=CARTESIAN_POINT('',(3.06823031305459,3.51199239237527,8.00125984251961));
#6419=CARTESIAN_POINT('',(3.06823031305458,1.81923956096179,8.00125984251965));
#6420=CARTESIAN_POINT('Origin',(2.97823031305458,1.8192395609618,8.00125984251965));
#6421=CARTESIAN_POINT('',(2.88823031305458,1.8192395609618,8.00125984251965));
#6422=CARTESIAN_POINT('Origin',(2.97823031305458,1.8192395609618,8.00125984251964));
#6423=CARTESIAN_POINT('',(2.88823031305458,1.8192395609618,8.00125984251965));
#6424=CARTESIAN_POINT('Origin',(2.88823031305458,0.69394086467313,8.00125984251967));
#6425=CARTESIAN_POINT('',(2.88823031305458,2.94934304423094,8.00125984251962));
#6426=CARTESIAN_POINT('Origin',(2.67823031305458,0.693940864673131,8.00125984251967));
#6427=CARTESIAN_POINT('',(2.76823031305458,0.693940864673131,8.00125984251967));
#6428=CARTESIAN_POINT('',(2.58823031305458,0.693940864673132,8.00125984251967));
#6429=CARTESIAN_POINT('Origin',(2.67823031305458,0.693940864673131,8.00125984251967));
#6430=CARTESIAN_POINT('',(2.76823031305458,0.693940864673131,8.00125984251967));
#6431=CARTESIAN_POINT('',(2.58823031305458,0.693940864673132,8.00125984251967));
#6432=CARTESIAN_POINT('Origin',(2.76823031305458,1.8192395609618,8.00125984251965));
#6433=CARTESIAN_POINT('',(2.76823031305458,1.8192395609618,8.00125984251965));
#6434=CARTESIAN_POINT('',(2.76823031305459,3.51199239237527,8.00125984251961));
#6435=CARTESIAN_POINT('',(2.76823031305458,1.8192395609618,8.00125984251965));
#6436=CARTESIAN_POINT('Origin',(2.67823031305458,1.8192395609618,8.00125984251965));
#6437=CARTESIAN_POINT('',(2.58823031305458,1.8192395609618,8.00125984251965));
#6438=CARTESIAN_POINT('Origin',(2.67823031305458,1.8192395609618,8.00125984251964));
#6439=CARTESIAN_POINT('',(2.58823031305458,1.8192395609618,8.00125984251965));
#6440=CARTESIAN_POINT('Origin',(2.58823031305458,0.693940864673132,8.00125984251967));
#6441=CARTESIAN_POINT('',(2.58823031305458,2.94934304423094,8.00125984251962));
#6442=CARTESIAN_POINT('Origin',(2.37823031305458,0.693940864673132,8.00125984251967));
#6443=CARTESIAN_POINT('',(2.46823031305458,0.693940864673132,8.00125984251967));
#6444=CARTESIAN_POINT('',(2.28823031305458,0.693940864673133,8.00125984251967));
#6445=CARTESIAN_POINT('Origin',(2.37823031305458,0.693940864673132,8.00125984251967));
#6446=CARTESIAN_POINT('',(2.46823031305458,0.693940864673132,8.00125984251967));
#6447=CARTESIAN_POINT('',(2.28823031305458,0.693940864673133,8.00125984251967));
#6448=CARTESIAN_POINT('Origin',(2.46823031305458,1.8192395609618,8.00125984251965));
#6449=CARTESIAN_POINT('',(2.46823031305458,1.8192395609618,8.00125984251965));
#6450=CARTESIAN_POINT('',(2.46823031305459,3.51199239237527,8.00125984251961));
#6451=CARTESIAN_POINT('',(2.46823031305458,1.8192395609618,8.00125984251965));
#6452=CARTESIAN_POINT('Origin',(2.37823031305458,1.8192395609618,8.00125984251965));
#6453=CARTESIAN_POINT('',(2.28823031305458,1.8192395609618,8.00125984251965));
#6454=CARTESIAN_POINT('Origin',(2.37823031305458,1.8192395609618,8.00125984251964));
#6455=CARTESIAN_POINT('',(2.28823031305458,1.8192395609618,8.00125984251965));
#6456=CARTESIAN_POINT('Origin',(2.28823031305458,0.693940864673133,8.00125984251967));
#6457=CARTESIAN_POINT('',(2.28823031305458,2.94934304423094,8.00125984251962));
#6458=CARTESIAN_POINT('Origin',(2.07823031305458,0.693940864673133,8.00125984251967));
#6459=CARTESIAN_POINT('',(2.16823031305458,0.693940864673133,8.00125984251967));
#6460=CARTESIAN_POINT('',(1.98823031305458,0.693940864673134,8.00125984251967));
#6461=CARTESIAN_POINT('Origin',(2.07823031305458,0.693940864673133,8.00125984251967));
#6462=CARTESIAN_POINT('',(2.16823031305458,0.693940864673133,8.00125984251967));
#6463=CARTESIAN_POINT('',(1.98823031305458,0.693940864673134,8.00125984251967));
#6464=CARTESIAN_POINT('Origin',(2.16823031305458,1.8192395609618,8.00125984251965));
#6465=CARTESIAN_POINT('',(2.16823031305458,1.8192395609618,8.00125984251965));
#6466=CARTESIAN_POINT('',(2.16823031305459,3.51199239237527,8.00125984251961));
#6467=CARTESIAN_POINT('',(2.16823031305458,1.8192395609618,8.00125984251965));
#6468=CARTESIAN_POINT('Origin',(2.07823031305458,1.8192395609618,8.00125984251965));
#6469=CARTESIAN_POINT('',(1.98823031305458,1.8192395609618,8.00125984251965));
#6470=CARTESIAN_POINT('Origin',(2.07823031305458,1.8192395609618,8.00125984251964));
#6471=CARTESIAN_POINT('',(1.98823031305458,1.8192395609618,8.00125984251965));
#6472=CARTESIAN_POINT('Origin',(1.98823031305458,0.693940864673134,8.00125984251967));
#6473=CARTESIAN_POINT('',(1.98823031305458,2.94934304423094,8.00125984251962));
#6474=CARTESIAN_POINT('Origin',(1.77823031305458,0.693940864673134,8.00125984251967));
#6475=CARTESIAN_POINT('',(1.86823031305458,0.693940864673134,8.00125984251967));
#6476=CARTESIAN_POINT('',(1.68823031305458,0.693940864673135,8.00125984251967));
#6477=CARTESIAN_POINT('Origin',(1.77823031305458,0.693940864673134,8.00125984251967));
#6478=CARTESIAN_POINT('',(1.86823031305458,0.693940864673134,8.00125984251967));
#6479=CARTESIAN_POINT('',(1.68823031305458,0.693940864673135,8.00125984251967));
#6480=CARTESIAN_POINT('Origin',(1.86823031305458,1.8192395609618,8.00125984251965));
#6481=CARTESIAN_POINT('',(1.86823031305458,1.8192395609618,8.00125984251965));
#6482=CARTESIAN_POINT('',(1.86823031305458,3.51199239237528,8.00125984251961));
#6483=CARTESIAN_POINT('',(1.86823031305458,1.8192395609618,8.00125984251965));
#6484=CARTESIAN_POINT('Origin',(1.77823031305458,1.8192395609618,8.00125984251965));
#6485=CARTESIAN_POINT('',(1.68823031305458,1.8192395609618,8.00125984251965));
#6486=CARTESIAN_POINT('Origin',(1.77823031305458,1.8192395609618,8.00125984251964));
#6487=CARTESIAN_POINT('',(1.68823031305458,1.8192395609618,8.00125984251965));
#6488=CARTESIAN_POINT('Origin',(1.68823031305458,0.693940864673135,8.00125984251967));
#6489=CARTESIAN_POINT('',(1.68823031305458,2.94934304423094,8.00125984251962));
#6490=CARTESIAN_POINT('Origin',(1.47823031305458,0.693940864673135,8.00125984251967));
#6491=CARTESIAN_POINT('',(1.56823031305458,0.693940864673135,8.00125984251967));
#6492=CARTESIAN_POINT('',(1.38823031305458,0.693940864673136,8.00125984251967));
#6493=CARTESIAN_POINT('Origin',(1.47823031305458,0.693940864673135,8.00125984251967));
#6494=CARTESIAN_POINT('',(1.56823031305458,0.693940864673135,8.00125984251967));
#6495=CARTESIAN_POINT('',(1.38823031305458,0.693940864673136,8.00125984251967));
#6496=CARTESIAN_POINT('Origin',(1.56823031305458,1.8192395609618,8.00125984251965));
#6497=CARTESIAN_POINT('',(1.56823031305458,1.8192395609618,8.00125984251965));
#6498=CARTESIAN_POINT('',(1.56823031305459,3.51199239237528,8.00125984251961));
#6499=CARTESIAN_POINT('',(1.56823031305458,1.8192395609618,8.00125984251965));
#6500=CARTESIAN_POINT('Origin',(1.47823031305458,1.8192395609618,8.00125984251965));
#6501=CARTESIAN_POINT('',(1.38823031305458,1.8192395609618,8.00125984251965));
#6502=CARTESIAN_POINT('Origin',(1.47823031305458,1.8192395609618,8.00125984251964));
#6503=CARTESIAN_POINT('',(1.38823031305458,1.8192395609618,8.00125984251965));
#6504=CARTESIAN_POINT('Origin',(1.38823031305458,0.693940864673136,8.00125984251967));
#6505=CARTESIAN_POINT('',(1.38823031305458,2.94934304423094,8.00125984251962));
#6506=CARTESIAN_POINT('Origin',(1.17823031305458,0.693940864673137,8.00125984251967));
#6507=CARTESIAN_POINT('',(1.26823031305458,0.693940864673136,8.00125984251967));
#6508=CARTESIAN_POINT('',(1.08823031305458,0.693940864673137,8.00125984251967));
#6509=CARTESIAN_POINT('Origin',(1.17823031305458,0.693940864673137,8.00125984251967));
#6510=CARTESIAN_POINT('',(1.26823031305458,0.693940864673136,8.00125984251967));
#6511=CARTESIAN_POINT('',(1.08823031305458,0.693940864673137,8.00125984251967));
#6512=CARTESIAN_POINT('Origin',(1.26823031305458,1.8192395609618,8.00125984251965));
#6513=CARTESIAN_POINT('',(1.26823031305458,1.8192395609618,8.00125984251965));
#6514=CARTESIAN_POINT('',(1.26823031305459,3.51199239237528,8.00125984251961));
#6515=CARTESIAN_POINT('',(1.26823031305458,1.8192395609618,8.00125984251965));
#6516=CARTESIAN_POINT('Origin',(1.17823031305458,1.8192395609618,8.00125984251965));
#6517=CARTESIAN_POINT('',(1.08823031305458,1.8192395609618,8.00125984251965));
#6518=CARTESIAN_POINT('Origin',(1.17823031305458,1.8192395609618,8.00125984251964));
#6519=CARTESIAN_POINT('',(1.08823031305458,1.8192395609618,8.00125984251965));
#6520=CARTESIAN_POINT('Origin',(1.08823031305458,0.693940864673137,8.00125984251967));
#6521=CARTESIAN_POINT('',(1.08823031305458,2.94934304423095,8.00125984251962));
#6522=CARTESIAN_POINT('Origin',(5.07823031305457,0.693940864673123,8.00125984251967));
#6523=CARTESIAN_POINT('',(5.16823031305457,0.693940864673122,8.00125984251967));
#6524=CARTESIAN_POINT('',(4.98823031305457,0.693940864673123,8.00125984251967));
#6525=CARTESIAN_POINT('Origin',(5.07823031305457,0.693940864673123,8.00125984251967));
#6526=CARTESIAN_POINT('',(5.16823031305457,0.693940864673122,8.00125984251967));
#6527=CARTESIAN_POINT('',(4.98823031305457,0.693940864673123,8.00125984251967));
#6528=CARTESIAN_POINT('Origin',(5.16823031305458,1.81923956096179,8.00125984251965));
#6529=CARTESIAN_POINT('',(5.16823031305458,1.81923956096179,8.00125984251965));
#6530=CARTESIAN_POINT('',(5.16823031305459,3.51199239237526,8.00125984251961));
#6531=CARTESIAN_POINT('',(5.16823031305458,1.81923956096179,8.00125984251965));
#6532=CARTESIAN_POINT('Origin',(5.07823031305458,1.81923956096179,8.00125984251965));
#6533=CARTESIAN_POINT('',(4.98823031305458,1.81923956096179,8.00125984251965));
#6534=CARTESIAN_POINT('Origin',(5.07823031305458,1.81923956096179,8.00125984251964));
#6535=CARTESIAN_POINT('',(4.98823031305458,1.81923956096179,8.00125984251965));
#6536=CARTESIAN_POINT('Origin',(4.98823031305457,0.693940864673123,8.00125984251967));
#6537=CARTESIAN_POINT('',(4.98823031305458,2.94934304423093,8.00125984251962));
#6538=CARTESIAN_POINT('Origin',(0.878230313054576,0.693940864673138,8.00125984251967));
#6539=CARTESIAN_POINT('',(0.968230313054576,0.693940864673137,8.00125984251967));
#6540=CARTESIAN_POINT('',(0.788230313054576,0.693940864673138,8.00125984251967));
#6541=CARTESIAN_POINT('Origin',(0.878230313054576,0.693940864673138,8.00125984251967));
#6542=CARTESIAN_POINT('',(0.968230313054576,0.693940864673137,8.00125984251967));
#6543=CARTESIAN_POINT('',(0.788230313054576,0.693940864673138,8.00125984251967));
#6544=CARTESIAN_POINT('Origin',(0.96823031305458,1.8192395609618,8.00125984251965));
#6545=CARTESIAN_POINT('',(0.96823031305458,1.8192395609618,8.00125984251965));
#6546=CARTESIAN_POINT('',(0.968230313054586,3.51199239237528,8.00125984251961));
#6547=CARTESIAN_POINT('',(0.96823031305458,1.8192395609618,8.00125984251965));
#6548=CARTESIAN_POINT('Origin',(0.87823031305458,1.8192395609618,8.00125984251965));
#6549=CARTESIAN_POINT('',(0.788230313054579,1.8192395609618,8.00125984251965));
#6550=CARTESIAN_POINT('Origin',(0.87823031305458,1.8192395609618,8.00125984251964));
#6551=CARTESIAN_POINT('',(0.788230313054579,1.8192395609618,8.00125984251965));
#6552=CARTESIAN_POINT('Origin',(0.788230313054576,0.693940864673138,8.00125984251967));
#6553=CARTESIAN_POINT('',(0.788230313054583,2.94934304423095,8.00125984251962));
#6554=CARTESIAN_POINT('Origin',(2.83547244094488,2.323996062992,0.0129921259841993));
#6555=CARTESIAN_POINT('',(2.83547244094488,2.323996062992,-0.050000000000053));
#6556=CARTESIAN_POINT('',(0.0629921259842528,2.38698818897626,0.0129921259841965));
#6557=CARTESIAN_POINT('Origin',(0.0629921259842527,2.32399606299201,0.0129921259841993));
#6558=CARTESIAN_POINT('',(5.60795275590551,2.38698818897624,0.0129921259841965));
#6559=CARTESIAN_POINT('',(2.83547244094488,2.38698818897625,0.0129921259841965));
#6560=CARTESIAN_POINT('Origin',(5.60795275590551,2.32399606299199,0.0129921259841993));
#6561=CARTESIAN_POINT('Origin',(0.0629921259842524,2.32399606299201,-0.0185039370079273));
#6562=CARTESIAN_POINT('',(0.0629921259842526,2.35549212598414,0.0129921259841965));
#6563=CARTESIAN_POINT('Origin',(0.0629921259842524,2.32399606299201,0.0129921259841993));
#6564=CARTESIAN_POINT('',(0.0629921259842528,2.37816929133847,0.0129921259841965));
#6565=CARTESIAN_POINT('Origin',(2.83547244094488,2.35549212598421,5.12876097182018));
#6566=CARTESIAN_POINT('',(5.60795275590551,2.35549212598411,0.0129921259841965));
#6567=CARTESIAN_POINT('',(2.83547244094488,2.35549212598412,0.0129921259841965));
#6568=CARTESIAN_POINT('',(5.6079527559055,2.35549212598425,7.93826771653538));
#6569=CARTESIAN_POINT('',(5.60795275590551,2.35549212598411,-0.0582502900972115));
#6570=CARTESIAN_POINT('',(0.0629921259842526,2.35549212598427,7.93826771653538));
#6571=CARTESIAN_POINT('',(2.83547244094488,2.35549212598426,7.93826771653538));
#6572=CARTESIAN_POINT('',(0.0629921259842526,2.35549212598432,10.5972682967297));
#6573=CARTESIAN_POINT('Origin',(2.8354724409449,7.51100732490938,-0.0500000000001166));
#6574=CARTESIAN_POINT('',(5.60795275590551,2.04249999999987,-0.0500000000000499));
#6575=CARTESIAN_POINT('Origin',(5.60795275590551,2.38698818897624,-0.0582502900972115));
#6576=CARTESIAN_POINT('',(5.60795275590551,2.37816929133844,0.0129921259841965));
#6577=CARTESIAN_POINT('',(5.60795275590551,2.38698818897638,7.93826771653538));
#6578=CARTESIAN_POINT('',(5.60795275590551,2.38698818897643,10.5972682967297));
#6579=CARTESIAN_POINT('',(5.6079527559055,2.37816929133858,7.93826771653538));
#6580=CARTESIAN_POINT('Origin',(5.60795275590551,2.32399606299199,-0.0500000000000533));
#6581=CARTESIAN_POINT('Origin',(5.60795275590551,2.32399606299199,0.0129921259841993));
#6582=CARTESIAN_POINT('Origin',(2.83547244094488,2.32399606299214,7.93826771653538));
#6583=CARTESIAN_POINT('',(0.0629921259842528,2.3869881889764,7.93826771653538));
#6584=CARTESIAN_POINT('',(2.83547244094488,2.38698818897639,7.93826771653538));
#6585=CARTESIAN_POINT('',(0.0629921259842527,2.32399606299215,8.00125984251963));
#6586=CARTESIAN_POINT('Origin',(0.0629921259842527,2.32399606299215,7.93826771653538));
#6587=CARTESIAN_POINT('',(5.60795275590551,2.32399606299213,8.00125984251963));
#6588=CARTESIAN_POINT('',(2.83547244094488,2.32399606299214,8.00125984251963));
#6589=CARTESIAN_POINT('Origin',(5.60795275590551,2.32399606299213,7.93826771653538));
#6590=CARTESIAN_POINT('Origin',(2.83547244094488,2.323996062992,0.0129921259841993));
#6591=CARTESIAN_POINT('Origin',(0.0629921259842524,2.35549212598427,7.93826771653538));
#6592=CARTESIAN_POINT('',(0.0629921259842528,2.37816929133861,7.93826771653538));
#6593=CARTESIAN_POINT('Origin',(0.0629921259842524,2.32399606299215,7.93826771653538));
#6594=CARTESIAN_POINT('',(0.0629921259842527,2.32399606299215,7.99244094488184));
#6595=CARTESIAN_POINT('Origin',(0.0629921259842528,2.38698818897644,10.3102604227139));
#6596=CARTESIAN_POINT('',(0.0629921259842528,2.38698818897645,10.5972682967297));
#6597=CARTESIAN_POINT('Origin',(2.83547244094488,2.38698818897634,5.12876097182018));
#6598=CARTESIAN_POINT('Origin',(5.60795275590554,10.3917564857061,8.00125984251945));
#6599=CARTESIAN_POINT('',(5.6079527559055,2.32399606299213,7.99244094488183));
#6600=CARTESIAN_POINT('',(5.6079527559055,-0.263762101120773,8.00125984251969));
#6601=CARTESIAN_POINT('Origin',(5.6079527559055,2.38698818897638,7.93826771653538));
#6602=CARTESIAN_POINT('Origin',(5.6079527559055,2.32399606299213,7.93826771653538));
#6603=CARTESIAN_POINT('Origin',(2.83547244094488,2.32399606299214,7.93826771653538));
#6604=CARTESIAN_POINT('Origin',(0.0629921259842443,0.0944881889764001,7.96976377952756));
#6605=CARTESIAN_POINT('',(0.0629921259842444,0.0944881889763997,7.9924409448819));
#6606=CARTESIAN_POINT('Origin',(0.0629921259842443,0.0944881889763994,7.93826771653543));
#6607=CARTESIAN_POINT('',(0.0629921259842443,0.0403149606299375,7.93826771653543));
#6608=CARTESIAN_POINT('Origin',(0.0629921259842441,0.0232457728949945,8.00125984251969));
#6609=CARTESIAN_POINT('',(0.0629921259842431,-0.263762101120753,8.00125984251969));
#6610=CARTESIAN_POINT('Origin',(2.83547244094489,5.20474522378875,8.00125984251957));
#6611=CARTESIAN_POINT('Origin',(0.0629921259842443,0.0314960629921474,7.93826771653543));
#6612=CARTESIAN_POINT('Origin',(5.60795275590551,2.04249999999987,-0.0500000000000499));
#6613=CARTESIAN_POINT('Origin',(2.83547244094487,0.094488188976389,7.93826771653543));
#6614=CARTESIAN_POINT('',(0.,0.,0.));
#6615=CARTESIAN_POINT('Origin',(0.,0.,0.1));
#6616=CARTESIAN_POINT('',(-0.056,-4.88127917899218E-17,0.08125));
#6617=CARTESIAN_POINT('',(-0.056,-4.95447882536687E-17,0.0843749999999999));
#6618=CARTESIAN_POINT('',(-0.056,-6.85802207522518E-18,0.1));
#6619=CARTESIAN_POINT('',(0.0553664158131984,0.008400000000001,0.0975));
#6620=CARTESIAN_POINT('Ctrl Pts',(-0.056,-9.22315544321122E-17,0.0843749999999999));
#6621=CARTESIAN_POINT('Ctrl Pts',(-0.056,-0.0150051547761429,0.0854914549684629));
#6622=CARTESIAN_POINT('Ctrl Pts',(-0.0484974226119286,-0.028,0.0864583333333332));
#6623=CARTESIAN_POINT('Ctrl Pts',(-0.0323316150746191,-0.056,0.0885416666666666));
#6624=CARTESIAN_POINT('Ctrl Pts',(-6.85802207522518E-18,-0.056,0.0906249999999999));
#6625=CARTESIAN_POINT('Ctrl Pts',(0.032331615074619,-0.056,0.0927083333333332));
#6626=CARTESIAN_POINT('Ctrl Pts',(0.0484974226119286,-0.028,0.0947916666666666));
#6627=CARTESIAN_POINT('Ctrl Pts',(0.0583102700423145,-0.0110036496836498,
0.0960562760652046));
#6628=CARTESIAN_POINT('Ctrl Pts',(0.0553664158131984,0.00840000000000101,
0.0975));
#6629=CARTESIAN_POINT('',(0.032709390500169,0.0454543262309261,0.0975000000000008));
#6630=CARTESIAN_POINT('Origin',(0.,0.,0.0975));
#6631=CARTESIAN_POINT('Ctrl Pts',(-0.056,-9.07675615046183E-17,0.08125));
#6632=CARTESIAN_POINT('Ctrl Pts',(-0.056,-0.0150051547761429,0.082366454968463));
#6633=CARTESIAN_POINT('Ctrl Pts',(-0.0484974226119286,-0.028,0.0833333333333333));
#6634=CARTESIAN_POINT('Ctrl Pts',(-0.0323316150746191,-0.056,0.0854166666666667));
#6635=CARTESIAN_POINT('Ctrl Pts',(-6.85802207522518E-18,-0.056,0.0875));
#6636=CARTESIAN_POINT('Ctrl Pts',(0.032331615074619,-0.056,0.0895833333333333));
#6637=CARTESIAN_POINT('Ctrl Pts',(0.0484974226119286,-0.028,0.0916666666666667));
#6638=CARTESIAN_POINT('Ctrl Pts',(0.0646632301492381,-1.1878442673719E-17,
0.09375));
#6639=CARTESIAN_POINT('Ctrl Pts',(0.0484974226119286,0.028,0.0958333333333333));
#6640=CARTESIAN_POINT('Ctrl Pts',(0.0424791943902238,0.0384238770515375,
0.0966089194234775));
#6641=CARTESIAN_POINT('Ctrl Pts',(0.032709390500169,0.0454543262309261,
0.0975000000000008));
#6642=CARTESIAN_POINT('Origin',(0.,0.,0.1));
#6643=CARTESIAN_POINT('',(-0.056,9.62967744868943E-19,0.05625));
#6644=CARTESIAN_POINT('',(-0.056,-4.95447882536687E-17,0.0593749999999999));
#6645=CARTESIAN_POINT('',(-0.056,-6.85802207522518E-18,0.1));
#6646=CARTESIAN_POINT('Ctrl Pts',(-0.056,-9.22315544321122E-17,0.0593749999999999));
#6647=CARTESIAN_POINT('Ctrl Pts',(-0.056,-0.0150051547761429,0.0604914549684629));
#6648=CARTESIAN_POINT('Ctrl Pts',(-0.0484974226119286,-0.028,0.0614583333333333));
#6649=CARTESIAN_POINT('Ctrl Pts',(-0.0323316150746191,-0.056,0.0635416666666666));
#6650=CARTESIAN_POINT('Ctrl Pts',(-6.85802207522518E-18,-0.056,0.0656249999999999));
#6651=CARTESIAN_POINT('Ctrl Pts',(0.032331615074619,-0.056,0.0677083333333333));
#6652=CARTESIAN_POINT('Ctrl Pts',(0.0484974226119286,-0.028,0.0697916666666666));
#6653=CARTESIAN_POINT('Ctrl Pts',(0.0646632301492381,-1.1878442673719E-17,
0.0718749999999999));
#6654=CARTESIAN_POINT('Ctrl Pts',(0.0484974226119286,0.028,0.0739583333333333));
#6655=CARTESIAN_POINT('Ctrl Pts',(0.0323316150746191,0.056,0.0760416666666666));
#6656=CARTESIAN_POINT('Ctrl Pts',(0.,0.056,0.0781249999999999));
#6657=CARTESIAN_POINT('Ctrl Pts',(-0.032331615074619,0.056,0.0802083333333332));
#6658=CARTESIAN_POINT('Ctrl Pts',(-0.0484974226119286,0.028,0.0822916666666666));
#6659=CARTESIAN_POINT('Ctrl Pts',(-0.056,0.0150051547761428,0.0832585450315369));
#6660=CARTESIAN_POINT('Ctrl Pts',(-0.056,-9.22315544321122E-17,0.0843749999999999));
#6661=CARTESIAN_POINT('Ctrl Pts',(-0.056,8.78395756496306E-18,0.05625));
#6662=CARTESIAN_POINT('Ctrl Pts',(-0.056,-0.0150051547761429,0.057366454968463));
#6663=CARTESIAN_POINT('Ctrl Pts',(-0.0484974226119286,-0.028,0.0583333333333333));
#6664=CARTESIAN_POINT('Ctrl Pts',(-0.0323316150746191,-0.056,0.0604166666666667));
#6665=CARTESIAN_POINT('Ctrl Pts',(-6.85802207522518E-18,-0.056,0.0625));
#6666=CARTESIAN_POINT('Ctrl Pts',(0.032331615074619,-0.056,0.0645833333333333));
#6667=CARTESIAN_POINT('Ctrl Pts',(0.0484974226119286,-0.028,0.0666666666666667));
#6668=CARTESIAN_POINT('Ctrl Pts',(0.0646632301492381,-1.1878442673719E-17,
0.06875));
#6669=CARTESIAN_POINT('Ctrl Pts',(0.0484974226119286,0.028,0.0708333333333333));
#6670=CARTESIAN_POINT('Ctrl Pts',(0.0323316150746191,0.056,0.0729166666666667));
#6671=CARTESIAN_POINT('Ctrl Pts',(0.,0.056,0.075));
#6672=CARTESIAN_POINT('Ctrl Pts',(-0.0323316150746191,0.056,0.0770833333333334));
#6673=CARTESIAN_POINT('Ctrl Pts',(-0.0484974226119286,0.028,0.0791666666666667));
#6674=CARTESIAN_POINT('Ctrl Pts',(-0.056,0.0150051547761428,0.080133545031537));
#6675=CARTESIAN_POINT('Ctrl Pts',(-0.056,-9.07675615046183E-17,0.08125));
#6676=CARTESIAN_POINT('Origin',(0.,0.,0.1));
#6677=CARTESIAN_POINT('',(-0.056,9.62967744868943E-19,0.03125));
#6678=CARTESIAN_POINT('',(-0.056,2.30971281122022E-19,0.0343749999999999));
#6679=CARTESIAN_POINT('',(-0.056,-6.85802207522518E-18,0.1));
#6680=CARTESIAN_POINT('',(-0.0240602311579699,-0.0505678284744862,0.0107475552703508));
#6681=CARTESIAN_POINT('Ctrl Pts',(-0.0240602311577141,-0.0505678284746079,
0.0107475552703719));
#6682=CARTESIAN_POINT('Ctrl Pts',(-0.0126433367754418,-0.056,0.0116853087175495));
#6683=CARTESIAN_POINT('Ctrl Pts',(-6.85802207522518E-18,-0.056,0.0125));
#6684=CARTESIAN_POINT('Ctrl Pts',(0.032331615074619,-0.056,0.0145833333333333));
#6685=CARTESIAN_POINT('Ctrl Pts',(0.0484974226119286,-0.028,0.0166666666666667));
#6686=CARTESIAN_POINT('Ctrl Pts',(0.0646632301492381,-1.1878442673719E-17,
0.01875));
#6687=CARTESIAN_POINT('Ctrl Pts',(0.0484974226119286,0.028,0.0208333333333333));
#6688=CARTESIAN_POINT('Ctrl Pts',(0.0323316150746191,0.056,0.0229166666666667));
#6689=CARTESIAN_POINT('Ctrl Pts',(0.,0.056,0.025));
#6690=CARTESIAN_POINT('Ctrl Pts',(-0.0323316150746191,0.056,0.0270833333333333));
#6691=CARTESIAN_POINT('Ctrl Pts',(-0.0484974226119286,0.028,0.0291666666666667));
#6692=CARTESIAN_POINT('Ctrl Pts',(-0.056,0.0150051547761429,0.030133545031537));
#6693=CARTESIAN_POINT('Ctrl Pts',(-0.056,8.78395756496306E-18,0.03125));
#6694=CARTESIAN_POINT('',(-0.0528744070536944,-0.0184471428335184,0.010747555270351));
#6695=CARTESIAN_POINT('Origin',(0.,0.,0.010747555270351));
#6696=CARTESIAN_POINT('Ctrl Pts',(-0.0528744070537617,-0.0184471428333258,
0.0107475552703367));
#6697=CARTESIAN_POINT('Ctrl Pts',(-0.0511360254816705,-0.02342980576861,
0.0111182891196882));
#6698=CARTESIAN_POINT('Ctrl Pts',(-0.0484974226119286,-0.028,0.0114583333333333));
#6699=CARTESIAN_POINT('Ctrl Pts',(-0.0323316150746191,-0.056,0.0135416666666666));
#6700=CARTESIAN_POINT('Ctrl Pts',(-6.85802207522518E-18,-0.056,0.0156249999999999));
#6701=CARTESIAN_POINT('Ctrl Pts',(0.032331615074619,-0.056,0.0177083333333333));
#6702=CARTESIAN_POINT('Ctrl Pts',(0.0484974226119286,-0.028,0.0197916666666666));
#6703=CARTESIAN_POINT('Ctrl Pts',(0.0646632301492381,-1.1878442673719E-17,
0.0218749999999999));
#6704=CARTESIAN_POINT('Ctrl Pts',(0.0484974226119286,0.028,0.0239583333333333));
#6705=CARTESIAN_POINT('Ctrl Pts',(0.0323316150746191,0.056,0.0260416666666666));
#6706=CARTESIAN_POINT('Ctrl Pts',(0.,0.056,0.0281249999999999));
#6707=CARTESIAN_POINT('Ctrl Pts',(-0.032331615074619,0.056,0.0302083333333333));
#6708=CARTESIAN_POINT('Ctrl Pts',(-0.0484974226119286,0.028,0.0322916666666666));
#6709=CARTESIAN_POINT('Ctrl Pts',(-0.056,0.0150051547761429,0.0332585450315369));
#6710=CARTESIAN_POINT('Ctrl Pts',(-0.056,7.31996463746922E-18,0.0343749999999999));
#6711=CARTESIAN_POINT('Origin',(-1.36592399683213E-18,-5.46369598732853E-18,
-0.0109375));
#6712=CARTESIAN_POINT('',(-6.2353674994481E-18,-0.0397620236790417,0.028125));
#6713=CARTESIAN_POINT('',(-7.60129149628024E-18,-0.0397620236790417,0.0264283867290834));
#6714=CARTESIAN_POINT('',(-7.60129149628024E-18,-0.0397620236790417,-0.0109375));
#6715=CARTESIAN_POINT('',(-0.0165991948402628,-0.0361314995219916,0.0264283867290842));
#6716=CARTESIAN_POINT('Origin',(-5.1905111879621E-17,3.82458719112997E-17,
0.0264283867290834));
#6717=CARTESIAN_POINT('Ctrl Pts',(-0.0165991948401613,-0.0361314995220381,
0.0264283867290957));
#6718=CARTESIAN_POINT('Ctrl Pts',(-0.00869662588385577,-0.0397620236790417,
0.0273357734292501));
#6719=CARTESIAN_POINT('Ctrl Pts',(-4.86944350261597E-18,-0.0397620236790417,
0.028125));
#6720=CARTESIAN_POINT('Origin',(-1.36592399683213E-18,-5.46369598732853E-18,
-0.0109375));
#6721=CARTESIAN_POINT('',(-6.2353674994481E-18,-0.0397620236790417,0.053125));
#6722=CARTESIAN_POINT('',(-6.2353674994481E-18,-0.0397620236790417,0.05));
#6723=CARTESIAN_POINT('',(-7.60129149628024E-18,-0.0397620236790417,-0.0109375));
#6724=CARTESIAN_POINT('',(0.0142211389982656,-0.0371318964321065,0.0264283867290834));
#6725=CARTESIAN_POINT('Ctrl Pts',(0.0142211389982656,-0.0371318964321065,
0.0264283867290834));
#6726=CARTESIAN_POINT('Ctrl Pts',(0.027386159734755,-0.0320898272732908,
0.0278873036061243));
#6727=CARTESIAN_POINT('Ctrl Pts',(0.0344349226119285,-0.0198810118395209,
0.0291666666666666));
#6728=CARTESIAN_POINT('Ctrl Pts',(0.045913230149238,-8.43412355111702E-18,
0.03125));
#6729=CARTESIAN_POINT('Ctrl Pts',(0.0344349226119285,0.0198810118395208,
0.0333333333333333));
#6730=CARTESIAN_POINT('Ctrl Pts',(0.022956615074619,0.0397620236790417,
0.0354166666666666));
#6731=CARTESIAN_POINT('Ctrl Pts',(0.,0.0397620236790417,0.0375));
#6732=CARTESIAN_POINT('Ctrl Pts',(-0.022956615074619,0.0397620236790417,
0.0395833333333333));
#6733=CARTESIAN_POINT('Ctrl Pts',(-0.0344349226119285,0.0198810118395209,
0.0416666666666666));
#6734=CARTESIAN_POINT('Ctrl Pts',(-0.045913230149238,2.81137451703901E-18,
0.04375));
#6735=CARTESIAN_POINT('Ctrl Pts',(-0.0344349226119285,-0.0198810118395209,
0.0458333333333333));
#6736=CARTESIAN_POINT('Ctrl Pts',(-0.022956615074619,-0.0397620236790417,
0.0479166666666666));
#6737=CARTESIAN_POINT('Ctrl Pts',(-4.86944350261597E-18,-0.0397620236790417,
0.05));
#6738=CARTESIAN_POINT('Origin',(-5.1905111879621E-17,3.82458719112997E-17,
0.0264283867290834));
#6739=CARTESIAN_POINT('Ctrl Pts',(-4.86944350261597E-18,-0.0397620236790417,
0.028125));
#6740=CARTESIAN_POINT('Ctrl Pts',(0.022956615074619,-0.0397620236790417,
0.0302083333333333));
#6741=CARTESIAN_POINT('Ctrl Pts',(0.0344349226119285,-0.0198810118395209,
0.0322916666666666));
#6742=CARTESIAN_POINT('Ctrl Pts',(0.045913230149238,-8.43412355111702E-18,
0.034375));
#6743=CARTESIAN_POINT('Ctrl Pts',(0.0344349226119285,0.0198810118395208,
0.0364583333333333));
#6744=CARTESIAN_POINT('Ctrl Pts',(0.022956615074619,0.0397620236790417,
0.0385416666666666));
#6745=CARTESIAN_POINT('Ctrl Pts',(0.,0.0397620236790417,0.040625));
#6746=CARTESIAN_POINT('Ctrl Pts',(-0.022956615074619,0.0397620236790417,
0.0427083333333333));
#6747=CARTESIAN_POINT('Ctrl Pts',(-0.0344349226119285,0.0198810118395209,
0.0447916666666666));
#6748=CARTESIAN_POINT('Ctrl Pts',(-0.045913230149238,2.81137451703901E-18,
0.046875));
#6749=CARTESIAN_POINT('Ctrl Pts',(-0.0344349226119285,-0.0198810118395209,
0.0489583333333333));
#6750=CARTESIAN_POINT('Ctrl Pts',(-0.022956615074619,-0.0397620236790417,
0.0510416666666666));
#6751=CARTESIAN_POINT('Ctrl Pts',(-4.86944350261597E-18,-0.0397620236790417,
0.053125));
#6752=CARTESIAN_POINT('Origin',(-1.36592399683213E-18,-5.46369598732853E-18,
-0.0109375));
#6753=CARTESIAN_POINT('',(-6.2353674994481E-18,-0.0397620236790417,0.078125));
#6754=CARTESIAN_POINT('',(-6.2353674994481E-18,-0.0397620236790417,0.075));
#6755=CARTESIAN_POINT('',(-7.60129149628024E-18,-0.0397620236790417,-0.0109375));
#6756=CARTESIAN_POINT('',(0.02794290165495,-0.0282880323485828,0.0812620236790418));
#6757=CARTESIAN_POINT('Ctrl Pts',(-4.86944350261597E-18,-0.0397620236790417,
0.078125));
#6758=CARTESIAN_POINT('Ctrl Pts',(0.0163271918073694,-0.0397620236790417,
0.079606707247408));
#6759=CARTESIAN_POINT('Ctrl Pts',(0.02794290165495,-0.0282880323485828,
0.0812620236790418));
#6760=CARTESIAN_POINT('',(0.0397618581262072,0.000114740594583717,0.0812620236790416));
#6761=CARTESIAN_POINT('Origin',(6.55643518479423E-17,-5.46369598732853E-18,
0.0812620236790419));
#6762=CARTESIAN_POINT('Ctrl Pts',(-4.86944350261597E-18,-0.0397620236790417,
0.075));
#6763=CARTESIAN_POINT('Ctrl Pts',(0.022956615074619,-0.0397620236790417,
0.0770833333333333));
#6764=CARTESIAN_POINT('Ctrl Pts',(0.0344349226119285,-0.0198810118395209,
0.0791666666666666));
#6765=CARTESIAN_POINT('Ctrl Pts',(0.0397927802834843,-0.0106009301326636,
0.0801391274102149));
#6766=CARTESIAN_POINT('Ctrl Pts',(0.0397618581262072,0.000114740594583718,
0.0812620236790417));
#6767=CARTESIAN_POINT('Ctrl Pts',(0.,0.0397620236790417,-0.0125));
#6768=CARTESIAN_POINT('Ctrl Pts',(-0.022956615074619,0.0397620236790417,
-0.0104166666666667));
#6769=CARTESIAN_POINT('Ctrl Pts',(-0.0344349226119285,0.0198810118395209,
-0.00833333333333337));
#6770=CARTESIAN_POINT('Ctrl Pts',(-0.045913230149238,2.81137451703901E-18,
-0.00625000000000004));
#6771=CARTESIAN_POINT('Ctrl Pts',(-0.0344349226119285,-0.0198810118395209,
-0.0041666666666667));
#6772=CARTESIAN_POINT('Ctrl Pts',(-0.022956615074619,-0.0397620236790417,
-0.00208333333333337));
#6773=CARTESIAN_POINT('Ctrl Pts',(-4.86944350261597E-18,-0.0397620236790417,
-3.62823561658535E-17));
#6774=CARTESIAN_POINT('Ctrl Pts',(0.022956615074619,-0.0397620236790417,
0.0020833333333333));
#6775=CARTESIAN_POINT('Ctrl Pts',(0.0344349226119285,-0.0198810118395209,
0.00416666666666663));
#6776=CARTESIAN_POINT('Ctrl Pts',(0.045913230149238,-8.43412355111702E-18,
0.00624999999999996));
#6777=CARTESIAN_POINT('Ctrl Pts',(0.0344349226119285,0.0198810118395208,
0.0083333333333333));
#6778=CARTESIAN_POINT('Ctrl Pts',(0.022956615074619,0.0397620236790417,
0.0104166666666666));
#6779=CARTESIAN_POINT('Ctrl Pts',(0.,0.0397620236790417,0.0125));
#6780=CARTESIAN_POINT('Ctrl Pts',(-0.022956615074619,0.0397620236790417,
0.0145833333333333));
#6781=CARTESIAN_POINT('Ctrl Pts',(-0.0344349226119285,0.0198810118395209,
0.0166666666666666));
#6782=CARTESIAN_POINT('Ctrl Pts',(-0.045913230149238,2.81137451703901E-18,
0.01875));
#6783=CARTESIAN_POINT('Ctrl Pts',(-0.0344349226119285,-0.0198810118395209,
0.0208333333333333));
#6784=CARTESIAN_POINT('Ctrl Pts',(-0.022956615074619,-0.0397620236790417,
0.0229166666666666));
#6785=CARTESIAN_POINT('Ctrl Pts',(-4.86944350261597E-18,-0.0397620236790417,
0.025));
#6786=CARTESIAN_POINT('Ctrl Pts',(0.022956615074619,-0.0397620236790417,
0.0270833333333333));
#6787=CARTESIAN_POINT('Ctrl Pts',(0.0344349226119285,-0.0198810118395209,
0.0291666666666666));
#6788=CARTESIAN_POINT('Ctrl Pts',(0.045913230149238,-8.43412355111702E-18,
0.03125));
#6789=CARTESIAN_POINT('Ctrl Pts',(0.0344349226119285,0.0198810118395208,
0.0333333333333333));
#6790=CARTESIAN_POINT('Ctrl Pts',(0.022956615074619,0.0397620236790417,
0.0354166666666666));
#6791=CARTESIAN_POINT('Ctrl Pts',(0.,0.0397620236790417,0.0375));
#6792=CARTESIAN_POINT('Ctrl Pts',(-0.022956615074619,0.0397620236790417,
0.0395833333333333));
#6793=CARTESIAN_POINT('Ctrl Pts',(-0.0344349226119285,0.0198810118395209,
0.0416666666666666));
#6794=CARTESIAN_POINT('Ctrl Pts',(-0.045913230149238,2.81137451703901E-18,
0.04375));
#6795=CARTESIAN_POINT('Ctrl Pts',(-0.0344349226119285,-0.0198810118395209,
0.0458333333333333));
#6796=CARTESIAN_POINT('Ctrl Pts',(-0.022956615074619,-0.0397620236790417,
0.0479166666666666));
#6797=CARTESIAN_POINT('Ctrl Pts',(-4.86944350261597E-18,-0.0397620236790417,
0.05));
#6798=CARTESIAN_POINT('Ctrl Pts',(0.022956615074619,-0.0397620236790417,
0.0520833333333333));
#6799=CARTESIAN_POINT('Ctrl Pts',(0.0344349226119285,-0.0198810118395209,
0.0541666666666666));
#6800=CARTESIAN_POINT('Ctrl Pts',(0.045913230149238,-8.43412355111702E-18,
0.05625));
#6801=CARTESIAN_POINT('Ctrl Pts',(0.0344349226119285,0.0198810118395208,
0.0583333333333333));
#6802=CARTESIAN_POINT('Ctrl Pts',(0.022956615074619,0.0397620236790417,
0.0604166666666666));
#6803=CARTESIAN_POINT('Ctrl Pts',(0.,0.0397620236790417,0.0625));
#6804=CARTESIAN_POINT('Ctrl Pts',(-0.022956615074619,0.0397620236790417,
0.0645833333333333));
#6805=CARTESIAN_POINT('Ctrl Pts',(-0.0344349226119285,0.0198810118395209,
0.0666666666666666));
#6806=CARTESIAN_POINT('Ctrl Pts',(-0.045913230149238,2.81137451703901E-18,
0.06875));
#6807=CARTESIAN_POINT('Ctrl Pts',(-0.0344349226119285,-0.0198810118395209,
0.0708333333333333));
#6808=CARTESIAN_POINT('Ctrl Pts',(-0.022956615074619,-0.0397620236790417,
0.0729166666666666));
#6809=CARTESIAN_POINT('Ctrl Pts',(-4.86944350261597E-18,-0.0397620236790417,
0.075));
#6810=CARTESIAN_POINT('Ctrl Pts',(0.022956615074619,-0.0397620236790417,
0.0770833333333333));
#6811=CARTESIAN_POINT('Ctrl Pts',(0.0344349226119285,-0.0198810118395209,
0.0791666666666666));
#6812=CARTESIAN_POINT('Ctrl Pts',(0.045913230149238,-8.43412355111702E-18,
0.08125));
#6813=CARTESIAN_POINT('Ctrl Pts',(0.0344349226119285,0.0198810118395208,
0.0833333333333333));
#6814=CARTESIAN_POINT('Ctrl Pts',(0.022956615074619,0.0397620236790417,
0.0854166666666666));
#6815=CARTESIAN_POINT('Ctrl Pts',(0.,0.0397620236790417,0.0875));
#6816=CARTESIAN_POINT('Ctrl Pts',(-0.022956615074619,0.0397620236790417,
0.0895833333333333));
#6817=CARTESIAN_POINT('Ctrl Pts',(-0.0344349226119285,0.0198810118395209,
0.0916666666666666));
#6818=CARTESIAN_POINT('Ctrl Pts',(-0.045913230149238,2.81137451703901E-18,
0.09375));
#6819=CARTESIAN_POINT('Ctrl Pts',(-0.0344349226119285,-0.0198810118395209,
0.0958333333333333));
#6820=CARTESIAN_POINT('Ctrl Pts',(-0.022956615074619,-0.0397620236790417,
0.0979166666666666));
#6821=CARTESIAN_POINT('Ctrl Pts',(-4.86944350261597E-18,-0.0397620236790417,
0.1));
#6822=CARTESIAN_POINT('Ctrl Pts',(0.022956615074619,-0.0397620236790417,
0.102083333333333));
#6823=CARTESIAN_POINT('Ctrl Pts',(0.0344349226119285,-0.0198810118395209,
0.104166666666667));
#6824=CARTESIAN_POINT('Ctrl Pts',(0.045913230149238,-8.43412355111702E-18,
0.10625));
#6825=CARTESIAN_POINT('Ctrl Pts',(0.0344349226119285,0.0198810118395208,
0.108333333333333));
#6826=CARTESIAN_POINT('Ctrl Pts',(0.022956615074619,0.0397620236790417,
0.110416666666667));
#6827=CARTESIAN_POINT('Ctrl Pts',(0.,0.0397620236790417,0.1125));
#6828=CARTESIAN_POINT('Ctrl Pts',(0.,0.0573531646934132,-0.0226562500000001));
#6829=CARTESIAN_POINT('Ctrl Pts',(-0.033112865074619,0.0573531646934132,
-0.0205729166666667));
#6830=CARTESIAN_POINT('Ctrl Pts',(-0.0496692976119286,0.0286765823467066,
-0.0184895833333334));
#6831=CARTESIAN_POINT('Ctrl Pts',(-0.0662257301492381,4.05515642242304E-18,
-0.01640625));
#6832=CARTESIAN_POINT('Ctrl Pts',(-0.0496692976119286,-0.0286765823467066,
-0.0143229166666667));
#6833=CARTESIAN_POINT('Ctrl Pts',(-0.0331128650746191,-0.0573531646934132,
-0.0122395833333334));
#6834=CARTESIAN_POINT('Ctrl Pts',(-7.02373695627594E-18,-0.0573531646934132,
-0.0101562500000001));
#6835=CARTESIAN_POINT('Ctrl Pts',(0.033112865074619,-0.0573531646934132,
-0.00807291666666672));
#6836=CARTESIAN_POINT('Ctrl Pts',(0.0496692976119286,-0.0286765823467066,
-0.00598958333333338));
#6837=CARTESIAN_POINT('Ctrl Pts',(0.0662257301492381,-1.21654692672691E-17,
-0.00390625000000005));
#6838=CARTESIAN_POINT('Ctrl Pts',(0.0496692976119286,0.0286765823467066,
-0.00182291666666672));
#6839=CARTESIAN_POINT('Ctrl Pts',(0.0331128650746191,0.0573531646934132,
0.000260416666666614));
#6840=CARTESIAN_POINT('Ctrl Pts',(0.,0.0573531646934132,0.00234374999999995));
#6841=CARTESIAN_POINT('Ctrl Pts',(-0.033112865074619,0.0573531646934132,
0.00442708333333328));
#6842=CARTESIAN_POINT('Ctrl Pts',(-0.0496692976119286,0.0286765823467066,
0.00651041666666662));
#6843=CARTESIAN_POINT('Ctrl Pts',(-0.0662257301492381,4.05515642242304E-18,
0.00859374999999995));
#6844=CARTESIAN_POINT('Ctrl Pts',(-0.0496692976119286,-0.0286765823467066,
0.0106770833333333));
#6845=CARTESIAN_POINT('Ctrl Pts',(-0.0331128650746191,-0.0573531646934132,
0.0127604166666666));
#6846=CARTESIAN_POINT('Ctrl Pts',(-7.02373695627594E-18,-0.0573531646934132,
0.0148437499999999));
#6847=CARTESIAN_POINT('Ctrl Pts',(0.033112865074619,-0.0573531646934132,
0.0169270833333333));
#6848=CARTESIAN_POINT('Ctrl Pts',(0.0496692976119286,-0.0286765823467066,
0.0190104166666666));
#6849=CARTESIAN_POINT('Ctrl Pts',(0.0662257301492381,-1.21654692672691E-17,
0.0210937499999999));
#6850=CARTESIAN_POINT('Ctrl Pts',(0.0496692976119286,0.0286765823467066,
0.0231770833333333));
#6851=CARTESIAN_POINT('Ctrl Pts',(0.0331128650746191,0.0573531646934132,
0.0252604166666666));
#6852=CARTESIAN_POINT('Ctrl Pts',(0.,0.0573531646934132,0.02734375));
#6853=CARTESIAN_POINT('Ctrl Pts',(-0.033112865074619,0.0573531646934132,
0.0294270833333333));
#6854=CARTESIAN_POINT('Ctrl Pts',(-0.0496692976119286,0.0286765823467066,
0.0315104166666666));
#6855=CARTESIAN_POINT('Ctrl Pts',(-0.0662257301492381,4.05515642242304E-18,
0.03359375));
#6856=CARTESIAN_POINT('Ctrl Pts',(-0.0496692976119286,-0.0286765823467066,
0.0356770833333333));
#6857=CARTESIAN_POINT('Ctrl Pts',(-0.0331128650746191,-0.0573531646934132,
0.0377604166666666));
#6858=CARTESIAN_POINT('Ctrl Pts',(-7.02373695627594E-18,-0.0573531646934132,
0.0398437499999999));
#6859=CARTESIAN_POINT('Ctrl Pts',(0.033112865074619,-0.0573531646934132,
0.0419270833333333));
#6860=CARTESIAN_POINT('Ctrl Pts',(0.0496692976119286,-0.0286765823467066,
0.0440104166666666));
#6861=CARTESIAN_POINT('Ctrl Pts',(0.0662257301492381,-1.21654692672691E-17,
0.0460937499999999));
#6862=CARTESIAN_POINT('Ctrl Pts',(0.0496692976119286,0.0286765823467066,
0.0481770833333333));
#6863=CARTESIAN_POINT('Ctrl Pts',(0.0331128650746191,0.0573531646934132,
0.0502604166666666));
#6864=CARTESIAN_POINT('Ctrl Pts',(0.,0.0573531646934132,0.0523437499999999));
#6865=CARTESIAN_POINT('Ctrl Pts',(-0.033112865074619,0.0573531646934132,
0.0544270833333333));
#6866=CARTESIAN_POINT('Ctrl Pts',(-0.0496692976119286,0.0286765823467066,
0.0565104166666666));
#6867=CARTESIAN_POINT('Ctrl Pts',(-0.0662257301492381,4.05515642242304E-18,
0.0585937499999999));
#6868=CARTESIAN_POINT('Ctrl Pts',(-0.0496692976119286,-0.0286765823467066,
0.0606770833333333));
#6869=CARTESIAN_POINT('Ctrl Pts',(-0.0331128650746191,-0.0573531646934132,
0.0627604166666666));
#6870=CARTESIAN_POINT('Ctrl Pts',(-7.02373695627594E-18,-0.0573531646934132,
0.0648437499999999));
#6871=CARTESIAN_POINT('Ctrl Pts',(0.033112865074619,-0.0573531646934132,
0.0669270833333333));
#6872=CARTESIAN_POINT('Ctrl Pts',(0.0496692976119286,-0.0286765823467066,
0.0690104166666666));
#6873=CARTESIAN_POINT('Ctrl Pts',(0.0662257301492381,-1.21654692672691E-17,
0.0710937499999999));
#6874=CARTESIAN_POINT('Ctrl Pts',(0.0496692976119286,0.0286765823467066,
0.0731770833333333));
#6875=CARTESIAN_POINT('Ctrl Pts',(0.0331128650746191,0.0573531646934132,
0.0752604166666666));
#6876=CARTESIAN_POINT('Ctrl Pts',(0.,0.0573531646934132,0.0773437499999999));
#6877=CARTESIAN_POINT('Ctrl Pts',(-0.033112865074619,0.0573531646934132,
0.0794270833333333));
#6878=CARTESIAN_POINT('Ctrl Pts',(-0.0496692976119286,0.0286765823467066,
0.0815104166666666));
#6879=CARTESIAN_POINT('Ctrl Pts',(-0.0662257301492381,4.05515642242304E-18,
0.08359375));
#6880=CARTESIAN_POINT('Ctrl Pts',(-0.0496692976119286,-0.0286765823467066,
0.0856770833333333));
#6881=CARTESIAN_POINT('Ctrl Pts',(-0.0331128650746191,-0.0573531646934132,
0.0877604166666666));
#6882=CARTESIAN_POINT('Ctrl Pts',(-7.02373695627594E-18,-0.0573531646934132,
0.0898437499999999));
#6883=CARTESIAN_POINT('Ctrl Pts',(0.033112865074619,-0.0573531646934132,
0.0919270833333333));
#6884=CARTESIAN_POINT('Ctrl Pts',(0.0496692976119286,-0.0286765823467066,
0.0940104166666666));
#6885=CARTESIAN_POINT('Ctrl Pts',(0.0662257301492381,-1.21654692672691E-17,
0.09609375));
#6886=CARTESIAN_POINT('Ctrl Pts',(0.0496692976119286,0.0286765823467066,
0.0981770833333333));
#6887=CARTESIAN_POINT('Ctrl Pts',(0.0331128650746191,0.0573531646934132,
0.100260416666667));
#6888=CARTESIAN_POINT('Ctrl Pts',(0.,0.0573531646934132,0.10234375));
#6889=CARTESIAN_POINT('Ctrl Pts',(-4.86944350261597E-18,-0.0397620236790417,
0.05));
#6890=CARTESIAN_POINT('Ctrl Pts',(0.022956615074619,-0.0397620236790417,
0.0520833333333333));
#6891=CARTESIAN_POINT('Ctrl Pts',(0.0344349226119285,-0.0198810118395209,
0.0541666666666666));
#6892=CARTESIAN_POINT('Ctrl Pts',(0.045913230149238,-8.43412355111702E-18,
0.05625));
#6893=CARTESIAN_POINT('Ctrl Pts',(0.0344349226119285,0.0198810118395208,
0.0583333333333333));
#6894=CARTESIAN_POINT('Ctrl Pts',(0.022956615074619,0.0397620236790417,
0.0604166666666666));
#6895=CARTESIAN_POINT('Ctrl Pts',(0.,0.0397620236790417,0.0625));
#6896=CARTESIAN_POINT('Ctrl Pts',(-0.022956615074619,0.0397620236790417,
0.0645833333333333));
#6897=CARTESIAN_POINT('Ctrl Pts',(-0.0344349226119285,0.0198810118395209,
0.0666666666666666));
#6898=CARTESIAN_POINT('Ctrl Pts',(-0.045913230149238,2.81137451703901E-18,
0.06875));
#6899=CARTESIAN_POINT('Ctrl Pts',(-0.0344349226119285,-0.0198810118395209,
0.0708333333333333));
#6900=CARTESIAN_POINT('Ctrl Pts',(-0.022956615074619,-0.0397620236790417,
0.0729166666666666));
#6901=CARTESIAN_POINT('Ctrl Pts',(-4.86944350261597E-18,-0.0397620236790417,
0.075));
#6902=CARTESIAN_POINT('',(-0.0476790834204382,3.81974387905662E-11,0.0891790834204382));
#6903=CARTESIAN_POINT('Ctrl Pts',(0.0397618581262071,0.000114740594583716,
0.0812620236790417));
#6904=CARTESIAN_POINT('Ctrl Pts',(0.0399414360183644,0.0029411315031619,
0.0814497568916214));
#6905=CARTESIAN_POINT('Ctrl Pts',(0.0398178207530424,0.00577877151810125,
0.0816355524652401));
#6906=CARTESIAN_POINT('Ctrl Pts',(0.0389429471542697,0.0115477274637211,
0.082008340017858));
#6907=CARTESIAN_POINT('Ctrl Pts',(0.0381573040881431,0.0144559382136516,
0.0821935451323181));
#6908=CARTESIAN_POINT('Ctrl Pts',(0.0362533750907637,0.0192623596122422,
0.0824959564403191));
#6909=CARTESIAN_POINT('Ctrl Pts',(0.035289233907199,0.0212011779555578,
0.0826138433863276));
#6910=CARTESIAN_POINT('Ctrl Pts',(0.0313299867337479,0.0278832493522188,
0.0830600792837091));
#6911=CARTESIAN_POINT('Ctrl Pts',(0.0275078431898015,0.0321169007635206,
0.0834095476060631));
#6912=CARTESIAN_POINT('Ctrl Pts',(0.0187260957834898,0.038613233196325,
0.0840901088930697));
#6913=CARTESIAN_POINT('Ctrl Pts',(0.0139343795606023,0.0409303578101832,
0.0844150452133488));
#6914=CARTESIAN_POINT('Ctrl Pts',(0.00221128216143261,0.0440988205918941,
0.0851189304597403));
#6915=CARTESIAN_POINT('Ctrl Pts',(-0.00375731557749741,0.043991257726107,
0.0854116263763964));
#6916=CARTESIAN_POINT('Ctrl Pts',(-0.0111732920161507,0.0429987839956946,
0.0858336579863347));
#6917=CARTESIAN_POINT('Ctrl Pts',(-0.0139837656084131,0.0423436917299787,
0.0860002603869591));
#6918=CARTESIAN_POINT('Ctrl Pts',(-0.0221026668975369,0.0396082700675164,
0.0865010812888286));
#6919=CARTESIAN_POINT('Ctrl Pts',(-0.0270997759606067,0.0367855583982399,
0.086835555716084));
#6920=CARTESIAN_POINT('Ctrl Pts',(-0.0366282854366252,0.0287046835020452,
0.0875372885192003));
#6921=CARTESIAN_POINT('Ctrl Pts',(-0.0401719846955241,0.0236797093793237,
0.0878305934385385));
#6922=CARTESIAN_POINT('Ctrl Pts',(-0.04544007103838,0.0133256873040965,
0.0884313132129));
#6923=CARTESIAN_POINT('Ctrl Pts',(-0.0471559629849299,0.00718027887244165,
0.0887805093431537));
#6924=CARTESIAN_POINT('Ctrl Pts',(-0.0476438734823234,0.000586402947674775,
0.0891465783778384));
#6925=CARTESIAN_POINT('Ctrl Pts',(-0.0476628381578169,0.000293220358920924,
0.0891628381582868));
#6926=CARTESIAN_POINT('Ctrl Pts',(-0.0476790834204382,7.63948190046394E-11,
0.0891790834204382));
#6927=CARTESIAN_POINT('Ctrl Pts',(-0.0476790834204382,7.63948164898602E-11,
0.0891790834204382));
#6928=CARTESIAN_POINT('Ctrl Pts',(-0.0479894379676504,-0.00560177135312921,
0.0894894379586749));
#6929=CARTESIAN_POINT('Ctrl Pts',(-0.0473072390895252,-0.0112173106317351,
0.0897943393451605));
#6930=CARTESIAN_POINT('Ctrl Pts',(-0.043628481041235,-0.0232212216830161,
0.0904351477906849));
#6931=CARTESIAN_POINT('Ctrl Pts',(-0.0403651425151436,-0.0288029097422675,
0.0907193466885605));
#6932=CARTESIAN_POINT('Ctrl Pts',(-0.0324319894434834,-0.0383967871960666,
0.0913517813763472));
#6933=CARTESIAN_POINT('Ctrl Pts',(-0.0274426514767329,-0.0425081066325413,
0.0916906536793896));
#6934=CARTESIAN_POINT('Ctrl Pts',(-0.0159779990019786,-0.0487497566204978,
0.0923701849329819));
#6935=CARTESIAN_POINT('Ctrl Pts',(-0.00956682420820577,-0.0507387453999268,
0.0927038145762126));
#6936=CARTESIAN_POINT('Ctrl Pts',(0.000316736808788182,-0.0517618496950871,
0.0931585308707475));
#6937=CARTESIAN_POINT('Ctrl Pts',(0.00363762236661347,-0.0517775768495784,
0.0933031681109652));
#6938=CARTESIAN_POINT('Ctrl Pts',(0.0134910245883422,-0.0509293215224821,
0.0937675762477839));
#6939=CARTESIAN_POINT('Ctrl Pts',(0.0199335021426492,-0.0491228757657287,
0.0940977368651865));
#6940=CARTESIAN_POINT('Ctrl Pts',(0.0321501500158818,-0.0430563884548426,
0.0947775821601811));
#6941=CARTESIAN_POINT('Ctrl Pts',(0.0377453140044945,-0.0387232218503814,
0.0951206274292643));
#6942=CARTESIAN_POINT('Ctrl Pts',(0.0476371613050722,-0.0273030602011388,
0.0958073589824744));
#6943=CARTESIAN_POINT('Ctrl Pts',(0.0508428247757313,-0.0207711177910987,
0.0961002407263361));
#6944=CARTESIAN_POINT('Ctrl Pts',(0.0540211388591844,-0.0113624797524759,
0.0965592486540128));
#6945=CARTESIAN_POINT('Ctrl Pts',(0.0548868129543422,-0.00745815011370939,
0.0967478191628754));
#6946=CARTESIAN_POINT('Ctrl Pts',(0.0557658778454198,0.00045724346476406,
0.0971261207565345));
#6947=CARTESIAN_POINT('Ctrl Pts',(0.0557791062645076,0.00444479885788751,
0.0973147410988493));
#6948=CARTESIAN_POINT('Ctrl Pts',(0.0553664158131984,0.00840000000000093,
0.0975));
#6949=CARTESIAN_POINT('Ctrl Pts',(-0.056,7.31996463746922E-18,0.0343749999999999));
#6950=CARTESIAN_POINT('Ctrl Pts',(-0.056,-0.0150051547761429,0.0354914549684629));
#6951=CARTESIAN_POINT('Ctrl Pts',(-0.0484974226119286,-0.028,0.0364583333333333));
#6952=CARTESIAN_POINT('Ctrl Pts',(-0.0323316150746191,-0.056,0.0385416666666666));
#6953=CARTESIAN_POINT('Ctrl Pts',(-6.85802207522518E-18,-0.056,0.0406249999999999));
#6954=CARTESIAN_POINT('Ctrl Pts',(0.032331615074619,-0.056,0.0427083333333333));
#6955=CARTESIAN_POINT('Ctrl Pts',(0.0484974226119286,-0.028,0.0447916666666666));
#6956=CARTESIAN_POINT('Ctrl Pts',(0.0646632301492381,-1.1878442673719E-17,
0.0468749999999999));
#6957=CARTESIAN_POINT('Ctrl Pts',(0.0484974226119286,0.028,0.0489583333333333));
#6958=CARTESIAN_POINT('Ctrl Pts',(0.0323316150746191,0.056,0.0510416666666666));
#6959=CARTESIAN_POINT('Ctrl Pts',(0.,0.056,0.0531249999999999));
#6960=CARTESIAN_POINT('Ctrl Pts',(-0.032331615074619,0.056,0.0552083333333333));
#6961=CARTESIAN_POINT('Ctrl Pts',(-0.0484974226119286,0.028,0.0572916666666666));
#6962=CARTESIAN_POINT('Ctrl Pts',(-0.056,0.0150051547761428,0.0582585450315369));
#6963=CARTESIAN_POINT('Ctrl Pts',(-0.056,-9.22315544321122E-17,0.0593749999999999));
#6964=CARTESIAN_POINT('Ctrl Pts',(-0.0528744070536945,-0.0184471428335184,
0.010747555270351));
#6965=CARTESIAN_POINT('Ctrl Pts',(-0.0501212437077291,-0.0233158616438949,
0.0117090696507138));
#6966=CARTESIAN_POINT('Ctrl Pts',(-0.0458958437260119,-0.0293202712014996,
0.0128238604004759));
#6967=CARTESIAN_POINT('Ctrl Pts',(-0.0345205951786682,-0.0381548772892379,
0.0154766235521772));
#6968=CARTESIAN_POINT('Ctrl Pts',(-0.0290432403937629,-0.040944520238575,
0.0166895832237265));
#6969=CARTESIAN_POINT('Ctrl Pts',(-0.0171754966679028,-0.0443687210119619,
0.0192635532188432));
#6970=CARTESIAN_POINT('Ctrl Pts',(-0.0108749519795943,-0.0449007167396454,
0.0206061276000527));
#6971=CARTESIAN_POINT('Ctrl Pts',(-0.00244080208337576,-0.0439485623388811,
0.02237149264853));
#6972=CARTESIAN_POINT('Ctrl Pts',(-0.000595066250509482,-0.043589336978271,
0.0227497093394876));
#6973=CARTESIAN_POINT('Ctrl Pts',(0.00564556761848719,-0.0421165789557046,
0.0240625353637936));
#6974=CARTESIAN_POINT('Ctrl Pts',(0.0102119160071889,-0.0400317632387707,
0.025197977351159));
#6975=CARTESIAN_POINT('Ctrl Pts',(0.0142211389982655,-0.0371318964321066,
0.0264283867290834));
#6976=CARTESIAN_POINT('Ctrl Pts',(0.,0.0573531646934132,0.000781249999999988));
#6977=CARTESIAN_POINT('Ctrl Pts',(-0.033112865074619,0.0573531646934132,
0.00286458333333332));
#6978=CARTESIAN_POINT('Ctrl Pts',(-0.0496692976119286,0.0286765823467066,
0.00494791666666666));
#6979=CARTESIAN_POINT('Ctrl Pts',(-0.0662257301492381,4.05515642242304E-18,
0.00703124999999999));
#6980=CARTESIAN_POINT('Ctrl Pts',(-0.0496692976119286,-0.0286765823467066,
0.00911458333333332));
#6981=CARTESIAN_POINT('Ctrl Pts',(-0.0331128650746191,-0.0573531646934132,
0.0111979166666667));
#6982=CARTESIAN_POINT('Ctrl Pts',(-7.02373695627594E-18,-0.0573531646934132,
0.01328125));
#6983=CARTESIAN_POINT('Ctrl Pts',(0.033112865074619,-0.0573531646934132,
0.0153645833333333));
#6984=CARTESIAN_POINT('Ctrl Pts',(0.0496692976119286,-0.0286765823467066,
0.0174479166666667));
#6985=CARTESIAN_POINT('Ctrl Pts',(0.0662257301492381,-1.21654692672691E-17,
0.01953125));
#6986=CARTESIAN_POINT('Ctrl Pts',(0.0496692976119286,0.0286765823467066,
0.0216145833333333));
#6987=CARTESIAN_POINT('Ctrl Pts',(0.0331128650746191,0.0573531646934132,
0.0236979166666667));
#6988=CARTESIAN_POINT('Ctrl Pts',(0.,0.0573531646934132,0.02578125));
#6989=CARTESIAN_POINT('Ctrl Pts',(-0.033112865074619,0.0573531646934132,
0.0278645833333333));
#6990=CARTESIAN_POINT('Ctrl Pts',(-0.0496692976119286,0.0286765823467066,
0.0299479166666667));
#6991=CARTESIAN_POINT('Ctrl Pts',(-0.0662257301492381,4.05515642242304E-18,
0.03203125));
#6992=CARTESIAN_POINT('Ctrl Pts',(-0.0496692976119286,-0.0286765823467066,
0.0341145833333333));
#6993=CARTESIAN_POINT('Ctrl Pts',(-0.0331128650746191,-0.0573531646934132,
0.0361979166666666));
#6994=CARTESIAN_POINT('Ctrl Pts',(-7.02373695627594E-18,-0.0573531646934132,
0.03828125));
#6995=CARTESIAN_POINT('Ctrl Pts',(0.033112865074619,-0.0573531646934132,
0.0403645833333333));
#6996=CARTESIAN_POINT('Ctrl Pts',(0.0496692976119286,-0.0286765823467066,
0.0424479166666667));
#6997=CARTESIAN_POINT('Ctrl Pts',(0.0662257301492381,-1.21654692672691E-17,
0.04453125));
#6998=CARTESIAN_POINT('Ctrl Pts',(0.0496692976119286,0.0286765823467066,
0.0466145833333333));
#6999=CARTESIAN_POINT('Ctrl Pts',(0.0331128650746191,0.0573531646934132,
0.0486979166666666));
#7000=CARTESIAN_POINT('Ctrl Pts',(0.,0.0573531646934132,0.05078125));
#7001=CARTESIAN_POINT('Ctrl Pts',(-0.033112865074619,0.0573531646934132,
0.0528645833333333));
#7002=CARTESIAN_POINT('Ctrl Pts',(-0.0496692976119286,0.0286765823467066,
0.0549479166666666));
#7003=CARTESIAN_POINT('Ctrl Pts',(-0.0662257301492381,4.05515642242304E-18,
0.05703125));
#7004=CARTESIAN_POINT('Ctrl Pts',(-0.0496692976119286,-0.0286765823467066,
0.0591145833333333));
#7005=CARTESIAN_POINT('Ctrl Pts',(-0.0331128650746191,-0.0573531646934132,
0.0611979166666666));
#7006=CARTESIAN_POINT('Ctrl Pts',(-7.02373695627594E-18,-0.0573531646934132,
0.06328125));
#7007=CARTESIAN_POINT('Ctrl Pts',(0.033112865074619,-0.0573531646934132,
0.0653645833333333));
#7008=CARTESIAN_POINT('Ctrl Pts',(0.0496692976119286,-0.0286765823467066,
0.0674479166666666));
#7009=CARTESIAN_POINT('Ctrl Pts',(0.0662257301492381,-1.21654692672691E-17,
0.06953125));
#7010=CARTESIAN_POINT('Ctrl Pts',(0.0496692976119286,0.0286765823467066,
0.0716145833333333));
#7011=CARTESIAN_POINT('Ctrl Pts',(0.0331128650746191,0.0573531646934132,
0.0736979166666667));
#7012=CARTESIAN_POINT('Ctrl Pts',(0.,0.0573531646934132,0.07578125));
#7013=CARTESIAN_POINT('Ctrl Pts',(-0.033112865074619,0.0573531646934132,
0.0778645833333333));
#7014=CARTESIAN_POINT('Ctrl Pts',(-0.0496692976119286,0.0286765823467066,
0.0799479166666667));
#7015=CARTESIAN_POINT('Ctrl Pts',(-0.0662257301492381,4.05515642242304E-18,
0.08203125));
#7016=CARTESIAN_POINT('Ctrl Pts',(-0.0496692976119286,-0.0286765823467066,
0.0841145833333333));
#7017=CARTESIAN_POINT('Ctrl Pts',(-0.0331128650746191,-0.0573531646934132,
0.0861979166666667));
#7018=CARTESIAN_POINT('Ctrl Pts',(-7.02373695627594E-18,-0.0573531646934132,
0.08828125));
#7019=CARTESIAN_POINT('Ctrl Pts',(0.033112865074619,-0.0573531646934132,
0.0903645833333334));
#7020=CARTESIAN_POINT('Ctrl Pts',(0.0496692976119286,-0.0286765823467066,
0.0924479166666667));
#7021=CARTESIAN_POINT('Ctrl Pts',(0.0662257301492381,-1.21654692672691E-17,
0.09453125));
#7022=CARTESIAN_POINT('Ctrl Pts',(0.0496692976119286,0.0286765823467066,
0.0966145833333333));
#7023=CARTESIAN_POINT('Ctrl Pts',(0.0331128650746191,0.0573531646934132,
0.0986979166666666));
#7024=CARTESIAN_POINT('Ctrl Pts',(0.,0.0573531646934132,0.10078125));
#7025=CARTESIAN_POINT('Ctrl Pts',(-0.033112865074619,0.0573531646934132,
0.102864583333333));
#7026=CARTESIAN_POINT('Ctrl Pts',(-0.0496692976119286,0.0286765823467066,
0.104947916666667));
#7027=CARTESIAN_POINT('Ctrl Pts',(-0.0662257301492381,4.05515642242304E-18,
0.10703125));
#7028=CARTESIAN_POINT('Ctrl Pts',(-0.0496692976119286,-0.0286765823467066,
0.109114583333333));
#7029=CARTESIAN_POINT('Ctrl Pts',(-0.0331128650746191,-0.0573531646934132,
0.111197916666667));
#7030=CARTESIAN_POINT('Ctrl Pts',(-7.02373695627594E-18,-0.0573531646934132,
0.11328125));
#7031=CARTESIAN_POINT('Ctrl Pts',(0.033112865074619,-0.0573531646934132,
0.115364583333333));
#7032=CARTESIAN_POINT('Ctrl Pts',(0.0496692976119286,-0.0286765823467066,
0.117447916666667));
#7033=CARTESIAN_POINT('Ctrl Pts',(0.0662257301492381,-1.21654692672691E-17,
0.11953125));
#7034=CARTESIAN_POINT('Ctrl Pts',(0.0496692976119286,0.0286765823467066,
0.121614583333333));
#7035=CARTESIAN_POINT('Ctrl Pts',(0.0331128650746191,0.0573531646934132,
0.123697916666667));
#7036=CARTESIAN_POINT('Ctrl Pts',(0.,0.0573531646934132,0.12578125));
#7037=CARTESIAN_POINT('Ctrl Pts',(0.,0.0397620236790417,-0.00937500000000003));
#7038=CARTESIAN_POINT('Ctrl Pts',(-0.022956615074619,0.0397620236790417,
-0.0072916666666667));
#7039=CARTESIAN_POINT('Ctrl Pts',(-0.0344349226119285,0.0198810118395209,
-0.00520833333333337));
#7040=CARTESIAN_POINT('Ctrl Pts',(-0.045913230149238,2.81137451703901E-18,
-0.00312500000000004));
#7041=CARTESIAN_POINT('Ctrl Pts',(-0.0344349226119285,-0.0198810118395209,
-0.0010416666666667));
#7042=CARTESIAN_POINT('Ctrl Pts',(-0.022956615074619,-0.0397620236790417,
0.00104166666666663));
#7043=CARTESIAN_POINT('Ctrl Pts',(-4.86944350261597E-18,-0.0397620236790417,
0.00312499999999997));
#7044=CARTESIAN_POINT('Ctrl Pts',(0.022956615074619,-0.0397620236790417,
0.0052083333333333));
#7045=CARTESIAN_POINT('Ctrl Pts',(0.0344349226119285,-0.0198810118395209,
0.00729166666666663));
#7046=CARTESIAN_POINT('Ctrl Pts',(0.045913230149238,-8.43412355111702E-18,
0.00937499999999996));
#7047=CARTESIAN_POINT('Ctrl Pts',(0.0344349226119285,0.0198810118395208,
0.0114583333333333));
#7048=CARTESIAN_POINT('Ctrl Pts',(0.022956615074619,0.0397620236790417,
0.0135416666666666));
#7049=CARTESIAN_POINT('Ctrl Pts',(0.,0.0397620236790417,0.015625));
#7050=CARTESIAN_POINT('Ctrl Pts',(-0.022956615074619,0.0397620236790417,
0.0177083333333333));
#7051=CARTESIAN_POINT('Ctrl Pts',(-0.0344349226119285,0.0198810118395209,
0.0197916666666666));
#7052=CARTESIAN_POINT('Ctrl Pts',(-0.045913230149238,2.81137451703901E-18,
0.021875));
#7053=CARTESIAN_POINT('Ctrl Pts',(-0.0344349226119285,-0.0198810118395209,
0.0239583333333333));
#7054=CARTESIAN_POINT('Ctrl Pts',(-0.022956615074619,-0.0397620236790417,
0.0260416666666666));
#7055=CARTESIAN_POINT('Ctrl Pts',(-4.86944350261597E-18,-0.0397620236790417,
0.028125));
#7056=CARTESIAN_POINT('Ctrl Pts',(0.022956615074619,-0.0397620236790417,
0.0302083333333333));
#7057=CARTESIAN_POINT('Ctrl Pts',(0.0344349226119285,-0.0198810118395209,
0.0322916666666666));
#7058=CARTESIAN_POINT('Ctrl Pts',(0.045913230149238,-8.43412355111702E-18,
0.034375));
#7059=CARTESIAN_POINT('Ctrl Pts',(0.0344349226119285,0.0198810118395208,
0.0364583333333333));
#7060=CARTESIAN_POINT('Ctrl Pts',(0.022956615074619,0.0397620236790417,
0.0385416666666666));
#7061=CARTESIAN_POINT('Ctrl Pts',(0.,0.0397620236790417,0.040625));
#7062=CARTESIAN_POINT('Ctrl Pts',(-0.022956615074619,0.0397620236790417,
0.0427083333333333));
#7063=CARTESIAN_POINT('Ctrl Pts',(-0.0344349226119285,0.0198810118395209,
0.0447916666666666));
#7064=CARTESIAN_POINT('Ctrl Pts',(-0.045913230149238,2.81137451703901E-18,
0.046875));
#7065=CARTESIAN_POINT('Ctrl Pts',(-0.0344349226119285,-0.0198810118395209,
0.0489583333333333));
#7066=CARTESIAN_POINT('Ctrl Pts',(-0.022956615074619,-0.0397620236790417,
0.0510416666666666));
#7067=CARTESIAN_POINT('Ctrl Pts',(-4.86944350261597E-18,-0.0397620236790417,
0.053125));
#7068=CARTESIAN_POINT('Ctrl Pts',(0.022956615074619,-0.0397620236790417,
0.0552083333333333));
#7069=CARTESIAN_POINT('Ctrl Pts',(0.0344349226119285,-0.0198810118395209,
0.0572916666666666));
#7070=CARTESIAN_POINT('Ctrl Pts',(0.045913230149238,-8.43412355111702E-18,
0.059375));
#7071=CARTESIAN_POINT('Ctrl Pts',(0.0344349226119285,0.0198810118395208,
0.0614583333333333));
#7072=CARTESIAN_POINT('Ctrl Pts',(0.022956615074619,0.0397620236790417,
0.0635416666666666));
#7073=CARTESIAN_POINT('Ctrl Pts',(0.,0.0397620236790417,0.065625));
#7074=CARTESIAN_POINT('Ctrl Pts',(-0.022956615074619,0.0397620236790417,
0.0677083333333333));
#7075=CARTESIAN_POINT('Ctrl Pts',(-0.0344349226119285,0.0198810118395209,
0.0697916666666666));
#7076=CARTESIAN_POINT('Ctrl Pts',(-0.045913230149238,2.81137451703901E-18,
0.071875));
#7077=CARTESIAN_POINT('Ctrl Pts',(-0.0344349226119285,-0.0198810118395209,
0.0739583333333333));
#7078=CARTESIAN_POINT('Ctrl Pts',(-0.022956615074619,-0.0397620236790417,
0.0760416666666666));
#7079=CARTESIAN_POINT('Ctrl Pts',(-4.86944350261597E-18,-0.0397620236790417,
0.078125));
#7080=CARTESIAN_POINT('Ctrl Pts',(0.022956615074619,-0.0397620236790417,
0.0802083333333333));
#7081=CARTESIAN_POINT('Ctrl Pts',(0.0344349226119285,-0.0198810118395209,
0.0822916666666666));
#7082=CARTESIAN_POINT('Ctrl Pts',(0.045913230149238,-8.43412355111702E-18,
0.084375));
#7083=CARTESIAN_POINT('Ctrl Pts',(0.0344349226119285,0.0198810118395208,
0.0864583333333333));
#7084=CARTESIAN_POINT('Ctrl Pts',(0.022956615074619,0.0397620236790417,
0.0885416666666666));
#7085=CARTESIAN_POINT('Ctrl Pts',(0.,0.0397620236790417,0.090625));
#7086=CARTESIAN_POINT('Ctrl Pts',(-0.022956615074619,0.0397620236790417,
0.0927083333333333));
#7087=CARTESIAN_POINT('Ctrl Pts',(-0.0344349226119285,0.0198810118395209,
0.0947916666666666));
#7088=CARTESIAN_POINT('Ctrl Pts',(-0.045913230149238,2.81137451703901E-18,
0.096875));
#7089=CARTESIAN_POINT('Ctrl Pts',(-0.0344349226119285,-0.0198810118395209,
0.0989583333333333));
#7090=CARTESIAN_POINT('Ctrl Pts',(-0.022956615074619,-0.0397620236790417,
0.101041666666667));
#7091=CARTESIAN_POINT('Ctrl Pts',(-4.86944350261597E-18,-0.0397620236790417,
0.103125));
#7092=CARTESIAN_POINT('Ctrl Pts',(0.022956615074619,-0.0397620236790417,
0.105208333333333));
#7093=CARTESIAN_POINT('Ctrl Pts',(0.0344349226119285,-0.0198810118395209,
0.107291666666667));
#7094=CARTESIAN_POINT('Ctrl Pts',(0.045913230149238,-8.43412355111702E-18,
0.109375));
#7095=CARTESIAN_POINT('Ctrl Pts',(0.0344349226119285,0.0198810118395208,
0.111458333333333));
#7096=CARTESIAN_POINT('Ctrl Pts',(0.022956615074619,0.0397620236790417,
0.113541666666667));
#7097=CARTESIAN_POINT('Ctrl Pts',(0.,0.0397620236790417,0.115625));
#7098=CARTESIAN_POINT('Ctrl Pts',(0.0327093905001705,0.0454543262309273,
0.0975000000000019));
#7099=CARTESIAN_POINT('Ctrl Pts',(0.0354219833794578,0.0426771151829481,
0.0968301964780306));
#7100=CARTESIAN_POINT('Ctrl Pts',(0.0378385343999849,0.0396267810711972,
0.0961571360522279));
#7101=CARTESIAN_POINT('Ctrl Pts',(0.0427934676400736,0.0318341081918226,
0.0945744029596269));
#7102=CARTESIAN_POINT('Ctrl Pts',(0.0443913162088989,0.0279180770345335,
0.0938844715975048));
#7103=CARTESIAN_POINT('Ctrl Pts',(0.0474075622358879,0.0196962310821594,
0.092458497056585));
#7104=CARTESIAN_POINT('Ctrl Pts',(0.0483632418775037,0.0134239458376451,
0.0913145409992067));
#7105=CARTESIAN_POINT('Ctrl Pts',(0.0477549257455286,0.00126503629604502,
0.0889189311767601));
#7106=CARTESIAN_POINT('Ctrl Pts',(0.0463356425081026,-0.00451543315945455,
0.0876967317347908));
#7107=CARTESIAN_POINT('Ctrl Pts',(0.0421028880321149,-0.0136952726002836,
0.0855822432387946));
#7108=CARTESIAN_POINT('Ctrl Pts',(0.0398224901962067,-0.0172614508479649,
0.0847051623696357));
#7109=CARTESIAN_POINT('Ctrl Pts',(0.0355154121310899,-0.0223191005688134,
0.0833790093981714));
#7110=CARTESIAN_POINT('Ctrl Pts',(0.0325601455049902,-0.0254962155278236,
0.0825206162166248));
#7111=CARTESIAN_POINT('Ctrl Pts',(0.0279429016549502,-0.0282880323485828,
0.0812620236790419));
#7112=CARTESIAN_POINT('Ctrl Pts',(-4.86944350261597E-18,-0.0397620236790417,
0.053125));
#7113=CARTESIAN_POINT('Ctrl Pts',(0.022956615074619,-0.0397620236790417,
0.0552083333333333));
#7114=CARTESIAN_POINT('Ctrl Pts',(0.0344349226119285,-0.0198810118395209,
0.0572916666666666));
#7115=CARTESIAN_POINT('Ctrl Pts',(0.045913230149238,-8.43412355111702E-18,
0.059375));
#7116=CARTESIAN_POINT('Ctrl Pts',(0.0344349226119285,0.0198810118395208,
0.0614583333333333));
#7117=CARTESIAN_POINT('Ctrl Pts',(0.022956615074619,0.0397620236790417,
0.0635416666666666));
#7118=CARTESIAN_POINT('Ctrl Pts',(0.,0.0397620236790417,0.065625));
#7119=CARTESIAN_POINT('Ctrl Pts',(-0.022956615074619,0.0397620236790417,
0.0677083333333333));
#7120=CARTESIAN_POINT('Ctrl Pts',(-0.0344349226119285,0.0198810118395209,
0.0697916666666666));
#7121=CARTESIAN_POINT('Ctrl Pts',(-0.045913230149238,2.81137451703901E-18,
0.071875));
#7122=CARTESIAN_POINT('Ctrl Pts',(-0.0344349226119285,-0.0198810118395209,
0.0739583333333333));
#7123=CARTESIAN_POINT('Ctrl Pts',(-0.022956615074619,-0.0397620236790417,
0.0760416666666666));
#7124=CARTESIAN_POINT('Ctrl Pts',(-4.86944350261597E-18,-0.0397620236790417,
0.078125));
#7125=CARTESIAN_POINT('',(0.0508138415955844,1.07755302790315E-9,0.0157557702258664));
#7126=CARTESIAN_POINT('Ctrl Pts',(-0.0165991948402627,-0.0361314995219911,
0.0264283867290838));
#7127=CARTESIAN_POINT('Ctrl Pts',(-0.0209001643438642,-0.034497182385401,
0.026128632809431));
#7128=CARTESIAN_POINT('Ctrl Pts',(-0.0248864402710562,-0.0321315465220303,
0.0258299836544773));
#7129=CARTESIAN_POINT('Ctrl Pts',(-0.0329583149194294,-0.0252216438963812,
0.0251711349086));
#7130=CARTESIAN_POINT('Ctrl Pts',(-0.0358799124979183,-0.0209407864294764,
0.0248980778332424));
#7131=CARTESIAN_POINT('Ctrl Pts',(-0.0404493645986165,-0.0123696370671451,
0.0243456310957704));
#7132=CARTESIAN_POINT('Ctrl Pts',(-0.0420915178257131,-0.00689130508454254,
0.024000858868587));
#7133=CARTESIAN_POINT('Ctrl Pts',(-0.0431049736257507,0.00402092299405446,
0.023332177616461));
#7134=CARTESIAN_POINT('Ctrl Pts',(-0.0426077399078901,0.00933999052113625,
0.0230140740400736));
#7135=CARTESIAN_POINT('Ctrl Pts',(-0.040149546581619,0.017921897088384,
0.0225111889132797));
#7136=CARTESIAN_POINT('Ctrl Pts',(-0.038902523925359,0.0205943745241795,
0.0223579717070886));
#7137=CARTESIAN_POINT('Ctrl Pts',(-0.0352824962274384,0.0276072702067965,
0.0219527772123023));
#7138=CARTESIAN_POINT('Ctrl Pts',(-0.0314972265670334,0.0323422326126148,
0.0216155656127985));
#7139=CARTESIAN_POINT('Ctrl Pts',(-0.0225260858554363,0.0398746867138922,
0.0209439950209463));
#7140=CARTESIAN_POINT('Ctrl Pts',(-0.0174971564872969,0.0426877796135541,
0.0206162355338623));
#7141=CARTESIAN_POINT('Ctrl Pts',(-0.0047855632550739,0.0469232208891581,
0.0198847584479341));
#7142=CARTESIAN_POINT('Ctrl Pts',(0.00162561009980144,0.0470183837171525,
0.0195927006632584));
#7143=CARTESIAN_POINT('Ctrl Pts',(0.00906189382651146,0.0464576451541396,
0.0192120097656922));
#7144=CARTESIAN_POINT('Ctrl Pts',(0.0120787268521514,0.0459381458355239,
0.0190509532274711));
#7145=CARTESIAN_POINT('Ctrl Pts',(0.0209504288700718,0.0435228110774352,
0.0185579772704082));
#7146=CARTESIAN_POINT('Ctrl Pts',(0.0265110557202009,0.0407888276385471,
0.0182225809431706));
#7147=CARTESIAN_POINT('Ctrl Pts',(0.0338612318768666,0.0352232006491878,
0.0177364870757736));
#7148=CARTESIAN_POINT('Ctrl Pts',(0.0361316558407189,0.0331328218909453,
0.0175781533206041));
#7149=CARTESIAN_POINT('Ctrl Pts',(0.0403711768973922,0.0284016322151059,
0.0172636489645021));
#7150=CARTESIAN_POINT('Ctrl Pts',(0.0422758092129568,0.0257750896726658,
0.0171157033929886));
#7151=CARTESIAN_POINT('Ctrl Pts',(0.0470911154654455,0.0175508749723571,
0.0166718097391861));
#7152=CARTESIAN_POINT('Ctrl Pts',(0.049227028740704,0.0116138975689583,
0.0163570418570584));
#7153=CARTESIAN_POINT('Ctrl Pts',(0.0505225290398162,0.00363425505385308,
0.015942805699304));
#7154=CARTESIAN_POINT('Ctrl Pts',(0.0507171964757868,0.00181865556362429,
0.0158490992957499));
#7155=CARTESIAN_POINT('Ctrl Pts',(0.0508138416525359,1.08340123460704E-9,
0.015755770170869));
#7156=CARTESIAN_POINT('Ctrl Pts',(0.0508138416525359,1.08340123016779E-9,
0.015755770170869));
#7157=CARTESIAN_POINT('Ctrl Pts',(0.0510720700636434,-0.00485930253193019,
0.0155064019929766));
#7158=CARTESIAN_POINT('Ctrl Pts',(0.0506304287801702,-0.00974042303489494,
0.0152597849508839));
#7159=CARTESIAN_POINT('Ctrl Pts',(0.047456751573352,-0.0230173680863152,
0.0145982016612729));
#7160=CARTESIAN_POINT('Ctrl Pts',(0.0436604732798807,-0.0292066609218424,
0.0143039239320304));
#7161=CARTESIAN_POINT('Ctrl Pts',(0.0369048588271167,-0.0384445902573438,
0.013774551734961));
#7162=CARTESIAN_POINT('Ctrl Pts',(0.0319418374889616,-0.0430781225111042,
0.0134461487442366));
#7163=CARTESIAN_POINT('Ctrl Pts',(0.0202636949973094,-0.0504445612294112,
0.012774617205907));
#7164=CARTESIAN_POINT('Ctrl Pts',(0.0135866010510454,-0.0529943129973756,
0.0124381971701758));
#7165=CARTESIAN_POINT('Ctrl Pts',(0.000457515416054469,-0.0552054716018222,
0.011853383779595));
#7166=CARTESIAN_POINT('Ctrl Pts',(-0.00502390680356849,-0.0550298720828397,
0.0116364100057188));
#7167=CARTESIAN_POINT('Ctrl Pts',(-0.0144673182199,-0.053835856018362,0.011215402873175));
#7168=CARTESIAN_POINT('Ctrl Pts',(-0.0193852187318118,-0.0525227787157701,
0.01098249857464));
#7169=CARTESIAN_POINT('Ctrl Pts',(-0.02406023115797,-0.0505678284744863,
0.0107475552703509));
#7170=CARTESIAN_POINT('Ctrl Pts',(-0.056,8.78395756496306E-18,0.03125));
#7171=CARTESIAN_POINT('Ctrl Pts',(-0.056,-0.0150051547761429,0.032366454968463));
#7172=CARTESIAN_POINT('Ctrl Pts',(-0.0484974226119286,-0.028,0.0333333333333333));
#7173=CARTESIAN_POINT('Ctrl Pts',(-0.0323316150746191,-0.056,0.0354166666666667));
#7174=CARTESIAN_POINT('Ctrl Pts',(-6.85802207522518E-18,-0.056,0.0375));
#7175=CARTESIAN_POINT('Ctrl Pts',(0.032331615074619,-0.056,0.0395833333333333));
#7176=CARTESIAN_POINT('Ctrl Pts',(0.0484974226119286,-0.028,0.0416666666666667));
#7177=CARTESIAN_POINT('Ctrl Pts',(0.0646632301492381,-1.1878442673719E-17,
0.04375));
#7178=CARTESIAN_POINT('Ctrl Pts',(0.0484974226119286,0.028,0.0458333333333333));
#7179=CARTESIAN_POINT('Ctrl Pts',(0.0323316150746191,0.056,0.0479166666666667));
#7180=CARTESIAN_POINT('Ctrl Pts',(0.,0.056,0.05));
#7181=CARTESIAN_POINT('Ctrl Pts',(-0.0323316150746191,0.056,0.0520833333333333));
#7182=CARTESIAN_POINT('Ctrl Pts',(-0.0484974226119286,0.028,0.0541666666666667));
#7183=CARTESIAN_POINT('Ctrl Pts',(-0.056,0.0150051547761429,0.055133545031537));
#7184=CARTESIAN_POINT('Ctrl Pts',(-0.056,8.78395756496306E-18,0.05625));
#7185=CARTESIAN_POINT('Origin',(-1.36592399683213E-18,-5.46369598732853E-18,
-0.0109375));
#7186=CARTESIAN_POINT('Origin',(0.,0.125,0.1));
#7187=CARTESIAN_POINT('',(0.123457138918801,-1.51191390008799E-17,0.1));
#7188=CARTESIAN_POINT('Origin',(0.,0.,0.1));
#7189=CARTESIAN_POINT('',(-0.0585,0.,0.1));
#7190=CARTESIAN_POINT('Origin',(0.,0.,0.1));
#7191=CARTESIAN_POINT('Origin',(0.,0.0792846096908264,0.022));
#7192=CARTESIAN_POINT('',(-0.1040625,-1.27439807536271E-17,0.022));
#7193=CARTESIAN_POINT('Origin',(0.,0.,0.022));
#7194=CARTESIAN_POINT('',(0.0792846096908264,0.,0.022));
#7195=CARTESIAN_POINT('Origin',(0.,0.,0.022));
#7196=CARTESIAN_POINT('Origin',(0.,-3.41480999208033E-17,0.));
#7197=CARTESIAN_POINT('',(-0.0825,-1.01033360929657E-17,0.));
#7198=CARTESIAN_POINT('Origin',(0.,0.,0.));
#7199=CARTESIAN_POINT('',(0.0671294192815881,0.,0.));
#7200=CARTESIAN_POINT('Origin',(0.,0.,0.));
#7201=CARTESIAN_POINT('Origin',(0.,0.,0.1));
#7202=CARTESIAN_POINT('',(-0.0825,0.,0.00769608129222055));
#7203=CARTESIAN_POINT('',(0.0825,-1.01033360929657E-17,0.00769608129222055));
#7204=CARTESIAN_POINT('Origin',(0.,0.,0.00769608129222055));
#7205=CARTESIAN_POINT('Origin',(0.,0.,0.00769608129222055));
#7206=CARTESIAN_POINT('',(-0.0825,-1.01033360929657E-17,0.1));
#7207=CARTESIAN_POINT('Origin',(0.,0.,0.01));
#7208=CARTESIAN_POINT('',(0.0819037019600586,0.,0.0122254145815148));
#7209=CARTESIAN_POINT('Origin',(0.,0.,0.0122254145815148));
#7210=CARTESIAN_POINT('',(0.0825,-1.01033360929657E-17,0.01));
#7211=CARTESIAN_POINT('Origin',(0.,0.,0.022));
#7212=CARTESIAN_POINT('',(-0.110568760285015,-0.0177414759437265,0.0248828561923605));
#7213=CARTESIAN_POINT('',(-0.111393053002526,-0.0114803511446064,0.0248828561923605));
#7214=CARTESIAN_POINT('Ctrl Pts',(-0.110568760285015,-0.0177414759437265,
0.0248828561923605));
#7215=CARTESIAN_POINT('Ctrl Pts',(-0.110912228329441,-0.017427400664138,
0.0249881786891506));
#7216=CARTESIAN_POINT('Ctrl Pts',(-0.111222975924892,-0.0170508294975418,
0.025078798357724));
#7217=CARTESIAN_POINT('Ctrl Pts',(-0.111816081743385,-0.0160563263706722,
0.0252389140566914));
#7218=CARTESIAN_POINT('Ctrl Pts',(-0.11203822500295,-0.0153988539031183,
0.0252856234439722));
#7219=CARTESIAN_POINT('Ctrl Pts',(-0.112206131724813,-0.0141234757299715,
0.0252856234439722));
#7220=CARTESIAN_POINT('Ctrl Pts',(-0.112161724209497,-0.0134309111871707,
0.0252389140566914));
#7221=CARTESIAN_POINT('Ctrl Pts',(-0.11184622433134,-0.0123167878510151,
0.025078798357724));
#7222=CARTESIAN_POINT('Ctrl Pts',(-0.111643528993188,-0.0118726206398412,
0.0249881786891506));
#7223=CARTESIAN_POINT('Ctrl Pts',(-0.111393053002526,-0.0114803511446064,
0.0248828561923605));
#7224=CARTESIAN_POINT('',(-0.105748488098537,-0.00264041954135793,0.0226256455785245));
#7225=CARTESIAN_POINT('Ctrl Pts',(-0.10574848809854,-0.00264041954136268,
0.0226256455785257));
#7226=CARTESIAN_POINT('Ctrl Pts',(-0.108490395816301,-0.00693451077774838,
0.0236623196396515));
#7227=CARTESIAN_POINT('Ctrl Pts',(-0.11139305300255,-0.0114803511446434,
0.0248828561923705));
#7228=CARTESIAN_POINT('',(-0.104977389088297,-3.88824624488172E-18,0.0223329923957951));
#7229=CARTESIAN_POINT('Ctrl Pts',(-0.104977389088297,5.07952986321949E-18,
0.0223329923957951));
#7230=CARTESIAN_POINT('Ctrl Pts',(-0.104977389088297,-0.000595684435298232,
0.0223329923957951));
#7231=CARTESIAN_POINT('Ctrl Pts',(-0.105092875070081,-0.00122932493509176,
0.0223770800761027));
#7232=CARTESIAN_POINT('Ctrl Pts',(-0.105439785812042,-0.00210292166963787,
0.0225087702426032));
#7233=CARTESIAN_POINT('Ctrl Pts',(-0.105583510291364,-0.00238204842573332,
0.0225632699514204));
#7234=CARTESIAN_POINT('Ctrl Pts',(-0.105748488098537,-0.00264041954135788,
0.0226256455785245));
#7235=CARTESIAN_POINT('',(-0.1040625,-1.27439807536271E-17,0.022));
#7236=CARTESIAN_POINT('',(-0.105748488098537,0.00264041954135885,0.0226256455785247));
#7237=CARTESIAN_POINT('Ctrl Pts',(-0.105748488098537,0.00264041954135884,
0.0226256455785247));
#7238=CARTESIAN_POINT('Ctrl Pts',(-0.105583510291365,0.00238204842573401,
0.0225632699514205));
#7239=CARTESIAN_POINT('Ctrl Pts',(-0.105439785812042,0.00210292166963823,
0.0225087702426032));
#7240=CARTESIAN_POINT('Ctrl Pts',(-0.105092875070081,0.00122932493509177,
0.0223770800761027));
#7241=CARTESIAN_POINT('Ctrl Pts',(-0.104977389088297,0.000595684435298242,
0.0223329923957951));
#7242=CARTESIAN_POINT('Ctrl Pts',(-0.104977389088297,5.07952986321946E-18,
0.0223329923957951));
#7243=CARTESIAN_POINT('',(-0.111393053002526,0.0114803511446064,0.0248828561923605));
#7244=CARTESIAN_POINT('Ctrl Pts',(-0.11139305300255,0.0114803511446435,
0.0248828561923705));
#7245=CARTESIAN_POINT('Ctrl Pts',(-0.108490395816302,0.00693451077774887,
0.0236623196396517));
#7246=CARTESIAN_POINT('Ctrl Pts',(-0.10574848809854,0.00264041954136355,
0.0226256455785259));
#7247=CARTESIAN_POINT('',(-0.110568760285015,0.0177414759437256,0.0248828561923603));
#7248=CARTESIAN_POINT('Ctrl Pts',(-0.111393053002526,0.0114803511446064,
0.0248828561923605));
#7249=CARTESIAN_POINT('Ctrl Pts',(-0.111643528993188,0.011872620639841,
0.0249881786891505));
#7250=CARTESIAN_POINT('Ctrl Pts',(-0.11184622433134,0.0123167878510146,
0.0250787983577238));
#7251=CARTESIAN_POINT('Ctrl Pts',(-0.112161724209497,0.0134309111871699,
0.0252389140566912));
#7252=CARTESIAN_POINT('Ctrl Pts',(-0.112206131724813,0.0141234757299706,
0.025285623443972));
#7253=CARTESIAN_POINT('Ctrl Pts',(-0.112038225002949,0.0153988539031174,
0.025285623443972));
#7254=CARTESIAN_POINT('Ctrl Pts',(-0.111816081743385,0.0160563263706713,
0.0252389140566912));
#7255=CARTESIAN_POINT('Ctrl Pts',(-0.111222975924892,0.0170508294975409,
0.0250787983577237));
#7256=CARTESIAN_POINT('Ctrl Pts',(-0.11091222832944,0.0174274006641371,
0.0249881786891504));
#7257=CARTESIAN_POINT('Ctrl Pts',(-0.110568760285015,0.0177414759437256,
0.0248828561923603));
#7258=CARTESIAN_POINT('',(-0.102828586609763,0.0248192732834624,0.0226256455785243));
#7259=CARTESIAN_POINT('Ctrl Pts',(-0.102828586609767,0.0248192732834587,
0.0226256455785255));
#7260=CARTESIAN_POINT('Ctrl Pts',(-0.106588458681038,0.0213811575950624,
0.0236623196396514));
#7261=CARTESIAN_POINT('Ctrl Pts',(-0.110568760285047,0.0177414759436959,
0.0248828561923702));
#7262=CARTESIAN_POINT('',(-0.101461804881035,0.0299201721379349,0.0226256455785247));
#7263=CARTESIAN_POINT('Ctrl Pts',(-0.101461804881035,0.0299201721379349,
0.0226256455785248));
#7264=CARTESIAN_POINT('Ctrl Pts',(-0.101369319921751,0.0296279054060702,
0.0225632699514205));
#7265=CARTESIAN_POINT('Ctrl Pts',(-0.101302736055778,0.0293210910310528,
0.0225087702426032));
#7266=CARTESIAN_POINT('Ctrl Pts',(-0.101193749483341,0.0283874742764226,
0.0223770800761027));
#7267=CARTESIAN_POINT('Ctrl Pts',(-0.101246196820056,0.0277455345815612,
0.0223329923957951));
#7268=CARTESIAN_POINT('Ctrl Pts',(-0.101554545773509,0.0265947606208152,
0.0223329923957951));
#7269=CARTESIAN_POINT('Ctrl Pts',(-0.101830094894983,0.02601260086901,0.0223770800761027));
#7270=CARTESIAN_POINT('Ctrl Pts',(-0.1023912884127,0.0252585583283204,0.0225087702426031));
#7271=CARTESIAN_POINT('Ctrl Pts',(-0.102602358919622,0.0250261412182958,
0.0225632699514203));
#7272=CARTESIAN_POINT('Ctrl Pts',(-0.102828586609763,0.0248192732834625,
0.0226256455785244));
#7273=CARTESIAN_POINT('',(-0.104626093243638,0.0399198112746102,0.0248828561923605));
#7274=CARTESIAN_POINT('Ctrl Pts',(-0.104626093243652,0.0399198112746522,
0.0248828561923705));
#7275=CARTESIAN_POINT('Ctrl Pts',(-0.102998891765539,0.0347776037008766,
0.0236623196396517));
#7276=CARTESIAN_POINT('Ctrl Pts',(-0.101461804881037,0.0299201721379403,
0.0226256455785259));
#7277=CARTESIAN_POINT('',(-0.102209389277597,0.0457542507656677,0.0248828561923604));
#7278=CARTESIAN_POINT('Ctrl Pts',(-0.104626093243638,0.0399198112746102,
0.0248828561923605));
#7279=CARTESIAN_POINT('Ctrl Pts',(-0.104766507655705,0.040363542467647,
0.0249881786891506));
#7280=CARTESIAN_POINT('Ctrl Pts',(-0.104847337384232,0.0408450364619778,
0.0250787983577239));
#7281=CARTESIAN_POINT('Ctrl Pts',(-0.104863730526745,0.0420028543432361,
0.0252389140566913));
#7282=CARTESIAN_POINT('Ctrl Pts',(-0.10472737599903,0.0426833138322089,
0.0252856234439721));
#7283=CARTESIAN_POINT('Ctrl Pts',(-0.104235098399057,0.0438717770905179,
0.0252856234439721));
#7284=CARTESIAN_POINT('Ctrl Pts',(-0.103850358091274,0.0444493518206857,
0.0252389140566913));
#7285=CARTESIAN_POINT('Ctrl Pts',(-0.103020065513821,0.0452564609936672,
0.0250787983577239));
#7286=CARTESIAN_POINT('Ctrl Pts',(-0.102622442596166,0.0455397734129956,
0.0249881786891505));
#7287=CARTESIAN_POINT('Ctrl Pts',(-0.102209389277597,0.0457542507656677,
0.0248828561923604));
#7288=CARTESIAN_POINT('',(-0.0929010868758086,0.0505875736498029,0.0226256455785245));
#7289=CARTESIAN_POINT('Ctrl Pts',(-0.0929010868758137,0.0505875736498003,
0.0226256455785257));
#7290=CARTESIAN_POINT('Ctrl Pts',(-0.0974226942324203,0.048239735411803,
0.0236623196396515));
#7291=CARTESIAN_POINT('Ctrl Pts',(-0.102209389277636,0.0457542507656473,
0.0248828561923704));
#7292=CARTESIAN_POINT('',(-0.0902606673344506,0.0551609144487338,0.0226256455785247));
#7293=CARTESIAN_POINT('Ctrl Pts',(-0.0902606673344506,0.0551609144487338,
0.0226256455785247));
#7294=CARTESIAN_POINT('Ctrl Pts',(-0.0902469779201908,0.0548546695954122,
0.0225632699514205));
#7295=CARTESIAN_POINT('Ctrl Pts',(-0.0902620722479995,0.0545410764940959,
0.0225087702426032));
#7296=CARTESIAN_POINT('Ctrl Pts',(-0.0903984370998891,0.0536110641583352,
0.0223770800761027));
#7297=CARTESIAN_POINT('Ctrl Pts',(-0.0906152435557797,0.0530045723977553,
0.0223329923957951));
#7298=CARTESIAN_POINT('Ctrl Pts',(-0.091210927991078,0.0519728166905407,
0.0223329923957951));
#7299=CARTESIAN_POINT('Ctrl Pts',(-0.0916277620349809,0.051481810911745,
0.0223770800761027));
#7300=CARTESIAN_POINT('Ctrl Pts',(-0.0923649939176375,0.0508987093179451,
0.0225087702426032));
#7301=CARTESIAN_POINT('Ctrl Pts',(-0.0926290263459243,0.0507288406959517,
0.0225632699514204));
#7302=CARTESIAN_POINT('Ctrl Pts',(-0.0929010868758086,0.0505875736498029,
0.0226256455785246));
#7303=CARTESIAN_POINT('',(-0.090729038132991,0.0656388022368573,0.0248828561923605));
#7304=CARTESIAN_POINT('Ctrl Pts',(-0.090729038132993,0.0656388022369013,
0.0248828561923705));
#7305=CARTESIAN_POINT('Ctrl Pts',(-0.090488183454672,0.0602506604044977,
0.0236623196396517));
#7306=CARTESIAN_POINT('Ctrl Pts',(-0.0902606673344508,0.0551609144487393,
0.0226256455785259));
#7307=CARTESIAN_POINT('',(-0.0868846172999124,0.0706489490104043,0.0248828561923604));
#7308=CARTESIAN_POINT('Ctrl Pts',(-0.090729038132991,0.0656388022368573,
0.0248828561923605));
#7309=CARTESIAN_POINT('Ctrl Pts',(-0.0907498219563249,0.0661037555801912,
0.0249881786891505));
#7310=CARTESIAN_POINT('Ctrl Pts',(-0.0907032776628067,0.0665897633376719,
0.0250787983577239));
#7311=CARTESIAN_POINT('Ctrl Pts',(-0.0904194469041036,0.06771237238881,
0.0252389140566913));
#7312=CARTESIAN_POINT('Ctrl Pts',(-0.0901116226690858,0.0683343546342938,
0.0252856234439721));
#7313=CARTESIAN_POINT('Ctrl Pts',(-0.0893285220959127,0.0693549111707395,
0.0252856234439721));
#7314=CARTESIAN_POINT('Ctrl Pts',(-0.0888074041560734,0.0698132274001478,
0.0252389140566913));
#7315=CARTESIAN_POINT('Ctrl Pts',(-0.0877965078866913,0.0703779394629134,
0.0250787983577238));
#7316=CARTESIAN_POINT('Ctrl Pts',(-0.0873391069915671,0.0705486858617926,
0.0249881786891505));
#7317=CARTESIAN_POINT('Ctrl Pts',(-0.0868846172999124,0.0706489490104043,
0.0248828561923604));
#7318=CARTESIAN_POINT('',(-0.0766425315975728,0.0729084144718281,0.0226256455785246));
#7319=CARTESIAN_POINT('Ctrl Pts',(-0.0766425315975782,0.0729084144718269,
0.0226256455785258));
#7320=CARTESIAN_POINT('Ctrl Pts',(-0.0816177341704767,0.0718108549801617,
0.0236623196396515));
#7321=CARTESIAN_POINT('Ctrl Pts',(-0.0868846172999554,0.0706489490103948,
0.0248828561923704));
#7322=CARTESIAN_POINT('',(-0.0729084144718287,0.0766425315975726,0.0226256455785247));
#7323=CARTESIAN_POINT('Ctrl Pts',(-0.0729084144718288,0.0766425315975726,
0.0226256455785248));
#7324=CARTESIAN_POINT('Ctrl Pts',(-0.0729744535135527,0.0763431787034545,
0.0225632699514205));
#7325=CARTESIAN_POINT('Ctrl Pts',(-0.073070197381647,0.0760441777274569,
0.0225087702426032));
#7326=CARTESIAN_POINT('Ctrl Pts',(-0.0734426206185604,0.0751811486143298,
0.0223770800761027));
#7327=CARTESIAN_POINT('Ctrl Pts',(-0.0738090111919472,0.0746514361992398,
0.0223329923957951));
#7328=CARTESIAN_POINT('Ctrl Pts',(-0.0746514361992405,0.0738090111919465,
0.0223329923957951));
#7329=CARTESIAN_POINT('Ctrl Pts',(-0.0751811486143306,0.0734426206185597,
0.0223770800761027));
#7330=CARTESIAN_POINT('Ctrl Pts',(-0.0760441777274574,0.0730701973816463,
0.0225087702426032));
#7331=CARTESIAN_POINT('Ctrl Pts',(-0.0763431787034548,0.0729744535135521,
0.0225632699514204));
#7332=CARTESIAN_POINT('Ctrl Pts',(-0.0766425315975728,0.0729084144718281,
0.0226256455785246));
#7333=CARTESIAN_POINT('',(-0.0706489490104051,0.0868846172999121,0.0248828561923605));
#7334=CARTESIAN_POINT('Ctrl Pts',(-0.0706489490103956,0.0868846172999552,
0.0248828561923705));
#7335=CARTESIAN_POINT('Ctrl Pts',(-0.0718108549801624,0.0816177341704765,
0.0236623196396517));
#7336=CARTESIAN_POINT('Ctrl Pts',(-0.0729084144718276,0.076642531597578,
0.0226256455785259));
#7337=CARTESIAN_POINT('',(-0.0656388022368578,0.0907290381329903,0.0248828561923604));
#7338=CARTESIAN_POINT('Ctrl Pts',(-0.0706489490104051,0.0868846172999121,
0.0248828561923605));
#7339=CARTESIAN_POINT('Ctrl Pts',(-0.0705486858617934,0.0873391069915667,
0.0249881786891505));
#7340=CARTESIAN_POINT('Ctrl Pts',(-0.0703779394629142,0.0877965078866908,
0.0250787983577239));
#7341=CARTESIAN_POINT('Ctrl Pts',(-0.0698132274001487,0.0888074041560726,
0.0252389140566913));
#7342=CARTESIAN_POINT('Ctrl Pts',(-0.0693549111707405,0.089328522095912,
0.0252856234439721));
#7343=CARTESIAN_POINT('Ctrl Pts',(-0.0683343546342948,0.0901116226690851,
0.0252856234439721));
#7344=CARTESIAN_POINT('Ctrl Pts',(-0.067712372388811,0.0904194469041029,
0.0252389140566913));
#7345=CARTESIAN_POINT('Ctrl Pts',(-0.0665897633376727,0.0907032776628061,
0.0250787983577239));
#7346=CARTESIAN_POINT('Ctrl Pts',(-0.0661037555801918,0.0907498219563243,
0.0249881786891505));
#7347=CARTESIAN_POINT('Ctrl Pts',(-0.0656388022368578,0.0907290381329903,
0.0248828561923604));
#7348=CARTESIAN_POINT('',(-0.0551609144487342,0.09026066733445,0.0226256455785246));
#7349=CARTESIAN_POINT('Ctrl Pts',(-0.0551609144487397,0.0902606673344502,
0.0226256455785258));
#7350=CARTESIAN_POINT('Ctrl Pts',(-0.0602506604044982,0.0904881834546714,
0.0236623196396516));
#7351=CARTESIAN_POINT('Ctrl Pts',(-0.0656388022369019,0.0907290381329923,
0.0248828561923704));
#7352=CARTESIAN_POINT('',(-0.0505875736498035,0.0929010868758089,0.0226256455785248));
#7353=CARTESIAN_POINT('Ctrl Pts',(-0.0505875736498035,0.0929010868758089,
0.0226256455785248));
#7354=CARTESIAN_POINT('Ctrl Pts',(-0.0507288406959524,0.0926290263459243,
0.0225632699514205));
#7355=CARTESIAN_POINT('Ctrl Pts',(-0.0508987093179459,0.0923649939176372,
0.0225087702426032));
#7356=CARTESIAN_POINT('Ctrl Pts',(-0.0514818109117459,0.0916277620349803,
0.0223770800761027));
#7357=CARTESIAN_POINT('Ctrl Pts',(-0.0519728166905417,0.0912109279910774,
0.0223329923957951));
#7358=CARTESIAN_POINT('Ctrl Pts',(-0.0530045723977562,0.0906152435557792,
0.0223329923957951));
#7359=CARTESIAN_POINT('Ctrl Pts',(-0.0536110641583362,0.0903984370998886,
0.0223770800761027));
#7360=CARTESIAN_POINT('Ctrl Pts',(-0.0545410764940967,0.090262072247999,
0.0225087702426032));
#7361=CARTESIAN_POINT('Ctrl Pts',(-0.0548546695954127,0.0902469779201903,
0.0225632699514204));
#7362=CARTESIAN_POINT('Ctrl Pts',(-0.0551609144487341,0.09026066733445,
0.0226256455785246));
#7363=CARTESIAN_POINT('',(-0.0457542507656684,0.102209389277597,0.0248828561923605));
#7364=CARTESIAN_POINT('Ctrl Pts',(-0.0457542507656481,0.102209389277636,
0.0248828561923705));
#7365=CARTESIAN_POINT('Ctrl Pts',(-0.0482397354118036,0.0974226942324205,
0.0236623196396517));
#7366=CARTESIAN_POINT('Ctrl Pts',(-0.0505875736498009,0.0929010868758139,
0.0226256455785259));
#7367=CARTESIAN_POINT('',(-0.0399198112746108,0.104626093243638,0.0248828561923604));
#7368=CARTESIAN_POINT('Ctrl Pts',(-0.0457542507656684,0.102209389277597,
0.0248828561923606));
#7369=CARTESIAN_POINT('Ctrl Pts',(-0.0455397734129964,0.102622442596166,
0.0249881786891506));
#7370=CARTESIAN_POINT('Ctrl Pts',(-0.0452564609936681,0.103020065513821,
0.0250787983577239));
#7371=CARTESIAN_POINT('Ctrl Pts',(-0.0444493518206868,0.103850358091273,
0.0252389140566913));
#7372=CARTESIAN_POINT('Ctrl Pts',(-0.043871777090519,0.104235098399056,
0.0252856234439721));
#7373=CARTESIAN_POINT('Ctrl Pts',(-0.0426833138322101,0.10472737599903,
0.0252856234439721));
#7374=CARTESIAN_POINT('Ctrl Pts',(-0.0420028543432373,0.104863730526745,
0.0252389140566913));
#7375=CARTESIAN_POINT('Ctrl Pts',(-0.0408450364619787,0.104847337384232,
0.0250787983577239));
#7376=CARTESIAN_POINT('Ctrl Pts',(-0.0403635424676477,0.104766507655704,
0.0249881786891505));
#7377=CARTESIAN_POINT('Ctrl Pts',(-0.0399198112746108,0.104626093243638,
0.0248828561923604));
#7378=CARTESIAN_POINT('',(-0.0299201721379354,0.101461804881035,0.0226256455785246));
#7379=CARTESIAN_POINT('Ctrl Pts',(-0.0299201721379406,0.101461804881036,
0.0226256455785257));
#7380=CARTESIAN_POINT('Ctrl Pts',(-0.034777603700877,0.102998891765539,
0.0236623196396515));
#7381=CARTESIAN_POINT('Ctrl Pts',(-0.0399198112746528,0.104626093243651,
0.0248828561923704));
#7382=CARTESIAN_POINT('',(-0.0248192732834623,0.102828586609764,0.0226256455785248));
#7383=CARTESIAN_POINT('Ctrl Pts',(-0.0248192732834623,0.102828586609764,
0.0226256455785248));
#7384=CARTESIAN_POINT('Ctrl Pts',(-0.0250261412182959,0.102602358919623,
0.0225632699514205));
#7385=CARTESIAN_POINT('Ctrl Pts',(-0.0252585583283209,0.1023912884127,0.0225087702426032));
#7386=CARTESIAN_POINT('Ctrl Pts',(-0.0260126008690111,0.101830094894983,
0.0223770800761027));
#7387=CARTESIAN_POINT('Ctrl Pts',(-0.0265947606208162,0.101554545773509,
0.0223329923957951));
#7388=CARTESIAN_POINT('Ctrl Pts',(-0.0277455345815622,0.101246196820056,
0.0223329923957951));
#7389=CARTESIAN_POINT('Ctrl Pts',(-0.0283874742764236,0.101193749483341,
0.0223770800761027));
#7390=CARTESIAN_POINT('Ctrl Pts',(-0.0293210910310537,0.101302736055778,
0.0225087702426032));
#7391=CARTESIAN_POINT('Ctrl Pts',(-0.0296279054060709,0.10136931992175,
0.0225632699514204));
#7392=CARTESIAN_POINT('Ctrl Pts',(-0.0299201721379353,0.101461804881035,
0.0226256455785246));
#7393=CARTESIAN_POINT('',(-0.0177414759437254,0.110568760285016,0.0248828561923607));
#7394=CARTESIAN_POINT('Ctrl Pts',(-0.0177414759436956,0.110568760285049,
0.0248828561923708));
#7395=CARTESIAN_POINT('Ctrl Pts',(-0.0213811575950622,0.10658845868104,
0.0236623196396518));
#7396=CARTESIAN_POINT('Ctrl Pts',(-0.0248192732834585,0.102828586609768,
0.0226256455785259));
#7397=CARTESIAN_POINT('',(-0.0114803511446064,0.111393053002526,0.0248828561923604));
#7398=CARTESIAN_POINT('Ctrl Pts',(-0.0177414759437254,0.110568760285016,
0.0248828561923608));
#7399=CARTESIAN_POINT('Ctrl Pts',(-0.0174274006641371,0.110912228329441,
0.0249881786891507));
#7400=CARTESIAN_POINT('Ctrl Pts',(-0.0170508294975412,0.111222975924892,
0.0250787983577239));
#7401=CARTESIAN_POINT('Ctrl Pts',(-0.0160563263706722,0.111816081743385,
0.0252389140566913));
#7402=CARTESIAN_POINT('Ctrl Pts',(-0.0153988539031183,0.11203822500295,
0.0252856234439721));
#7403=CARTESIAN_POINT('Ctrl Pts',(-0.0141234757299715,0.112206131724813,
0.0252856234439721));
#7404=CARTESIAN_POINT('Ctrl Pts',(-0.0134309111871707,0.112161724209497,
0.0252389140566913));
#7405=CARTESIAN_POINT('Ctrl Pts',(-0.0123167878510151,0.11184622433134,
0.0250787983577239));
#7406=CARTESIAN_POINT('Ctrl Pts',(-0.0118726206398412,0.111643528993188,
0.0249881786891505));
#7407=CARTESIAN_POINT('Ctrl Pts',(-0.0114803511446064,0.111393053002526,
0.0248828561923604));
#7408=CARTESIAN_POINT('',(-0.0026404195413583,0.105748488098537,0.0226256455785245));
#7409=CARTESIAN_POINT('Ctrl Pts',(-0.00264041954136297,0.10574848809854,
0.0226256455785257));
#7410=CARTESIAN_POINT('Ctrl Pts',(-0.00693451077774855,0.108490395816301,
0.0236623196396515));
#7411=CARTESIAN_POINT('Ctrl Pts',(-0.0114803511446435,0.111393053002549,
0.0248828561923704));
#7412=CARTESIAN_POINT('',(0.0026404195413585,0.105748488098537,0.0226256455785247));
#7413=CARTESIAN_POINT('Ctrl Pts',(0.00264041954135847,0.105748488098537,
0.0226256455785247));
#7414=CARTESIAN_POINT('Ctrl Pts',(0.00238204842573364,0.105583510291365,
0.0225632699514205));
#7415=CARTESIAN_POINT('Ctrl Pts',(0.00210292166963787,0.105439785812042,
0.0225087702426032));
#7416=CARTESIAN_POINT('Ctrl Pts',(0.0012293249350914,0.105092875070081,
0.0223770800761027));
#7417=CARTESIAN_POINT('Ctrl Pts',(0.000595684435297882,0.104977389088297,
0.0223329923957951));
#7418=CARTESIAN_POINT('Ctrl Pts',(-0.000595684435298594,0.104977389088297,
0.0223329923957951));
#7419=CARTESIAN_POINT('Ctrl Pts',(-0.00122932493509213,0.105092875070081,
0.0223770800761027));
#7420=CARTESIAN_POINT('Ctrl Pts',(-0.00210292166963824,0.105439785812042,
0.0225087702426032));
#7421=CARTESIAN_POINT('Ctrl Pts',(-0.00238204842573369,0.105583510291364,
0.0225632699514204));
#7422=CARTESIAN_POINT('Ctrl Pts',(-0.00264041954135825,0.105748488098537,
0.0226256455785245));
#7423=CARTESIAN_POINT('',(0.0114803511446064,0.111393053002526,0.0248828561923606));
#7424=CARTESIAN_POINT('Ctrl Pts',(0.0114803511446435,0.11139305300255,0.0248828561923706));
#7425=CARTESIAN_POINT('Ctrl Pts',(0.00693451077774872,0.108490395816302,
0.0236623196396517));
#7426=CARTESIAN_POINT('Ctrl Pts',(0.00264041954136321,0.10574848809854,
0.0226256455785259));
#7427=CARTESIAN_POINT('',(0.0177414759437257,0.110568760285015,0.0248828561923604));
#7428=CARTESIAN_POINT('Ctrl Pts',(0.0114803511446064,0.111393053002526,
0.0248828561923606));
#7429=CARTESIAN_POINT('Ctrl Pts',(0.011872620639841,0.111643528993188,0.0249881786891506));
#7430=CARTESIAN_POINT('Ctrl Pts',(0.0123167878510146,0.11184622433134,0.0250787983577239));
#7431=CARTESIAN_POINT('Ctrl Pts',(0.0134309111871699,0.112161724209497,
0.0252389140566913));
#7432=CARTESIAN_POINT('Ctrl Pts',(0.0141234757299707,0.112206131724813,
0.0252856234439721));
#7433=CARTESIAN_POINT('Ctrl Pts',(0.0153988539031175,0.11203822500295,0.0252856234439721));
#7434=CARTESIAN_POINT('Ctrl Pts',(0.0160563263706714,0.111816081743385,
0.0252389140566913));
#7435=CARTESIAN_POINT('Ctrl Pts',(0.0170508294975409,0.111222975924892,
0.0250787983577239));
#7436=CARTESIAN_POINT('Ctrl Pts',(0.0174274006641372,0.11091222832944,0.0249881786891505));
#7437=CARTESIAN_POINT('Ctrl Pts',(0.0177414759437257,0.110568760285015,
0.0248828561923604));
#7438=CARTESIAN_POINT('',(0.0248192732834628,0.102828586609763,0.0226256455785243));
#7439=CARTESIAN_POINT('Ctrl Pts',(0.0248192732834591,0.102828586609767,
0.0226256455785255));
#7440=CARTESIAN_POINT('Ctrl Pts',(0.0213811575950627,0.106588458681038,
0.0236623196396514));
#7441=CARTESIAN_POINT('Ctrl Pts',(0.0177414759436959,0.110568760285048,
0.0248828561923704));
#7442=CARTESIAN_POINT('',(0.0299201721379353,0.101461804881035,0.0226256455785248));
#7443=CARTESIAN_POINT('Ctrl Pts',(0.0299201721379353,0.101461804881035,
0.0226256455785247));
#7444=CARTESIAN_POINT('Ctrl Pts',(0.0296279054060706,0.10136931992175,0.0225632699514205));
#7445=CARTESIAN_POINT('Ctrl Pts',(0.0293210910310532,0.101302736055778,
0.0225087702426032));
#7446=CARTESIAN_POINT('Ctrl Pts',(0.0283874742764229,0.101193749483341,
0.0223770800761027));
#7447=CARTESIAN_POINT('Ctrl Pts',(0.0277455345815615,0.101246196820056,
0.0223329923957951));
#7448=CARTESIAN_POINT('Ctrl Pts',(0.0265947606208155,0.101554545773509,
0.0223329923957951));
#7449=CARTESIAN_POINT('Ctrl Pts',(0.0260126008690104,0.101830094894983,
0.0223770800761027));
#7450=CARTESIAN_POINT('Ctrl Pts',(0.0252585583283207,0.1023912884127,0.0225087702426031));
#7451=CARTESIAN_POINT('Ctrl Pts',(0.0250261412182961,0.102602358919622,
0.0225632699514203));
#7452=CARTESIAN_POINT('Ctrl Pts',(0.0248192732834628,0.102828586609763,
0.0226256455785244));
#7453=CARTESIAN_POINT('',(0.0399198112746106,0.104626093243638,0.0248828561923605));
#7454=CARTESIAN_POINT('Ctrl Pts',(0.0399198112746526,0.104626093243652,
0.0248828561923705));
#7455=CARTESIAN_POINT('Ctrl Pts',(0.034777603700877,0.102998891765539,0.0236623196396517));
#7456=CARTESIAN_POINT('Ctrl Pts',(0.0299201721379406,0.101461804881037,
0.0226256455785259));
#7457=CARTESIAN_POINT('',(0.045754250765668,0.102209389277597,0.0248828561923604));
#7458=CARTESIAN_POINT('Ctrl Pts',(0.0399198112746106,0.104626093243638,
0.0248828561923605));
#7459=CARTESIAN_POINT('Ctrl Pts',(0.0403635424676474,0.104766507655704,
0.0249881786891506));
#7460=CARTESIAN_POINT('Ctrl Pts',(0.0408450364619782,0.104847337384232,
0.0250787983577239));
#7461=CARTESIAN_POINT('Ctrl Pts',(0.0420028543432365,0.104863730526745,
0.0252389140566913));
#7462=CARTESIAN_POINT('Ctrl Pts',(0.0426833138322093,0.10472737599903,0.0252856234439721));
#7463=CARTESIAN_POINT('Ctrl Pts',(0.0438717770905182,0.104235098399057,
0.0252856234439721));
#7464=CARTESIAN_POINT('Ctrl Pts',(0.0444493518206861,0.103850358091274,
0.0252389140566913));
#7465=CARTESIAN_POINT('Ctrl Pts',(0.0452564609936675,0.103020065513821,
0.0250787983577239));
#7466=CARTESIAN_POINT('Ctrl Pts',(0.045539773412996,0.102622442596166,0.0249881786891505));
#7467=CARTESIAN_POINT('Ctrl Pts',(0.045754250765668,0.102209389277597,0.0248828561923604));
#7468=CARTESIAN_POINT('',(0.0505875736498032,0.0929010868758085,0.0226256455785245));
#7469=CARTESIAN_POINT('Ctrl Pts',(0.0505875736498007,0.0929010868758134,
0.0226256455785257));
#7470=CARTESIAN_POINT('Ctrl Pts',(0.0482397354118033,0.09742269423242,0.0236623196396515));
#7471=CARTESIAN_POINT('Ctrl Pts',(0.0457542507656477,0.102209389277636,
0.0248828561923704));
#7472=CARTESIAN_POINT('',(0.0551609144487341,0.0902606673344504,0.0226256455785247));
#7473=CARTESIAN_POINT('Ctrl Pts',(0.0551609144487341,0.0902606673344504,
0.0226256455785248));
#7474=CARTESIAN_POINT('Ctrl Pts',(0.0548546695954125,0.0902469779201907,
0.0225632699514205));
#7475=CARTESIAN_POINT('Ctrl Pts',(0.0545410764940962,0.0902620722479993,
0.0225087702426032));
#7476=CARTESIAN_POINT('Ctrl Pts',(0.0536110641583355,0.0903984370998889,
0.0223770800761027));
#7477=CARTESIAN_POINT('Ctrl Pts',(0.0530045723977556,0.0906152435557796,
0.0223329923957951));
#7478=CARTESIAN_POINT('Ctrl Pts',(0.051972816690541,0.0912109279910778,
0.0223329923957951));
#7479=CARTESIAN_POINT('Ctrl Pts',(0.0514818109117453,0.0916277620349807,
0.0223770800761027));
#7480=CARTESIAN_POINT('Ctrl Pts',(0.0508987093179454,0.0923649939176373,
0.0225087702426032));
#7481=CARTESIAN_POINT('Ctrl Pts',(0.0507288406959521,0.0926290263459241,
0.0225632699514204));
#7482=CARTESIAN_POINT('Ctrl Pts',(0.0505875736498033,0.0929010868758085,
0.0226256455785246));
#7483=CARTESIAN_POINT('',(0.0656388022368576,0.0907290381329908,0.0248828561923605));
#7484=CARTESIAN_POINT('Ctrl Pts',(0.0656388022369016,0.0907290381329928,
0.0248828561923705));
#7485=CARTESIAN_POINT('Ctrl Pts',(0.0602506604044981,0.0904881834546718,
0.0236623196396517));
#7486=CARTESIAN_POINT('Ctrl Pts',(0.0551609144487397,0.0902606673344507,
0.0226256455785259));
#7487=CARTESIAN_POINT('',(0.0706489490104046,0.0868846172999121,0.0248828561923604));
#7488=CARTESIAN_POINT('Ctrl Pts',(0.0656388022368576,0.0907290381329908,
0.0248828561923605));
#7489=CARTESIAN_POINT('Ctrl Pts',(0.0661037555801915,0.0907498219563247,
0.0249881786891506));
#7490=CARTESIAN_POINT('Ctrl Pts',(0.0665897633376723,0.0907032776628065,
0.0250787983577239));
#7491=CARTESIAN_POINT('Ctrl Pts',(0.0677123723888103,0.0904194469041034,
0.0252389140566913));
#7492=CARTESIAN_POINT('Ctrl Pts',(0.0683343546342941,0.0901116226690856,
0.0252856234439721));
#7493=CARTESIAN_POINT('Ctrl Pts',(0.0693549111707398,0.0893285220959125,
0.0252856234439721));
#7494=CARTESIAN_POINT('Ctrl Pts',(0.0698132274001481,0.0888074041560732,
0.0252389140566913));
#7495=CARTESIAN_POINT('Ctrl Pts',(0.0703779394629137,0.0877965078866911,
0.0250787983577239));
#7496=CARTESIAN_POINT('Ctrl Pts',(0.0705486858617929,0.0873391069915669,
0.0249881786891505));
#7497=CARTESIAN_POINT('Ctrl Pts',(0.0706489490104046,0.0868846172999121,
0.0248828561923604));
#7498=CARTESIAN_POINT('',(0.0729084144718283,0.0766425315975725,0.0226256455785246));
#7499=CARTESIAN_POINT('Ctrl Pts',(0.0729084144718272,0.076642531597578,
0.0226256455785258));
#7500=CARTESIAN_POINT('Ctrl Pts',(0.071810854980162,0.0816177341704765,
0.0236623196396516));
#7501=CARTESIAN_POINT('Ctrl Pts',(0.0706489490103951,0.0868846172999552,
0.0248828561923704));
#7502=CARTESIAN_POINT('',(0.0766425315975729,0.0729084144718285,0.0226256455785247));
#7503=CARTESIAN_POINT('Ctrl Pts',(0.0766425315975729,0.0729084144718285,
0.0226256455785247));
#7504=CARTESIAN_POINT('Ctrl Pts',(0.0763431787034547,0.0729744535135525,
0.0225632699514205));
#7505=CARTESIAN_POINT('Ctrl Pts',(0.0760441777274571,0.0730701973816467,
0.0225087702426032));
#7506=CARTESIAN_POINT('Ctrl Pts',(0.0751811486143301,0.0734426206185601,
0.0223770800761027));
#7507=CARTESIAN_POINT('Ctrl Pts',(0.0746514361992401,0.0738090111919469,
0.0223329923957951));
#7508=CARTESIAN_POINT('Ctrl Pts',(0.0738090111919467,0.0746514361992403,
0.0223329923957951));
#7509=CARTESIAN_POINT('Ctrl Pts',(0.0734426206185599,0.0751811486143303,
0.0223770800761027));
#7510=CARTESIAN_POINT('Ctrl Pts',(0.0730701973816466,0.0760441777274572,
0.0225087702426032));
#7511=CARTESIAN_POINT('Ctrl Pts',(0.0729744535135523,0.0763431787034546,
0.0225632699514204));
#7512=CARTESIAN_POINT('Ctrl Pts',(0.0729084144718284,0.0766425315975725,
0.0226256455785246));
#7513=CARTESIAN_POINT('',(0.0868846172999124,0.0706489490104048,0.0248828561923605));
#7514=CARTESIAN_POINT('Ctrl Pts',(0.0868846172999554,0.0706489490103953,
0.0248828561923705));
#7515=CARTESIAN_POINT('Ctrl Pts',(0.0816177341704768,0.0718108549801622,
0.0236623196396517));
#7516=CARTESIAN_POINT('Ctrl Pts',(0.0766425315975783,0.0729084144718273,
0.0226256455785259));
#7517=CARTESIAN_POINT('',(0.0907290381329905,0.0656388022368575,0.0248828561923604));
#7518=CARTESIAN_POINT('Ctrl Pts',(0.0868846172999124,0.0706489490104048,
0.0248828561923605));
#7519=CARTESIAN_POINT('Ctrl Pts',(0.0873391069915669,0.0705486858617931,
0.0249881786891505));
#7520=CARTESIAN_POINT('Ctrl Pts',(0.087796507886691,0.0703779394629139,
0.0250787983577239));
#7521=CARTESIAN_POINT('Ctrl Pts',(0.0888074041560729,0.0698132274001484,
0.0252389140566913));
#7522=CARTESIAN_POINT('Ctrl Pts',(0.0893285220959122,0.0693549111707401,
0.0252856234439721));
#7523=CARTESIAN_POINT('Ctrl Pts',(0.0901116226690853,0.0683343546342945,
0.0252856234439721));
#7524=CARTESIAN_POINT('Ctrl Pts',(0.0904194469041031,0.0677123723888107,
0.0252389140566913));
#7525=CARTESIAN_POINT('Ctrl Pts',(0.0907032776628063,0.0665897633376724,
0.0250787983577239));
#7526=CARTESIAN_POINT('Ctrl Pts',(0.0907498219563245,0.0661037555801915,
0.0249881786891505));
#7527=CARTESIAN_POINT('Ctrl Pts',(0.0907290381329905,0.0656388022368575,
0.0248828561923604));
#7528=CARTESIAN_POINT('',(0.0902606673344502,0.0551609144487338,0.0226256455785246));
#7529=CARTESIAN_POINT('Ctrl Pts',(0.0902606673344504,0.0551609144487393,
0.0226256455785257));
#7530=CARTESIAN_POINT('Ctrl Pts',(0.0904881834546716,0.0602506604044978,
0.0236623196396515));
#7531=CARTESIAN_POINT('Ctrl Pts',(0.0907290381329925,0.0656388022369014,
0.0248828561923704));
#7532=CARTESIAN_POINT('',(0.0929010868758091,0.0505875736498032,0.0226256455785247));
#7533=CARTESIAN_POINT('Ctrl Pts',(0.0929010868758091,0.0505875736498032,
0.0226256455785248));
#7534=CARTESIAN_POINT('Ctrl Pts',(0.0926290263459245,0.0507288406959521,
0.0225632699514205));
#7535=CARTESIAN_POINT('Ctrl Pts',(0.0923649939176374,0.0508987093179455,
0.0225087702426032));
#7536=CARTESIAN_POINT('Ctrl Pts',(0.0916277620349805,0.0514818109117456,
0.0223770800761027));
#7537=CARTESIAN_POINT('Ctrl Pts',(0.0912109279910776,0.0519728166905413,
0.0223329923957951));
#7538=CARTESIAN_POINT('Ctrl Pts',(0.0906152435557794,0.0530045723977559,
0.0223329923957951));
#7539=CARTESIAN_POINT('Ctrl Pts',(0.0903984370998887,0.0536110641583358,
0.0223770800761027));
#7540=CARTESIAN_POINT('Ctrl Pts',(0.0902620722479991,0.0545410764940963,
0.0225087702426032));
#7541=CARTESIAN_POINT('Ctrl Pts',(0.0902469779201905,0.0548546695954124,
0.0225632699514204));
#7542=CARTESIAN_POINT('Ctrl Pts',(0.0902606673344502,0.0551609144487338,
0.0226256455785246));
#7543=CARTESIAN_POINT('',(0.102209389277597,0.0457542507656681,0.0248828561923605));
#7544=CARTESIAN_POINT('Ctrl Pts',(0.102209389277636,0.0457542507656477,
0.0248828561923705));
#7545=CARTESIAN_POINT('Ctrl Pts',(0.0974226942324206,0.0482397354118033,
0.0236623196396517));
#7546=CARTESIAN_POINT('Ctrl Pts',(0.092901086875814,0.0505875736498006,
0.0226256455785259));
#7547=CARTESIAN_POINT('',(0.104626093243638,0.0399198112746104,0.0248828561923604));
#7548=CARTESIAN_POINT('Ctrl Pts',(0.102209389277597,0.045754250765668,0.0248828561923606));
#7549=CARTESIAN_POINT('Ctrl Pts',(0.102622442596166,0.045539773412996,0.0249881786891506));
#7550=CARTESIAN_POINT('Ctrl Pts',(0.103020065513821,0.0452564609936677,
0.0250787983577239));
#7551=CARTESIAN_POINT('Ctrl Pts',(0.103850358091273,0.0444493518206865,
0.0252389140566913));
#7552=CARTESIAN_POINT('Ctrl Pts',(0.104235098399056,0.0438717770905186,
0.0252856234439721));
#7553=CARTESIAN_POINT('Ctrl Pts',(0.10472737599903,0.0426833138322097,0.0252856234439721));
#7554=CARTESIAN_POINT('Ctrl Pts',(0.104863730526745,0.0420028543432369,
0.0252389140566913));
#7555=CARTESIAN_POINT('Ctrl Pts',(0.104847337384232,0.0408450364619784,
0.0250787983577239));
#7556=CARTESIAN_POINT('Ctrl Pts',(0.104766507655704,0.0403635424676474,
0.0249881786891505));
#7557=CARTESIAN_POINT('Ctrl Pts',(0.104626093243638,0.0399198112746104,
0.0248828561923604));
#7558=CARTESIAN_POINT('',(0.101461804881035,0.029920172137935,0.0226256455785246));
#7559=CARTESIAN_POINT('Ctrl Pts',(0.101461804881036,0.0299201721379401,
0.0226256455785257));
#7560=CARTESIAN_POINT('Ctrl Pts',(0.102998891765539,0.0347776037008766,
0.0236623196396515));
#7561=CARTESIAN_POINT('Ctrl Pts',(0.104626093243651,0.0399198112746524,
0.0248828561923704));
#7562=CARTESIAN_POINT('',(0.102828586609764,0.0248192732834619,0.0226256455785247));
#7563=CARTESIAN_POINT('Ctrl Pts',(0.102828586609764,0.0248192732834619,
0.0226256455785247));
#7564=CARTESIAN_POINT('Ctrl Pts',(0.102602358919623,0.0250261412182955,
0.0225632699514205));
#7565=CARTESIAN_POINT('Ctrl Pts',(0.1023912884127,0.0252585583283206,0.0225087702426032));
#7566=CARTESIAN_POINT('Ctrl Pts',(0.101830094894983,0.0260126008690108,
0.0223770800761027));
#7567=CARTESIAN_POINT('Ctrl Pts',(0.101554545773509,0.0265947606208159,
0.0223329923957951));
#7568=CARTESIAN_POINT('Ctrl Pts',(0.101246196820056,0.0277455345815619,
0.0223329923957951));
#7569=CARTESIAN_POINT('Ctrl Pts',(0.101193749483341,0.0283874742764233,
0.0223770800761027));
#7570=CARTESIAN_POINT('Ctrl Pts',(0.101302736055778,0.0293210910310533,
0.0225087702426032));
#7571=CARTESIAN_POINT('Ctrl Pts',(0.10136931992175,0.0296279054060705,0.0225632699514204));
#7572=CARTESIAN_POINT('Ctrl Pts',(0.101461804881035,0.029920172137935,0.0226256455785246));
#7573=CARTESIAN_POINT('',(0.110568760285015,0.0177414759437261,0.0248828561923604));
#7574=CARTESIAN_POINT('Ctrl Pts',(0.110568760285048,0.0177414759436963,
0.0248828561923704));
#7575=CARTESIAN_POINT('Ctrl Pts',(0.106588458681039,0.0213811575950624,
0.0236623196396516));
#7576=CARTESIAN_POINT('Ctrl Pts',(0.102828586609768,0.0248192732834582,
0.0226256455785259));
#7577=CARTESIAN_POINT('',(0.111393053002526,0.0114803511446068,0.0248828561923606));
#7578=CARTESIAN_POINT('Ctrl Pts',(0.110568760285015,0.0177414759437261,
0.0248828561923604));
#7579=CARTESIAN_POINT('Ctrl Pts',(0.11091222832944,0.0174274006641376,0.0249881786891505));
#7580=CARTESIAN_POINT('Ctrl Pts',(0.111222975924892,0.0170508294975413,
0.0250787983577239));
#7581=CARTESIAN_POINT('Ctrl Pts',(0.111816081743385,0.0160563263706718,
0.0252389140566913));
#7582=CARTESIAN_POINT('Ctrl Pts',(0.11203822500295,0.0153988539031179,0.0252856234439721));
#7583=CARTESIAN_POINT('Ctrl Pts',(0.112206131724813,0.0141234757299711,
0.0252856234439721));
#7584=CARTESIAN_POINT('Ctrl Pts',(0.112161724209497,0.0134309111871703,
0.0252389140566913));
#7585=CARTESIAN_POINT('Ctrl Pts',(0.11184622433134,0.012316787851015,0.0250787983577239));
#7586=CARTESIAN_POINT('Ctrl Pts',(0.111643528993188,0.0118726206398414,
0.0249881786891506));
#7587=CARTESIAN_POINT('Ctrl Pts',(0.111393053002526,0.0114803511446068,
0.0248828561923606));
#7588=CARTESIAN_POINT('',(0.105748488098537,0.00264041954135883,0.0226256455785247));
#7589=CARTESIAN_POINT('Ctrl Pts',(0.10574848809854,0.00264041954136359,
0.0226256455785259));
#7590=CARTESIAN_POINT('Ctrl Pts',(0.108490395816302,0.00693451077774909,
0.0236623196396517));
#7591=CARTESIAN_POINT('Ctrl Pts',(0.11139305300255,0.0114803511446439,0.0248828561923706));
#7592=CARTESIAN_POINT('',(0.105748488098537,-0.00264041954135794,0.0226256455785245));
#7593=CARTESIAN_POINT('Ctrl Pts',(0.105748488098537,-0.00264041954135792,
0.0226256455785245));
#7594=CARTESIAN_POINT('Ctrl Pts',(0.105583510291364,-0.00238204842573335,
0.0225632699514204));
#7595=CARTESIAN_POINT('Ctrl Pts',(0.105439785812042,-0.00210292166963788,
0.0225087702426032));
#7596=CARTESIAN_POINT('Ctrl Pts',(0.105092875070081,-0.00122932493509177,
0.0223770800761027));
#7597=CARTESIAN_POINT('Ctrl Pts',(0.104977389088297,-0.000595684435298243,
0.0223329923957951));
#7598=CARTESIAN_POINT('Ctrl Pts',(0.104977389088297,0.000595684435298232,
0.0223329923957951));
#7599=CARTESIAN_POINT('Ctrl Pts',(0.105092875070081,0.00122932493509176,
0.0223770800761027));
#7600=CARTESIAN_POINT('Ctrl Pts',(0.105439785812042,0.00210292166963822,
0.0225087702426032));
#7601=CARTESIAN_POINT('Ctrl Pts',(0.105583510291365,0.002382048425734,0.0225632699514205));
#7602=CARTESIAN_POINT('Ctrl Pts',(0.105748488098537,0.00264041954135883,
0.0226256455785247));
#7603=CARTESIAN_POINT('',(0.111393053002525,-0.0114803511446051,0.0248828561923602));
#7604=CARTESIAN_POINT('Ctrl Pts',(0.111393053002549,-0.0114803511446423,
0.0248828561923701));
#7605=CARTESIAN_POINT('Ctrl Pts',(0.108490395816301,-0.00693451077774781,
0.0236623196396514));
#7606=CARTESIAN_POINT('Ctrl Pts',(0.10574848809854,-0.00264041954136263,
0.0226256455785257));
#7607=CARTESIAN_POINT('',(0.110568760285016,-0.0177414759437241,0.0248828561923605));
#7608=CARTESIAN_POINT('Ctrl Pts',(0.111393053002525,-0.0114803511446051,
0.0248828561923602));
#7609=CARTESIAN_POINT('Ctrl Pts',(0.111643528993187,-0.01187262063984,0.0249881786891503));
#7610=CARTESIAN_POINT('Ctrl Pts',(0.11184622433134,-0.0123167878510138,
0.0250787983577236));
#7611=CARTESIAN_POINT('Ctrl Pts',(0.112161724209496,-0.0134309111871694,
0.0252389140566911));
#7612=CARTESIAN_POINT('Ctrl Pts',(0.112206131724812,-0.0141234757299702,
0.0252856234439719));
#7613=CARTESIAN_POINT('Ctrl Pts',(0.112038225002949,-0.015398853903117,
0.0252856234439719));
#7614=CARTESIAN_POINT('Ctrl Pts',(0.111816081743385,-0.0160563263706709,
0.0252389140566911));
#7615=CARTESIAN_POINT('Ctrl Pts',(0.111222975924892,-0.01705082949754,0.0250787983577237));
#7616=CARTESIAN_POINT('Ctrl Pts',(0.110912228329441,-0.0174274006641358,
0.0249881786891505));
#7617=CARTESIAN_POINT('Ctrl Pts',(0.110568760285016,-0.0177414759437241,
0.0248828561923606));
#7618=CARTESIAN_POINT('',(0.102828586609764,-0.0248192732834605,0.0226256455785248));
#7619=CARTESIAN_POINT('Ctrl Pts',(0.102828586609768,-0.0248192732834568,
0.0226256455785259));
#7620=CARTESIAN_POINT('Ctrl Pts',(0.10658845868104,-0.0213811575950607,
0.0236623196396517));
#7621=CARTESIAN_POINT('Ctrl Pts',(0.110568760285048,-0.0177414759436943,
0.0248828561923706));
#7622=CARTESIAN_POINT('',(0.101461804881035,-0.0299201721379336,0.0226256455785246));
#7623=CARTESIAN_POINT('Ctrl Pts',(0.101461804881035,-0.0299201721379336,
0.0226256455785246));
#7624=CARTESIAN_POINT('Ctrl Pts',(0.101369319921751,-0.0296279054060691,
0.0225632699514204));
#7625=CARTESIAN_POINT('Ctrl Pts',(0.101302736055778,-0.0293210910310519,
0.0225087702426032));
#7626=CARTESIAN_POINT('Ctrl Pts',(0.101193749483341,-0.0283874742764219,
0.0223770800761027));
#7627=CARTESIAN_POINT('Ctrl Pts',(0.101246196820056,-0.0277455345815605,
0.0223329923957951));
#7628=CARTESIAN_POINT('Ctrl Pts',(0.101554545773509,-0.0265947606208145,
0.0223329923957951));
#7629=CARTESIAN_POINT('Ctrl Pts',(0.101830094894984,-0.0260126008690093,
0.0223770800761027));
#7630=CARTESIAN_POINT('Ctrl Pts',(0.1023912884127,-0.0252585583283191,0.0225087702426032));
#7631=CARTESIAN_POINT('Ctrl Pts',(0.102602358919624,-0.0250261412182941,
0.0225632699514205));
#7632=CARTESIAN_POINT('Ctrl Pts',(0.102828586609764,-0.0248192732834605,
0.0226256455785248));
#7633=CARTESIAN_POINT('',(0.104626093243639,-0.0399198112746089,0.0248828561923604));
#7634=CARTESIAN_POINT('Ctrl Pts',(0.104626093243652,-0.039919811274651,
0.0248828561923704));
#7635=CARTESIAN_POINT('Ctrl Pts',(0.102998891765539,-0.0347776037008753,
0.0236623196396515));
#7636=CARTESIAN_POINT('Ctrl Pts',(0.101461804881037,-0.0299201721379389,
0.0226256455785257));
#7637=CARTESIAN_POINT('',(0.102209389277598,-0.0457542507656666,0.0248828561923605));
#7638=CARTESIAN_POINT('Ctrl Pts',(0.104626093243639,-0.0399198112746089,
0.0248828561923604));
#7639=CARTESIAN_POINT('Ctrl Pts',(0.104766507655705,-0.0403635424676459,
0.0249881786891505));
#7640=CARTESIAN_POINT('Ctrl Pts',(0.104847337384233,-0.0408450364619769,
0.0250787983577239));
#7641=CARTESIAN_POINT('Ctrl Pts',(0.104863730526745,-0.0420028543432354,
0.0252389140566913));
#7642=CARTESIAN_POINT('Ctrl Pts',(0.104727375999031,-0.0426833138322082,
0.0252856234439721));
#7643=CARTESIAN_POINT('Ctrl Pts',(0.104235098399057,-0.0438717770905172,
0.0252856234439721));
#7644=CARTESIAN_POINT('Ctrl Pts',(0.103850358091274,-0.044449351820685,
0.0252389140566913));
#7645=CARTESIAN_POINT('Ctrl Pts',(0.103020065513822,-0.0452564609936663,
0.0250787983577239));
#7646=CARTESIAN_POINT('Ctrl Pts',(0.102622442596166,-0.0455397734129946,
0.0249881786891506));
#7647=CARTESIAN_POINT('Ctrl Pts',(0.102209389277598,-0.0457542507656666,
0.0248828561923606));
#7648=CARTESIAN_POINT('',(0.0929010868758098,-0.0505875736498019,0.0226256455785247));
#7649=CARTESIAN_POINT('Ctrl Pts',(0.0929010868758149,-0.0505875736497992,
0.0226256455785259));
#7650=CARTESIAN_POINT('Ctrl Pts',(0.0974226942324213,-0.0482397354118019,
0.0236623196396517));
#7651=CARTESIAN_POINT('Ctrl Pts',(0.102209389277637,-0.0457542507656464,
0.0248828561923705));
#7652=CARTESIAN_POINT('',(0.090260667334451,-0.0551609144487326,0.0226256455785246));
#7653=CARTESIAN_POINT('Ctrl Pts',(0.090260667334451,-0.0551609144487326,
0.0226256455785246));
#7654=CARTESIAN_POINT('Ctrl Pts',(0.0902469779201912,-0.0548546695954112,
0.0225632699514204));
#7655=CARTESIAN_POINT('Ctrl Pts',(0.0902620722479999,-0.0545410764940951,
0.0225087702426032));
#7656=CARTESIAN_POINT('Ctrl Pts',(0.0903984370998895,-0.0536110641583346,
0.0223770800761027));
#7657=CARTESIAN_POINT('Ctrl Pts',(0.0906152435557801,-0.0530045723977546,
0.0223329923957951));
#7658=CARTESIAN_POINT('Ctrl Pts',(0.0912109279910783,-0.0519728166905401,
0.0223329923957951));
#7659=CARTESIAN_POINT('Ctrl Pts',(0.0916277620349812,-0.0514818109117443,
0.0223770800761027));
#7660=CARTESIAN_POINT('Ctrl Pts',(0.092364993917638,-0.0508987093179443,
0.0225087702426032));
#7661=CARTESIAN_POINT('Ctrl Pts',(0.0926290263459251,-0.0507288406959508,
0.0225632699514205));
#7662=CARTESIAN_POINT('Ctrl Pts',(0.0929010868758098,-0.0505875736498019,
0.0226256455785247));
#7663=CARTESIAN_POINT('',(0.0907290381329915,-0.0656388022368562,0.0248828561923604));
#7664=CARTESIAN_POINT('Ctrl Pts',(0.0907290381329934,-0.0656388022369002,
0.0248828561923704));
#7665=CARTESIAN_POINT('Ctrl Pts',(0.0904881834546724,-0.0602506604044966,
0.0236623196396516));
#7666=CARTESIAN_POINT('Ctrl Pts',(0.0902606673344512,-0.0551609144487382,
0.0226256455785258));
#7667=CARTESIAN_POINT('',(0.0868846172999134,-0.0706489490104036,0.0248828561923605));
#7668=CARTESIAN_POINT('Ctrl Pts',(0.0907290381329915,-0.0656388022368562,
0.0248828561923604));
#7669=CARTESIAN_POINT('Ctrl Pts',(0.0907498219563254,-0.0661037555801903,
0.0249881786891505));
#7670=CARTESIAN_POINT('Ctrl Pts',(0.0907032776628072,-0.0665897633376712,
0.0250787983577239));
#7671=CARTESIAN_POINT('Ctrl Pts',(0.0904194469041041,-0.0677123723888094,
0.0252389140566913));
#7672=CARTESIAN_POINT('Ctrl Pts',(0.0901116226690863,-0.0683343546342932,
0.0252856234439721));
#7673=CARTESIAN_POINT('Ctrl Pts',(0.0893285220959132,-0.0693549111707389,
0.0252856234439721));
#7674=CARTESIAN_POINT('Ctrl Pts',(0.0888074041560739,-0.0698132274001472,
0.0252389140566913));
#7675=CARTESIAN_POINT('Ctrl Pts',(0.087796507886692,-0.0703779394629127,
0.0250787983577239));
#7676=CARTESIAN_POINT('Ctrl Pts',(0.0873391069915679,-0.0705486858617919,
0.0249881786891505));
#7677=CARTESIAN_POINT('Ctrl Pts',(0.0868846172999134,-0.0706489490104036,
0.0248828561923605));
#7678=CARTESIAN_POINT('',(0.0766425315975739,-0.0729084144718274,0.0226256455785247));
#7679=CARTESIAN_POINT('Ctrl Pts',(0.0766425315975793,-0.0729084144718263,
0.0226256455785259));
#7680=CARTESIAN_POINT('Ctrl Pts',(0.0816177341704778,-0.0718108549801611,
0.0236623196396517));
#7681=CARTESIAN_POINT('Ctrl Pts',(0.0868846172999564,-0.0706489490103941,
0.0248828561923705));
#7682=CARTESIAN_POINT('',(0.0729084144718294,-0.0766425315975715,0.0226256455785246));
#7683=CARTESIAN_POINT('Ctrl Pts',(0.0729084144718294,-0.0766425315975715,
0.0226256455785246));
#7684=CARTESIAN_POINT('Ctrl Pts',(0.0729744535135534,-0.0763431787034536,
0.0225632699514204));
#7685=CARTESIAN_POINT('Ctrl Pts',(0.0730701973816476,-0.0760441777274562,
0.0225087702426032));
#7686=CARTESIAN_POINT('Ctrl Pts',(0.0734426206185609,-0.0751811486143293,
0.0223770800761027));
#7687=CARTESIAN_POINT('Ctrl Pts',(0.0738090111919477,-0.0746514361992393,
0.0223329923957951));
#7688=CARTESIAN_POINT('Ctrl Pts',(0.0746514361992411,-0.0738090111919459,
0.0223329923957951));
#7689=CARTESIAN_POINT('Ctrl Pts',(0.0751811486143311,-0.0734426206185591,
0.0223770800761027));
#7690=CARTESIAN_POINT('Ctrl Pts',(0.0760441777274582,-0.0730701973816457,
0.0225087702426032));
#7691=CARTESIAN_POINT('Ctrl Pts',(0.0763431787034557,-0.0729744535135514,
0.0225632699514205));
#7692=CARTESIAN_POINT('Ctrl Pts',(0.0766425315975739,-0.0729084144718274,
0.0226256455785247));
#7693=CARTESIAN_POINT('',(0.0706489490104058,-0.0868846172999111,0.0248828561923604));
#7694=CARTESIAN_POINT('Ctrl Pts',(0.0706489490103963,-0.0868846172999541,
0.0248828561923704));
#7695=CARTESIAN_POINT('Ctrl Pts',(0.0718108549801631,-0.0816177341704755,
0.0236623196396515));
#7696=CARTESIAN_POINT('Ctrl Pts',(0.0729084144718282,-0.0766425315975769,
0.0226256455785258));
#7697=CARTESIAN_POINT('',(0.0656388022368589,-0.0907290381329899,0.0248828561923605));
#7698=CARTESIAN_POINT('Ctrl Pts',(0.0706489490104058,-0.0868846172999111,
0.0248828561923604));
#7699=CARTESIAN_POINT('Ctrl Pts',(0.0705486858617942,-0.0873391069915658,
0.0249881786891505));
#7700=CARTESIAN_POINT('Ctrl Pts',(0.0703779394629149,-0.0877965078866901,
0.0250787983577239));
#7701=CARTESIAN_POINT('Ctrl Pts',(0.0698132274001493,-0.0888074041560721,
0.0252389140566913));
#7702=CARTESIAN_POINT('Ctrl Pts',(0.0693549111707411,-0.0893285220959115,
0.0252856234439721));
#7703=CARTESIAN_POINT('Ctrl Pts',(0.0683343546342954,-0.0901116226690846,
0.0252856234439721));
#7704=CARTESIAN_POINT('Ctrl Pts',(0.0677123723888116,-0.0904194469041025,
0.0252389140566913));
#7705=CARTESIAN_POINT('Ctrl Pts',(0.0665897633376736,-0.0907032776628056,
0.0250787983577239));
#7706=CARTESIAN_POINT('Ctrl Pts',(0.0661037555801928,-0.0907498219563238,
0.0249881786891505));
#7707=CARTESIAN_POINT('Ctrl Pts',(0.0656388022368589,-0.0907290381329899,
0.0248828561923605));
#7708=CARTESIAN_POINT('',(0.0551609144487353,-0.0902606673344497,0.0226256455785247));
#7709=CARTESIAN_POINT('Ctrl Pts',(0.0551609144487408,-0.0902606673344499,
0.0226256455785259));
#7710=CARTESIAN_POINT('Ctrl Pts',(0.0602506604044993,-0.090488183454671,
0.0236623196396517));
#7711=CARTESIAN_POINT('Ctrl Pts',(0.065638802236903,-0.0907290381329919,
0.0248828561923705));
#7712=CARTESIAN_POINT('',(0.0505875736498045,-0.0929010868758078,0.0226256455785245));
#7713=CARTESIAN_POINT('Ctrl Pts',(0.0505875736498045,-0.0929010868758077,
0.0226256455785246));
#7714=CARTESIAN_POINT('Ctrl Pts',(0.0507288406959533,-0.0926290263459234,
0.0225632699514204));
#7715=CARTESIAN_POINT('Ctrl Pts',(0.0508987093179467,-0.0923649939176366,
0.0225087702426032));
#7716=CARTESIAN_POINT('Ctrl Pts',(0.0514818109117466,-0.09162776203498,
0.0223770800761027));
#7717=CARTESIAN_POINT('Ctrl Pts',(0.0519728166905423,-0.0912109279910771,
0.0223329923957951));
#7718=CARTESIAN_POINT('Ctrl Pts',(0.0530045723977568,-0.0906152435557788,
0.0223329923957951));
#7719=CARTESIAN_POINT('Ctrl Pts',(0.0536110641583368,-0.0903984370998882,
0.0223770800761027));
#7720=CARTESIAN_POINT('Ctrl Pts',(0.0545410764940975,-0.0902620722479986,
0.0225087702426032));
#7721=CARTESIAN_POINT('Ctrl Pts',(0.0548546695954137,-0.0902469779201899,
0.0225632699514205));
#7722=CARTESIAN_POINT('Ctrl Pts',(0.0551609144487353,-0.0902606673344497,
0.0226256455785247));
#7723=CARTESIAN_POINT('',(0.0457542507656695,-0.102209389277596,0.0248828561923604));
#7724=CARTESIAN_POINT('Ctrl Pts',(0.0457542507656492,-0.102209389277635,
0.0248828561923704));
#7725=CARTESIAN_POINT('Ctrl Pts',(0.0482397354118047,-0.0974226942324194,
0.0236623196396515));
#7726=CARTESIAN_POINT('Ctrl Pts',(0.050587573649802,-0.0929010868758128,
0.0226256455785257));
#7727=CARTESIAN_POINT('',(0.0399198112746121,-0.104626093243638,0.0248828561923605));
#7728=CARTESIAN_POINT('Ctrl Pts',(0.0457542507656695,-0.102209389277596,
0.0248828561923604));
#7729=CARTESIAN_POINT('Ctrl Pts',(0.0455397734129974,-0.102622442596165,
0.0249881786891505));
#7730=CARTESIAN_POINT('Ctrl Pts',(0.045256460993669,-0.103020065513821,
0.0250787983577238));
#7731=CARTESIAN_POINT('Ctrl Pts',(0.0444493518206876,-0.103850358091273,
0.0252389140566913));
#7732=CARTESIAN_POINT('Ctrl Pts',(0.0438717770905197,-0.104235098399056,
0.0252856234439721));
#7733=CARTESIAN_POINT('Ctrl Pts',(0.0426833138322108,-0.10472737599903,
0.0252856234439721));
#7734=CARTESIAN_POINT('Ctrl Pts',(0.042002854343238,-0.104863730526744,
0.0252389140566913));
#7735=CARTESIAN_POINT('Ctrl Pts',(0.0408450364619797,-0.104847337384232,
0.0250787983577239));
#7736=CARTESIAN_POINT('Ctrl Pts',(0.0403635424676489,-0.104766507655704,
0.0249881786891506));
#7737=CARTESIAN_POINT('Ctrl Pts',(0.0399198112746121,-0.104626093243638,
0.0248828561923605));
#7738=CARTESIAN_POINT('',(0.0299201721379367,-0.101461804881035,0.0226256455785247));
#7739=CARTESIAN_POINT('Ctrl Pts',(0.029920172137942,-0.101461804881036,
0.0226256455785259));
#7740=CARTESIAN_POINT('Ctrl Pts',(0.0347776037008784,-0.102998891765539,
0.0236623196396517));
#7741=CARTESIAN_POINT('Ctrl Pts',(0.0399198112746541,-0.104626093243651,
0.0248828561923705));
#7742=CARTESIAN_POINT('',(0.0248192732834642,-0.102828586609762,0.0226256455785243));
#7743=CARTESIAN_POINT('Ctrl Pts',(0.0248192732834643,-0.102828586609762,
0.0226256455785244));
#7744=CARTESIAN_POINT('Ctrl Pts',(0.0250261412182976,-0.102602358919622,
0.0225632699514203));
#7745=CARTESIAN_POINT('Ctrl Pts',(0.0252585583283221,-0.102391288412699,
0.0225087702426031));
#7746=CARTESIAN_POINT('Ctrl Pts',(0.0260126008690118,-0.101830094894983,
0.0223770800761027));
#7747=CARTESIAN_POINT('Ctrl Pts',(0.026594760620817,-0.101554545773508,
0.0223329923957951));
#7748=CARTESIAN_POINT('Ctrl Pts',(0.0277455345815629,-0.101246196820056,
0.0223329923957951));
#7749=CARTESIAN_POINT('Ctrl Pts',(0.0283874742764243,-0.101193749483341,
0.0223770800761027));
#7750=CARTESIAN_POINT('Ctrl Pts',(0.0293210910310546,-0.101302736055777,
0.0225087702426032));
#7751=CARTESIAN_POINT('Ctrl Pts',(0.029627905406072,-0.10136931992175,0.0225632699514205));
#7752=CARTESIAN_POINT('Ctrl Pts',(0.0299201721379367,-0.101461804881035,
0.0226256455785247));
#7753=CARTESIAN_POINT('',(0.0177414759437272,-0.110568760285015,0.0248828561923604));
#7754=CARTESIAN_POINT('Ctrl Pts',(0.0177414759436975,-0.110568760285047,
0.0248828561923704));
#7755=CARTESIAN_POINT('Ctrl Pts',(0.0213811575950642,-0.106588458681038,
0.0236623196396514));
#7756=CARTESIAN_POINT('Ctrl Pts',(0.0248192732834605,-0.102828586609766,
0.0226256455785255));
#7757=CARTESIAN_POINT('',(0.011480351144608,-0.111393053002526,0.0248828561923606));
#7758=CARTESIAN_POINT('Ctrl Pts',(0.0177414759437272,-0.110568760285015,
0.0248828561923604));
#7759=CARTESIAN_POINT('Ctrl Pts',(0.0174274006641388,-0.11091222832944,
0.0249881786891505));
#7760=CARTESIAN_POINT('Ctrl Pts',(0.0170508294975425,-0.111222975924892,
0.0250787983577239));
#7761=CARTESIAN_POINT('Ctrl Pts',(0.0160563263706729,-0.111816081743385,
0.0252389140566913));
#7762=CARTESIAN_POINT('Ctrl Pts',(0.0153988539031191,-0.112038225002949,
0.0252856234439721));
#7763=CARTESIAN_POINT('Ctrl Pts',(0.0141234757299723,-0.112206131724813,
0.0252856234439721));
#7764=CARTESIAN_POINT('Ctrl Pts',(0.0134309111871715,-0.112161724209497,
0.0252389140566913));
#7765=CARTESIAN_POINT('Ctrl Pts',(0.0123167878510162,-0.11184622433134,
0.0250787983577239));
#7766=CARTESIAN_POINT('Ctrl Pts',(0.0118726206398426,-0.111643528993188,
0.0249881786891506));
#7767=CARTESIAN_POINT('Ctrl Pts',(0.011480351144608,-0.111393053002526,
0.0248828561923606));
#7768=CARTESIAN_POINT('',(0.00264041954135995,-0.105748488098537,0.0226256455785247));
#7769=CARTESIAN_POINT('Ctrl Pts',(0.00264041954136467,-0.10574848809854,
0.0226256455785259));
#7770=CARTESIAN_POINT('Ctrl Pts',(0.00693451077775022,-0.108490395816302,
0.0236623196396517));
#7771=CARTESIAN_POINT('Ctrl Pts',(0.0114803511446451,-0.11139305300255,
0.0248828561923706));
#7772=CARTESIAN_POINT('',(-0.00264041954135686,-0.105748488098537,0.0226256455785245));
#7773=CARTESIAN_POINT('Ctrl Pts',(-0.00264041954135685,-0.105748488098537,
0.0226256455785245));
#7774=CARTESIAN_POINT('Ctrl Pts',(-0.00238204842573226,-0.105583510291364,
0.0225632699514204));
#7775=CARTESIAN_POINT('Ctrl Pts',(-0.00210292166963678,-0.105439785812042,
0.0225087702426032));
#7776=CARTESIAN_POINT('Ctrl Pts',(-0.00122932493509066,-0.105092875070081,
0.0223770800761027));
#7777=CARTESIAN_POINT('Ctrl Pts',(-0.000595684435297143,-0.104977389088297,
0.0223329923957951));
#7778=CARTESIAN_POINT('Ctrl Pts',(0.000595684435299332,-0.104977389088297,
0.0223329923957951));
#7779=CARTESIAN_POINT('Ctrl Pts',(0.00122932493509286,-0.105092875070081,
0.0223770800761027));
#7780=CARTESIAN_POINT('Ctrl Pts',(0.00210292166963933,-0.105439785812042,
0.0225087702426032));
#7781=CARTESIAN_POINT('Ctrl Pts',(0.00238204842573509,-0.105583510291365,
0.0225632699514205));
#7782=CARTESIAN_POINT('Ctrl Pts',(0.00264041954135994,-0.105748488098537,
0.0226256455785247));
#7783=CARTESIAN_POINT('',(-0.0114803511446048,-0.111393053002526,0.0248828561923604));
#7784=CARTESIAN_POINT('Ctrl Pts',(-0.0114803511446419,-0.111393053002549,
0.0248828561923704));
#7785=CARTESIAN_POINT('Ctrl Pts',(-0.00693451077774707,-0.108490395816301,
0.0236623196396515));
#7786=CARTESIAN_POINT('Ctrl Pts',(-0.00264041954136153,-0.10574848809854,
0.0226256455785256));
#7787=CARTESIAN_POINT('',(-0.0177414759437238,-0.110568760285017,0.0248828561923607));
#7788=CARTESIAN_POINT('Ctrl Pts',(-0.0114803511446048,-0.111393053002526,
0.0248828561923604));
#7789=CARTESIAN_POINT('Ctrl Pts',(-0.0118726206398396,-0.111643528993188,
0.0249881786891505));
#7790=CARTESIAN_POINT('Ctrl Pts',(-0.0123167878510135,-0.11184622433134,
0.0250787983577239));
#7791=CARTESIAN_POINT('Ctrl Pts',(-0.0134309111871691,-0.112161724209497,
0.0252389140566913));
#7792=CARTESIAN_POINT('Ctrl Pts',(-0.0141234757299699,-0.112206131724813,
0.0252856234439721));
#7793=CARTESIAN_POINT('Ctrl Pts',(-0.0153988539031167,-0.11203822500295,
0.0252856234439721));
#7794=CARTESIAN_POINT('Ctrl Pts',(-0.0160563263706706,-0.111816081743385,
0.0252389140566913));
#7795=CARTESIAN_POINT('Ctrl Pts',(-0.0170508294975397,-0.111222975924893,
0.025078798357724));
#7796=CARTESIAN_POINT('Ctrl Pts',(-0.0174274006641355,-0.110912228329441,
0.0249881786891507));
#7797=CARTESIAN_POINT('Ctrl Pts',(-0.0177414759437238,-0.110568760285016,
0.0248828561923608));
#7798=CARTESIAN_POINT('',(-0.0248192732834609,-0.102828586609764,0.0226256455785247));
#7799=CARTESIAN_POINT('Ctrl Pts',(-0.0248192732834571,-0.102828586609768,
0.0226256455785259));
#7800=CARTESIAN_POINT('Ctrl Pts',(-0.0213811575950607,-0.10658845868104,
0.0236623196396518));
#7801=CARTESIAN_POINT('Ctrl Pts',(-0.017741475943694,-0.110568760285049,
0.0248828561923707));
#7802=CARTESIAN_POINT('',(-0.029920172137934,-0.101461804881035,0.0226256455785246));
#7803=CARTESIAN_POINT('Ctrl Pts',(-0.0299201721379339,-0.101461804881035,
0.0226256455785246));
#7804=CARTESIAN_POINT('Ctrl Pts',(-0.0296279054060694,-0.101369319921751,
0.0225632699514204));
#7805=CARTESIAN_POINT('Ctrl Pts',(-0.0293210910310523,-0.101302736055778,
0.0225087702426032));
#7806=CARTESIAN_POINT('Ctrl Pts',(-0.0283874742764222,-0.101193749483341,
0.0223770800761027));
#7807=CARTESIAN_POINT('Ctrl Pts',(-0.0277455345815608,-0.101246196820056,
0.0223329923957951));
#7808=CARTESIAN_POINT('Ctrl Pts',(-0.0265947606208148,-0.101554545773509,
0.0223329923957951));
#7809=CARTESIAN_POINT('Ctrl Pts',(-0.0260126008690097,-0.101830094894983,
0.0223770800761027));
#7810=CARTESIAN_POINT('Ctrl Pts',(-0.0252585583283195,-0.1023912884127,
0.0225087702426032));
#7811=CARTESIAN_POINT('Ctrl Pts',(-0.0250261412182945,-0.102602358919623,
0.0225632699514205));
#7812=CARTESIAN_POINT('Ctrl Pts',(-0.0248192732834609,-0.102828586609764,
0.0226256455785247));
#7813=CARTESIAN_POINT('',(-0.0399198112746093,-0.104626093243638,0.0248828561923604));
#7814=CARTESIAN_POINT('Ctrl Pts',(-0.0399198112746513,-0.104626093243652,
0.0248828561923704));
#7815=CARTESIAN_POINT('Ctrl Pts',(-0.0347776037008756,-0.102998891765539,
0.0236623196396515));
#7816=CARTESIAN_POINT('Ctrl Pts',(-0.0299201721379392,-0.101461804881037,
0.0226256455785257));
#7817=CARTESIAN_POINT('',(-0.045754250765667,-0.102209389277598,0.0248828561923605));
#7818=CARTESIAN_POINT('Ctrl Pts',(-0.0399198112746093,-0.104626093243638,
0.0248828561923604));
#7819=CARTESIAN_POINT('Ctrl Pts',(-0.0403635424676462,-0.104766507655705,
0.0249881786891505));
#7820=CARTESIAN_POINT('Ctrl Pts',(-0.0408450364619772,-0.104847337384233,
0.0250787983577239));
#7821=CARTESIAN_POINT('Ctrl Pts',(-0.0420028543432358,-0.104863730526745,
0.0252389140566913));
#7822=CARTESIAN_POINT('Ctrl Pts',(-0.0426833138322086,-0.104727375999031,
0.0252856234439721));
#7823=CARTESIAN_POINT('Ctrl Pts',(-0.0438717770905175,-0.104235098399057,
0.0252856234439721));
#7824=CARTESIAN_POINT('Ctrl Pts',(-0.0444493518206854,-0.103850358091274,
0.0252389140566913));
#7825=CARTESIAN_POINT('Ctrl Pts',(-0.0452564609936666,-0.103020065513822,
0.0250787983577239));
#7826=CARTESIAN_POINT('Ctrl Pts',(-0.0455397734129949,-0.102622442596166,
0.0249881786891506));
#7827=CARTESIAN_POINT('Ctrl Pts',(-0.045754250765667,-0.102209389277598,
0.0248828561923606));
#7828=CARTESIAN_POINT('',(-0.0505875736498022,-0.0929010868758096,0.0226256455785247));
#7829=CARTESIAN_POINT('Ctrl Pts',(-0.0505875736497996,-0.0929010868758146,
0.0226256455785259));
#7830=CARTESIAN_POINT('Ctrl Pts',(-0.0482397354118023,-0.0974226942324212,
0.0236623196396517));
#7831=CARTESIAN_POINT('Ctrl Pts',(-0.0457542507656466,-0.102209389277637,
0.0248828561923706));
#7832=CARTESIAN_POINT('',(-0.0551609144487329,-0.0902606673344508,0.0226256455785246));
#7833=CARTESIAN_POINT('Ctrl Pts',(-0.0551609144487329,-0.0902606673344508,
0.0226256455785246));
#7834=CARTESIAN_POINT('Ctrl Pts',(-0.0548546695954115,-0.090246977920191,
0.0225632699514204));
#7835=CARTESIAN_POINT('Ctrl Pts',(-0.0545410764940954,-0.0902620722479997,
0.0225087702426032));
#7836=CARTESIAN_POINT('Ctrl Pts',(-0.0536110641583349,-0.0903984370998893,
0.0223770800761027));
#7837=CARTESIAN_POINT('Ctrl Pts',(-0.0530045723977549,-0.0906152435557799,
0.0223329923957951));
#7838=CARTESIAN_POINT('Ctrl Pts',(-0.0519728166905404,-0.0912109279910781,
0.0223329923957951));
#7839=CARTESIAN_POINT('Ctrl Pts',(-0.0514818109117447,-0.091627762034981,
0.0223770800761027));
#7840=CARTESIAN_POINT('Ctrl Pts',(-0.0508987093179446,-0.0923649939176379,
0.0225087702426032));
#7841=CARTESIAN_POINT('Ctrl Pts',(-0.0507288406959511,-0.092629026345925,
0.0225632699514205));
#7842=CARTESIAN_POINT('Ctrl Pts',(-0.0505875736498022,-0.0929010868758096,
0.0226256455785247));
#7843=CARTESIAN_POINT('',(-0.0656388022368565,-0.0907290381329912,0.0248828561923604));
#7844=CARTESIAN_POINT('Ctrl Pts',(-0.0656388022369005,-0.0907290381329932,
0.0248828561923704));
#7845=CARTESIAN_POINT('Ctrl Pts',(-0.0602506604044969,-0.0904881834546722,
0.0236623196396516));
#7846=CARTESIAN_POINT('Ctrl Pts',(-0.0551609144487385,-0.090260667334451,
0.0226256455785258));
#7847=CARTESIAN_POINT('',(-0.0706489490104039,-0.0868846172999131,0.0248828561923605));
#7848=CARTESIAN_POINT('Ctrl Pts',(-0.0656388022368565,-0.0907290381329912,
0.0248828561923604));
#7849=CARTESIAN_POINT('Ctrl Pts',(-0.0661037555801906,-0.0907498219563252,
0.0249881786891505));
#7850=CARTESIAN_POINT('Ctrl Pts',(-0.0665897633376715,-0.090703277662807,
0.0250787983577239));
#7851=CARTESIAN_POINT('Ctrl Pts',(-0.0677123723888097,-0.0904194469041039,
0.0252389140566913));
#7852=CARTESIAN_POINT('Ctrl Pts',(-0.0683343546342935,-0.0901116226690861,
0.0252856234439721));
#7853=CARTESIAN_POINT('Ctrl Pts',(-0.0693549111707392,-0.0893285220959129,
0.0252856234439721));
#7854=CARTESIAN_POINT('Ctrl Pts',(-0.0698132274001474,-0.0888074041560736,
0.0252389140566913));
#7855=CARTESIAN_POINT('Ctrl Pts',(-0.070377939462913,-0.0877965078866917,
0.0250787983577239));
#7856=CARTESIAN_POINT('Ctrl Pts',(-0.0705486858617922,-0.0873391069915677,
0.0249881786891505));
#7857=CARTESIAN_POINT('Ctrl Pts',(-0.0706489490104039,-0.0868846172999131,
0.0248828561923605));
#7858=CARTESIAN_POINT('',(-0.0729084144718277,-0.0766425315975736,0.0226256455785247));
#7859=CARTESIAN_POINT('Ctrl Pts',(-0.0729084144718265,-0.0766425315975791,
0.0226256455785259));
#7860=CARTESIAN_POINT('Ctrl Pts',(-0.0718108549801613,-0.0816177341704776,
0.0236623196396517));
#7861=CARTESIAN_POINT('Ctrl Pts',(-0.0706489490103943,-0.0868846172999562,
0.0248828561923705));
#7862=CARTESIAN_POINT('',(-0.0766425315975718,-0.0729084144718291,0.0226256455785246));
#7863=CARTESIAN_POINT('Ctrl Pts',(-0.0766425315975718,-0.0729084144718291,
0.0226256455785246));
#7864=CARTESIAN_POINT('Ctrl Pts',(-0.0763431787034538,-0.0729744535135531,
0.0225632699514204));
#7865=CARTESIAN_POINT('Ctrl Pts',(-0.0760441777274565,-0.0730701973816473,
0.0225087702426032));
#7866=CARTESIAN_POINT('Ctrl Pts',(-0.0751811486143296,-0.0734426206185607,
0.0223770800761027));
#7867=CARTESIAN_POINT('Ctrl Pts',(-0.0746514361992395,-0.0738090111919475,
0.0223329923957951));
#7868=CARTESIAN_POINT('Ctrl Pts',(-0.0738090111919462,-0.0746514361992408,
0.0223329923957951));
#7869=CARTESIAN_POINT('Ctrl Pts',(-0.0734426206185594,-0.0751811486143309,
0.0223770800761027));
#7870=CARTESIAN_POINT('Ctrl Pts',(-0.073070197381646,-0.0760441777274579,
0.0225087702426032));
#7871=CARTESIAN_POINT('Ctrl Pts',(-0.0729744535135517,-0.0763431787034555,
0.0225632699514205));
#7872=CARTESIAN_POINT('Ctrl Pts',(-0.0729084144718277,-0.0766425315975736,
0.0226256455785247));
#7873=CARTESIAN_POINT('',(-0.0868846172999114,-0.0706489490104055,0.0248828561923604));
#7874=CARTESIAN_POINT('Ctrl Pts',(-0.0868846172999544,-0.070648949010396,
0.0248828561923704));
#7875=CARTESIAN_POINT('Ctrl Pts',(-0.0816177341704757,-0.0718108549801628,
0.0236623196396516));
#7876=CARTESIAN_POINT('Ctrl Pts',(-0.0766425315975772,-0.072908414471828,
0.0226256455785258));
#7877=CARTESIAN_POINT('',(-0.0907290381329901,-0.0656388022368586,0.0248828561923605));
#7878=CARTESIAN_POINT('Ctrl Pts',(-0.0868846172999114,-0.0706489490104055,
0.0248828561923604));
#7879=CARTESIAN_POINT('Ctrl Pts',(-0.0873391069915661,-0.0705486858617939,
0.0249881786891505));
#7880=CARTESIAN_POINT('Ctrl Pts',(-0.0877965078866904,-0.0703779394629146,
0.0250787983577239));
#7881=CARTESIAN_POINT('Ctrl Pts',(-0.0888074041560724,-0.069813227400149,
0.0252389140566913));
#7882=CARTESIAN_POINT('Ctrl Pts',(-0.0893285220959117,-0.0693549111707408,
0.0252856234439721));
#7883=CARTESIAN_POINT('Ctrl Pts',(-0.0901116226690849,-0.0683343546342951,
0.0252856234439721));
#7884=CARTESIAN_POINT('Ctrl Pts',(-0.0904194469041027,-0.0677123723888113,
0.0252389140566913));
#7885=CARTESIAN_POINT('Ctrl Pts',(-0.0907032776628058,-0.0665897633376732,
0.0250787983577239));
#7886=CARTESIAN_POINT('Ctrl Pts',(-0.090749821956324,-0.0661037555801925,
0.0249881786891505));
#7887=CARTESIAN_POINT('Ctrl Pts',(-0.0907290381329901,-0.0656388022368586,
0.0248828561923605));
#7888=CARTESIAN_POINT('',(-0.0902606673344498,-0.055160914448735,0.0226256455785247));
#7889=CARTESIAN_POINT('Ctrl Pts',(-0.0902606673344501,-0.0551609144487406,
0.0226256455785259));
#7890=CARTESIAN_POINT('Ctrl Pts',(-0.0904881834546712,-0.060250660404499,
0.0236623196396517));
#7891=CARTESIAN_POINT('Ctrl Pts',(-0.0907290381329921,-0.0656388022369025,
0.0248828561923705));
#7892=CARTESIAN_POINT('',(-0.0929010868758079,-0.0505875736498042,0.0226256455785245));
#7893=CARTESIAN_POINT('Ctrl Pts',(-0.0929010868758079,-0.0505875736498042,
0.0226256455785246));
#7894=CARTESIAN_POINT('Ctrl Pts',(-0.0926290263459236,-0.050728840695953,
0.0225632699514204));
#7895=CARTESIAN_POINT('Ctrl Pts',(-0.0923649939176368,-0.0508987093179464,
0.0225087702426032));
#7896=CARTESIAN_POINT('Ctrl Pts',(-0.0916277620349801,-0.0514818109117463,
0.0223770800761027));
#7897=CARTESIAN_POINT('Ctrl Pts',(-0.0912109279910772,-0.051972816690542,
0.0223329923957951));
#7898=CARTESIAN_POINT('Ctrl Pts',(-0.090615243555779,-0.0530045723977565,
0.0223329923957951));
#7899=CARTESIAN_POINT('Ctrl Pts',(-0.0903984370998884,-0.0536110641583365,
0.0223770800761027));
#7900=CARTESIAN_POINT('Ctrl Pts',(-0.0902620722479987,-0.0545410764940972,
0.0225087702426032));
#7901=CARTESIAN_POINT('Ctrl Pts',(-0.0902469779201901,-0.0548546695954134,
0.0225632699514205));
#7902=CARTESIAN_POINT('Ctrl Pts',(-0.0902606673344498,-0.055160914448735,
0.0226256455785247));
#7903=CARTESIAN_POINT('',(-0.102209389277596,-0.0457542507656691,0.0248828561923604));
#7904=CARTESIAN_POINT('Ctrl Pts',(-0.102209389277635,-0.0457542507656488,
0.0248828561923704));
#7905=CARTESIAN_POINT('Ctrl Pts',(-0.0974226942324195,-0.0482397354118044,
0.0236623196396515));
#7906=CARTESIAN_POINT('Ctrl Pts',(-0.0929010868758129,-0.0505875736498017,
0.0226256455785257));
#7907=CARTESIAN_POINT('',(-0.104626093243638,-0.0399198112746117,0.0248828561923605));
#7908=CARTESIAN_POINT('Ctrl Pts',(-0.102209389277596,-0.0457542507656691,
0.0248828561923604));
#7909=CARTESIAN_POINT('Ctrl Pts',(-0.102622442596165,-0.0455397734129971,
0.0249881786891505));
#7910=CARTESIAN_POINT('Ctrl Pts',(-0.103020065513821,-0.0452564609936686,
0.0250787983577239));
#7911=CARTESIAN_POINT('Ctrl Pts',(-0.103850358091273,-0.0444493518206872,
0.0252389140566913));
#7912=CARTESIAN_POINT('Ctrl Pts',(-0.104235098399056,-0.0438717770905194,
0.0252856234439721));
#7913=CARTESIAN_POINT('Ctrl Pts',(-0.10472737599903,-0.0426833138322104,
0.0252856234439721));
#7914=CARTESIAN_POINT('Ctrl Pts',(-0.104863730526744,-0.0420028543432376,
0.0252389140566913));
#7915=CARTESIAN_POINT('Ctrl Pts',(-0.104847337384232,-0.0408450364619793,
0.0250787983577239));
#7916=CARTESIAN_POINT('Ctrl Pts',(-0.104766507655704,-0.0403635424676485,
0.0249881786891506));
#7917=CARTESIAN_POINT('Ctrl Pts',(-0.104626093243638,-0.0399198112746117,
0.0248828561923605));
#7918=CARTESIAN_POINT('',(-0.101461804881035,-0.0299201721379363,0.0226256455785247));
#7919=CARTESIAN_POINT('Ctrl Pts',(-0.101461804881036,-0.0299201721379415,
0.0226256455785259));
#7920=CARTESIAN_POINT('Ctrl Pts',(-0.102998891765539,-0.034777603700878,
0.0236623196396517));
#7921=CARTESIAN_POINT('Ctrl Pts',(-0.104626093243651,-0.0399198112746537,
0.0248828561923705));
#7922=CARTESIAN_POINT('',(-0.102828586609762,-0.0248192732834639,0.0226256455785243));
#7923=CARTESIAN_POINT('Ctrl Pts',(-0.102828586609762,-0.0248192732834639,
0.0226256455785244));
#7924=CARTESIAN_POINT('Ctrl Pts',(-0.102602358919622,-0.0250261412182972,
0.0225632699514203));
#7925=CARTESIAN_POINT('Ctrl Pts',(-0.1023912884127,-0.0252585583283218,
0.0225087702426031));
#7926=CARTESIAN_POINT('Ctrl Pts',(-0.101830094894983,-0.0260126008690114,
0.0223770800761027));
#7927=CARTESIAN_POINT('Ctrl Pts',(-0.101554545773508,-0.0265947606208166,
0.0223329923957951));
#7928=CARTESIAN_POINT('Ctrl Pts',(-0.101246196820056,-0.0277455345815626,
0.0223329923957951));
#7929=CARTESIAN_POINT('Ctrl Pts',(-0.101193749483341,-0.028387474276424,
0.0223770800761027));
#7930=CARTESIAN_POINT('Ctrl Pts',(-0.101302736055778,-0.0293210910310543,
0.0225087702426032));
#7931=CARTESIAN_POINT('Ctrl Pts',(-0.10136931992175,-0.0296279054060716,
0.0225632699514205));
#7932=CARTESIAN_POINT('Ctrl Pts',(-0.101461804881035,-0.0299201721379363,
0.0226256455785247));
#7933=CARTESIAN_POINT('Ctrl Pts',(-0.110568760285048,-0.0177414759436968,
0.0248828561923705));
#7934=CARTESIAN_POINT('Ctrl Pts',(-0.106588458681038,-0.0213811575950636,
0.0236623196396515));
#7935=CARTESIAN_POINT('Ctrl Pts',(-0.102828586609767,-0.0248192732834601,
0.0226256455785255));
#7936=CARTESIAN_POINT('Origin',(0.,0.,0.1));
#7937=CARTESIAN_POINT('',(-0.125,-1.53080849893419E-17,0.0897189483882954));
#7938=CARTESIAN_POINT('Origin',(0.,0.,0.0897189483882954));
#7939=CARTESIAN_POINT('',(-0.125,-1.53080849893419E-17,0.03));
#7940=CARTESIAN_POINT('',(-0.125,-1.53080849893419E-17,0.1));
#7941=CARTESIAN_POINT('Origin',(0.,0.,0.03));
#7942=CARTESIAN_POINT('Origin',(0.,0.115625,0.03));
#7943=CARTESIAN_POINT('',(0.0929010868758098,-0.0505875736498019,0.03));
#7944=CARTESIAN_POINT('',(0.102209389277597,-0.045754250765667,0.03));
#7945=CARTESIAN_POINT('',(0.0929010868758098,-0.0505875736498019,0.03));
#7946=CARTESIAN_POINT('',(0.104626093243639,-0.0399198112746089,0.03));
#7947=CARTESIAN_POINT('Origin',(0.0999484532426604,-0.0414000048713215,
0.03));
#7948=CARTESIAN_POINT('',(0.101461804881035,-0.0299201721379342,0.03));
#7949=CARTESIAN_POINT('',(0.104626093243639,-0.0399198112746089,0.03));
#7950=CARTESIAN_POINT('',(0.102828586609764,-0.0248192732834605,0.03));
#7951=CARTESIAN_POINT('Origin',(0.106139444882013,-0.0284399785412216,0.03));
#7952=CARTESIAN_POINT('',(0.110568760285015,-0.0177414759437252,0.03));
#7953=CARTESIAN_POINT('',(0.102828586609764,-0.0248192732834605,0.03));
#7954=CARTESIAN_POINT('',(0.111393053002525,-0.0114803511446051,0.03));
#7955=CARTESIAN_POINT('Origin',(0.107257902012765,-0.014120770685964,0.03));
#7956=CARTESIAN_POINT('',(0.105748488098537,-0.00264041954135885,0.03));
#7957=CARTESIAN_POINT('',(0.111393053002525,-0.0114803511446051,0.03));
#7958=CARTESIAN_POINT('',(0.105748488098537,0.00264041954135883,0.03));
#7959=CARTESIAN_POINT('Origin',(0.109883639088297,-6.40276873515062E-18,
0.03));
#7960=CARTESIAN_POINT('',(0.111393053002526,0.011480351144606,0.03));
#7961=CARTESIAN_POINT('',(0.105748488098537,0.00264041954135883,0.03));
#7962=CARTESIAN_POINT('',(0.110568760285015,0.0177414759437261,0.03));
#7963=CARTESIAN_POINT('Origin',(0.107257902012766,0.0141207706859648,0.03));
#7964=CARTESIAN_POINT('',(0.102828586609764,0.0248192732834619,0.03));
#7965=CARTESIAN_POINT('',(0.110568760285015,0.0177414759437261,0.03));
#7966=CARTESIAN_POINT('',(0.101461804881035,0.0299201721379356,0.03));
#7967=CARTESIAN_POINT('Origin',(0.106139444882013,0.0284399785412231,0.03));
#7968=CARTESIAN_POINT('',(0.104626093243638,0.0399198112746104,0.03));
#7969=CARTESIAN_POINT('',(0.101461804881035,0.0299201721379356,0.03));
#7970=CARTESIAN_POINT('',(0.102209389277597,0.0457542507656684,0.03));
#7971=CARTESIAN_POINT('Origin',(0.0999484532426598,0.0414000048713229,0.03));
#7972=CARTESIAN_POINT('',(0.0929010868758091,0.0505875736498032,0.03));
#7973=CARTESIAN_POINT('',(0.102209389277597,0.0457542507656684,0.03));
#7974=CARTESIAN_POINT('',(0.0902606673344502,0.0551609144487344,0.03));
#7975=CARTESIAN_POINT('Origin',(0.0951620229107458,0.0549418195441486,0.03));
#7976=CARTESIAN_POINT('',(0.0907290381329905,0.0656388022368575,0.03));
#7977=CARTESIAN_POINT('',(0.0902606673344502,0.0551609144487344,0.03));
#7978=CARTESIAN_POINT('',(0.0868846172999119,0.0706489490104049,0.03));
#7979=CARTESIAN_POINT('Origin',(0.0858276825566949,0.0658578971414433,0.03));
#7980=CARTESIAN_POINT('',(0.0766425315975729,0.0729084144718285,0.03));
#7981=CARTESIAN_POINT('',(0.0868846172999119,0.0706489490104049,0.03));
#7982=CARTESIAN_POINT('',(0.0729084144718282,0.0766425315975731,0.03));
#7983=CARTESIAN_POINT('Origin',(0.0776994663407898,0.0776994663407901,0.03));
#7984=CARTESIAN_POINT('',(0.0706489490104046,0.0868846172999121,0.03));
#7985=CARTESIAN_POINT('',(0.0729084144718282,0.0766425315975731,0.03));
#7986=CARTESIAN_POINT('',(0.0656388022368571,0.0907290381329908,0.03));
#7987=CARTESIAN_POINT('Origin',(0.065857897141443,0.0858276825566952,0.03));
#7988=CARTESIAN_POINT('',(0.0551609144487341,0.0902606673344504,0.03));
#7989=CARTESIAN_POINT('',(0.0656388022368571,0.0907290381329908,0.03));
#7990=CARTESIAN_POINT('',(0.0505875736498029,0.0929010868758093,0.03));
#7991=CARTESIAN_POINT('Origin',(0.0549418195441483,0.095162022910746,0.03));
#7992=CARTESIAN_POINT('',(0.045754250765668,0.102209389277597,0.03));
#7993=CARTESIAN_POINT('',(0.0505875736498029,0.0929010868758093,0.03));
#7994=CARTESIAN_POINT('',(0.03991981127461,0.104626093243638,0.03));
#7995=CARTESIAN_POINT('Origin',(0.0414000048713226,0.0999484532426599,0.03));
#7996=CARTESIAN_POINT('',(0.0299201721379353,0.101461804881035,0.03));
#7997=CARTESIAN_POINT('',(0.03991981127461,0.104626093243638,0.03));
#7998=CARTESIAN_POINT('',(0.0248192732834616,0.102828586609764,0.03));
#7999=CARTESIAN_POINT('Origin',(0.0284399785412227,0.106139444882013,0.03));
#8000=CARTESIAN_POINT('',(0.0177414759437257,0.110568760285015,0.03));
#8001=CARTESIAN_POINT('',(0.0248192732834616,0.102828586609764,0.03));
#8002=CARTESIAN_POINT('',(0.0114803511446056,0.111393053002526,0.03));
#8003=CARTESIAN_POINT('Origin',(0.0141207706859645,0.107257902012766,0.03));
#8004=CARTESIAN_POINT('',(0.00264041954135849,0.105748488098537,0.03));
#8005=CARTESIAN_POINT('',(0.0114803511446056,0.111393053002526,0.03));
#8006=CARTESIAN_POINT('',(-0.00264041954135921,0.105748488098537,0.03));
#8007=CARTESIAN_POINT('Origin',(-3.75629099128836E-16,0.109883639088297,
0.03));
#8008=CARTESIAN_POINT('',(-0.0114803511446064,0.111393053002526,0.03));
#8009=CARTESIAN_POINT('',(-0.00264041954135921,0.105748488098537,0.03));
#8010=CARTESIAN_POINT('',(-0.0177414759437265,0.110568760285015,0.03));
#8011=CARTESIAN_POINT('Origin',(-0.0141207706859652,0.107257902012766,0.03));
#8012=CARTESIAN_POINT('',(-0.0248192732834623,0.102828586609764,0.03));
#8013=CARTESIAN_POINT('',(-0.0177414759437265,0.110568760285015,0.03));
#8014=CARTESIAN_POINT('',(-0.029920172137936,0.101461804881035,0.03));
#8015=CARTESIAN_POINT('Origin',(-0.0284399785412235,0.106139444882013,0.03));
#8016=CARTESIAN_POINT('',(-0.0399198112746108,0.104626093243638,0.03));
#8017=CARTESIAN_POINT('',(-0.029920172137936,0.101461804881035,0.03));
#8018=CARTESIAN_POINT('',(-0.0457542507656688,0.102209389277596,0.03));
#8019=CARTESIAN_POINT('Origin',(-0.0414000048713233,0.0999484532426597,
0.03));
#8020=CARTESIAN_POINT('',(-0.0505875736498035,0.0929010868758089,0.03));
#8021=CARTESIAN_POINT('',(-0.0457542507656688,0.102209389277596,0.03));
#8022=CARTESIAN_POINT('',(-0.0551609144487347,0.0902606673344501,0.03));
#8023=CARTESIAN_POINT('Origin',(-0.0549418195441489,0.0951620229107456,
0.03));
#8024=CARTESIAN_POINT('',(-0.0656388022368578,0.0907290381329903,0.03));
#8025=CARTESIAN_POINT('',(-0.0551609144487347,0.0902606673344501,0.03));
#8026=CARTESIAN_POINT('',(-0.0706489490104052,0.0868846172999116,0.03));
#8027=CARTESIAN_POINT('Origin',(-0.0658578971414435,0.0858276825566947,
0.03));
#8028=CARTESIAN_POINT('',(-0.0729084144718287,0.0766425315975726,0.03));
#8029=CARTESIAN_POINT('',(-0.0706489490104052,0.0868846172999116,0.03));
#8030=CARTESIAN_POINT('',(-0.0766425315975734,0.072908414471828,0.03));
#8031=CARTESIAN_POINT('Origin',(-0.0776994663407904,0.0776994663407896,
0.03));
#8032=CARTESIAN_POINT('',(-0.0868846172999124,0.0706489490104043,0.03));
#8033=CARTESIAN_POINT('',(-0.0766425315975734,0.072908414471828,0.03));
#8034=CARTESIAN_POINT('',(-0.090729038132991,0.0656388022368568,0.03));
#8035=CARTESIAN_POINT('Origin',(-0.0858276825566954,0.0658578971414426,
0.03));
#8036=CARTESIAN_POINT('',(-0.0902606673344506,0.0551609144487338,0.03));
#8037=CARTESIAN_POINT('',(-0.090729038132991,0.0656388022368568,0.03));
#8038=CARTESIAN_POINT('',(-0.0929010868758094,0.0505875736498025,0.03));
#8039=CARTESIAN_POINT('Origin',(-0.0951620229107462,0.0549418195441479,
0.03));
#8040=CARTESIAN_POINT('',(-0.102209389277597,0.0457542507656677,0.03));
#8041=CARTESIAN_POINT('',(-0.0929010868758094,0.0505875736498025,0.03));
#8042=CARTESIAN_POINT('',(-0.104626093243638,0.0399198112746096,0.03));
#8043=CARTESIAN_POINT('Origin',(-0.0999484532426601,0.0414000048713222,
0.03));
#8044=CARTESIAN_POINT('',(-0.101461804881035,0.0299201721379349,0.03));
#8045=CARTESIAN_POINT('',(-0.104626093243638,0.0399198112746096,0.03));
#8046=CARTESIAN_POINT('',(-0.102828586609764,0.0248192732834612,0.03));
#8047=CARTESIAN_POINT('Origin',(-0.106139444882013,0.0284399785412224,0.03));
#8048=CARTESIAN_POINT('',(-0.110568760285015,0.0177414759437256,0.03));
#8049=CARTESIAN_POINT('',(-0.102828586609764,0.0248192732834612,0.03));
#8050=CARTESIAN_POINT('',(-0.111393053002525,0.0114803511446055,0.03));
#8051=CARTESIAN_POINT('Origin',(-0.107257902012766,0.0141207706859644,0.03));
#8052=CARTESIAN_POINT('',(-0.105748488098537,0.00264041954135885,0.03));
#8053=CARTESIAN_POINT('',(-0.111393053002525,0.0114803511446055,0.03));
#8054=CARTESIAN_POINT('',(-0.105748488098537,-0.00264041954135883,0.03));
#8055=CARTESIAN_POINT('Origin',(-0.109883639088297,6.40276873515062E-18,
0.03));
#8056=CARTESIAN_POINT('',(-0.111393053002526,-0.0114803511446064,0.03));
#8057=CARTESIAN_POINT('',(-0.105748488098537,-0.00264041954135883,0.03));
#8058=CARTESIAN_POINT('',(-0.110568760285015,-0.0177414759437265,0.03));
#8059=CARTESIAN_POINT('Origin',(-0.107257902012766,-0.0141207706859653,
0.03));
#8060=CARTESIAN_POINT('',(-0.102828586609764,-0.0248192732834626,0.03));
#8061=CARTESIAN_POINT('',(-0.110568760285015,-0.0177414759437265,0.03));
#8062=CARTESIAN_POINT('',(-0.101461804881035,-0.0299201721379363,0.03));
#8063=CARTESIAN_POINT('Origin',(-0.106139444882013,-0.0284399785412238,
0.03));
#8064=CARTESIAN_POINT('',(-0.104626093243638,-0.0399198112746111,0.03));
#8065=CARTESIAN_POINT('',(-0.101461804881035,-0.0299201721379363,0.03));
#8066=CARTESIAN_POINT('',(-0.102209389277596,-0.0457542507656691,0.03));
#8067=CARTESIAN_POINT('Origin',(-0.0999484532426595,-0.0414000048713236,
0.03));
#8068=CARTESIAN_POINT('',(-0.0929010868758087,-0.0505875736498038,0.03));
#8069=CARTESIAN_POINT('',(-0.102209389277596,-0.0457542507656691,0.03));
#8070=CARTESIAN_POINT('',(-0.0902606673344498,-0.055160914448735,0.03));
#8071=CARTESIAN_POINT('Origin',(-0.0951620229107455,-0.0549418195441492,
0.03));
#8072=CARTESIAN_POINT('',(-0.0907290381329901,-0.0656388022368581,0.03));
#8073=CARTESIAN_POINT('',(-0.0902606673344498,-0.055160914448735,0.03));
#8074=CARTESIAN_POINT('',(-0.0868846172999114,-0.0706489490104055,0.03));
#8075=CARTESIAN_POINT('Origin',(-0.0858276825566945,-0.0658578971414439,
0.03));
#8076=CARTESIAN_POINT('',(-0.0766425315975724,-0.072908414471829,0.03));
#8077=CARTESIAN_POINT('',(-0.0868846172999114,-0.0706489490104055,0.03));
#8078=CARTESIAN_POINT('',(-0.0729084144718277,-0.0766425315975736,0.03));
#8079=CARTESIAN_POINT('Origin',(-0.0776994663407893,-0.0776994663407906,
0.03));
#8080=CARTESIAN_POINT('',(-0.070648949010404,-0.0868846172999126,0.03));
#8081=CARTESIAN_POINT('',(-0.0729084144718277,-0.0766425315975736,0.03));
#8082=CARTESIAN_POINT('',(-0.0656388022368565,-0.0907290381329912,0.03));
#8083=CARTESIAN_POINT('Origin',(-0.0658578971414424,-0.0858276825566956,
0.03));
#8084=CARTESIAN_POINT('',(-0.0551609144487335,-0.0902606673344508,0.03));
#8085=CARTESIAN_POINT('',(-0.0656388022368565,-0.0907290381329912,0.03));
#8086=CARTESIAN_POINT('',(-0.0505875736498022,-0.0929010868758096,0.03));
#8087=CARTESIAN_POINT('Origin',(-0.0549418195441476,-0.0951620229107464,
0.03));
#8088=CARTESIAN_POINT('',(-0.0457542507656673,-0.102209389277597,0.03));
#8089=CARTESIAN_POINT('',(-0.0505875736498022,-0.0929010868758096,0.03));
#8090=CARTESIAN_POINT('',(-0.0399198112746093,-0.104626093243638,0.03));
#8091=CARTESIAN_POINT('Origin',(-0.0414000048713219,-0.0999484532426602,
0.03));
#8092=CARTESIAN_POINT('',(-0.0299201721379346,-0.101461804881035,0.03));
#8093=CARTESIAN_POINT('',(-0.0399198112746093,-0.104626093243638,0.03));
#8094=CARTESIAN_POINT('',(-0.0248192732834609,-0.102828586609764,0.03));
#8095=CARTESIAN_POINT('Origin',(-0.028439978541222,-0.106139444882013,0.03));
#8096=CARTESIAN_POINT('',(-0.0177414759437249,-0.110568760285015,0.03));
#8097=CARTESIAN_POINT('',(-0.0248192732834609,-0.102828586609764,0.03));
#8098=CARTESIAN_POINT('',(-0.0114803511446048,-0.111393053002526,0.03));
#8099=CARTESIAN_POINT('Origin',(-0.0141207706859637,-0.107257902012766,
0.03));
#8100=CARTESIAN_POINT('',(-0.00264041954135777,-0.105748488098537,0.03));
#8101=CARTESIAN_POINT('',(-0.0114803511446048,-0.111393053002526,0.03));
#8102=CARTESIAN_POINT('',(0.00264041954135995,-0.105748488098537,0.03));
#8103=CARTESIAN_POINT('Origin',(1.1370250145505E-15,-0.109883639088297,
0.03));
#8104=CARTESIAN_POINT('',(0.0114803511446071,-0.111393053002525,0.03));
#8105=CARTESIAN_POINT('',(0.00264041954135995,-0.105748488098537,0.03));
#8106=CARTESIAN_POINT('',(0.0177414759437272,-0.110568760285015,0.03));
#8107=CARTESIAN_POINT('Origin',(0.014120770685966,-0.107257902012766,0.03));
#8108=CARTESIAN_POINT('',(0.024819273283463,-0.102828586609764,0.03));
#8109=CARTESIAN_POINT('',(0.0177414759437272,-0.110568760285015,0.03));
#8110=CARTESIAN_POINT('',(0.0299201721379367,-0.101461804881035,0.03));
#8111=CARTESIAN_POINT('Origin',(0.0284399785412242,-0.106139444882013,0.03));
#8112=CARTESIAN_POINT('',(0.0399198112746115,-0.104626093243638,0.03));
#8113=CARTESIAN_POINT('',(0.0299201721379367,-0.101461804881035,0.03));
#8114=CARTESIAN_POINT('',(0.0457542507656695,-0.102209389277596,0.03));
#8115=CARTESIAN_POINT('Origin',(0.041400004871324,-0.0999484532426593,0.03));
#8116=CARTESIAN_POINT('',(0.0505875736498041,-0.0929010868758086,0.03));
#8117=CARTESIAN_POINT('',(0.0457542507656695,-0.102209389277596,0.03));
#8118=CARTESIAN_POINT('',(0.0551609144487353,-0.0902606673344497,0.03));
#8119=CARTESIAN_POINT('Origin',(0.0549418195441496,-0.0951620229107453,
0.03));
#8120=CARTESIAN_POINT('',(0.0656388022368584,-0.0907290381329899,0.03));
#8121=CARTESIAN_POINT('',(0.0551609144487353,-0.0902606673344497,0.03));
#8122=CARTESIAN_POINT('',(0.0706489490104058,-0.0868846172999111,0.03));
#8123=CARTESIAN_POINT('Origin',(0.0658578971414442,-0.0858276825566942,
0.03));
#8124=CARTESIAN_POINT('',(0.0729084144718293,-0.0766425315975721,0.03));
#8125=CARTESIAN_POINT('',(0.0706489490104058,-0.0868846172999111,0.03));
#8126=CARTESIAN_POINT('',(0.0766425315975739,-0.0729084144718274,0.03));
#8127=CARTESIAN_POINT('Origin',(0.0776994663407909,-0.077699466340789,0.03));
#8128=CARTESIAN_POINT('',(0.0868846172999129,-0.0706489490104037,0.03));
#8129=CARTESIAN_POINT('',(0.0766425315975739,-0.0729084144718274,0.03));
#8130=CARTESIAN_POINT('',(0.0907290381329915,-0.0656388022368562,0.03));
#8131=CARTESIAN_POINT('Origin',(0.0858276825566958,-0.0658578971414421,
0.03));
#8132=CARTESIAN_POINT('',(0.090260667334451,-0.0551609144487331,0.03));
#8133=CARTESIAN_POINT('',(0.0907290381329915,-0.0656388022368562,0.03));
#8134=CARTESIAN_POINT('Origin',(0.0951620229107466,-0.0549418195441473,
0.03));
#8135=CARTESIAN_POINT('Origin',(0.107257902012765,-0.014120770685964,0.0645891777697534));
#8136=CARTESIAN_POINT('',(0.111393053002525,-0.0114803511446051,0.03));
#8137=CARTESIAN_POINT('',(0.110568760285015,-0.0177414759437252,0.03));
#8138=CARTESIAN_POINT('Origin',(0.106139444882013,-0.0284399785412216,0.0645719199669427));
#8139=CARTESIAN_POINT('',(0.101461804881035,-0.0299201721379342,0.03));
#8140=CARTESIAN_POINT('',(0.102828586609764,-0.0248192732834605,0.03));
#8141=CARTESIAN_POINT('Origin',(0.0999484532426604,-0.0414000048713215,
0.0630396575102489));
#8142=CARTESIAN_POINT('',(0.104626093243639,-0.0399198112746089,0.0248828561923604));
#8143=CARTESIAN_POINT('',(0.102209389277597,-0.045754250765667,0.0248828561923605));
#8144=CARTESIAN_POINT('Origin',(0.106351195232049,-0.0453713995564901,0.0645719199669427));
#8145=CARTESIAN_POINT('Origin',(0.0951620229107466,-0.0549418195441473,
0.0630396575102489));
#8146=CARTESIAN_POINT('',(0.090260667334451,-0.0551609144487331,0.03));
#8147=CARTESIAN_POINT('',(0.0929010868758098,-0.0505875736498019,0.03));
#8148=CARTESIAN_POINT('Origin',(0.0901207685813188,-0.0520312499999989,
0.0630396575102489));
#8149=CARTESIAN_POINT('Origin',(0.0858276825566958,-0.0658578971414421,
0.0625993836220503));
#8150=CARTESIAN_POINT('',(0.0907290381329915,-0.0656388022368562,0.0248828561923604));
#8151=CARTESIAN_POINT('',(0.0868846172999129,-0.0706489490104037,0.0248828561923605));
#8152=CARTESIAN_POINT('Origin',(0.0909843838231708,-0.0713511214019648,
0.0630396575102489));
#8153=CARTESIAN_POINT('Origin',(0.0776994663407909,-0.077699466340789,0.0625993836220503));
#8154=CARTESIAN_POINT('',(0.0729084144718293,-0.0766425315975721,0.03));
#8155=CARTESIAN_POINT('',(0.0766425315975739,-0.0729084144718274,0.03));
#8156=CARTESIAN_POINT('Origin',(0.073583299417226,-0.0735832994172242,0.0625993836220503));
#8157=CARTESIAN_POINT('Origin',(0.0658578971414442,-0.0858276825566942,
0.0630396575102486));
#8158=CARTESIAN_POINT('',(0.0706489490104058,-0.0868846172999111,0.0248828561923604));
#8159=CARTESIAN_POINT('',(0.0656388022368584,-0.0907290381329899,0.0248828561923605));
#8160=CARTESIAN_POINT('Origin',(0.0694171370155474,-0.0924683822371989,
0.0625993836220503));
#8161=CARTESIAN_POINT('Origin',(0.0549418195441496,-0.0951620229107453,
0.0630396575102486));
#8162=CARTESIAN_POINT('',(0.0505875736498041,-0.0929010868758086,0.03));
#8163=CARTESIAN_POINT('',(0.0551609144487353,-0.0902606673344497,0.03));
#8164=CARTESIAN_POINT('Origin',(0.052031250000001,-0.0901207685813175,0.0630396575102486));
#8165=CARTESIAN_POINT('Origin',(0.041400004871324,-0.0999484532426593,0.0645719199669426));
#8166=CARTESIAN_POINT('',(0.0457542507656695,-0.102209389277596,0.0248828561923604));
#8167=CARTESIAN_POINT('',(0.0399198112746115,-0.104626093243638,0.0248828561923605));
#8168=CARTESIAN_POINT('Origin',(0.0431192270375573,-0.107284075634195,0.0630396575102486));
#8169=CARTESIAN_POINT('Origin',(0.0284399785412242,-0.106139444882013,0.0645719199669426));
#8170=CARTESIAN_POINT('',(0.024819273283463,-0.102828586609764,0.03));
#8171=CARTESIAN_POINT('',(0.0299201721379367,-0.101461804881035,0.03));
#8172=CARTESIAN_POINT('Origin',(0.0269333568809822,-0.100516656298206,0.0645719199669426));
#8173=CARTESIAN_POINT('Origin',(0.014120770685966,-0.107257902012766,0.0645891777697534));
#8174=CARTESIAN_POINT('',(0.0177414759437272,-0.110568760285015,0.0248828561923604));
#8175=CARTESIAN_POINT('',(0.0114803511446071,-0.111393053002525,0.0248828561923606));
#8176=CARTESIAN_POINT('Origin',(0.0138828129948496,-0.114788536572038,0.0645719199669426));
#8177=CARTESIAN_POINT('Origin',(1.1370250145505E-15,-0.109883639088297,
0.0645891777697534));
#8178=CARTESIAN_POINT('',(-0.00264041954135777,-0.105748488098537,0.03));
#8179=CARTESIAN_POINT('',(0.00264041954135995,-0.105748488098537,0.03));
#8180=CARTESIAN_POINT('Origin',(1.07725284971646E-15,-0.1040625,0.0645891777697534));
#8181=CARTESIAN_POINT('Origin',(-0.0141207706859637,-0.107257902012766,
0.0645719199669427));
#8182=CARTESIAN_POINT('',(-0.0114803511446048,-0.111393053002526,0.0248828561923604));
#8183=CARTESIAN_POINT('',(-0.0177414759437249,-0.110568760285015,0.0248828561923607));
#8184=CARTESIAN_POINT('Origin',(-0.0162996918110239,-0.114470348439522,
0.0645891777697534));
#8185=CARTESIAN_POINT('Origin',(-0.028439978541222,-0.106139444882013,0.0645719199669427));
#8186=CARTESIAN_POINT('',(-0.0299201721379346,-0.101461804881035,0.03));
#8187=CARTESIAN_POINT('',(-0.0248192732834609,-0.102828586609764,0.03));
#8188=CARTESIAN_POINT('Origin',(-0.0269333568809801,-0.100516656298206,
0.0645719199669427));
#8189=CARTESIAN_POINT('Origin',(-0.0414000048713219,-0.0999484532426602,
0.0630396575102489));
#8190=CARTESIAN_POINT('',(-0.0399198112746093,-0.104626093243638,0.0248828561923604));
#8191=CARTESIAN_POINT('',(-0.0457542507656673,-0.102209389277597,0.0248828561923605));
#8192=CARTESIAN_POINT('Origin',(-0.0453713995564905,-0.106351195232048,
0.0645719199669427));
#8193=CARTESIAN_POINT('Origin',(-0.0549418195441476,-0.0951620229107464,
0.0630396575102489));
#8194=CARTESIAN_POINT('',(-0.0551609144487335,-0.0902606673344508,0.03));
#8195=CARTESIAN_POINT('',(-0.0505875736498022,-0.0929010868758096,0.03));
#8196=CARTESIAN_POINT('Origin',(-0.0520312499999992,-0.0901207685813186,
0.0630396575102489));
#8197=CARTESIAN_POINT('Origin',(-0.0658578971414424,-0.0858276825566956,
0.0625993836220503));
#8198=CARTESIAN_POINT('',(-0.0656388022368565,-0.0907290381329912,0.0248828561923604));
#8199=CARTESIAN_POINT('',(-0.070648949010404,-0.0868846172999126,0.0248828561923605));
#8200=CARTESIAN_POINT('Origin',(-0.0713511214019651,-0.0909843838231706,
0.0630396575102489));
#8201=CARTESIAN_POINT('Origin',(-0.0776994663407893,-0.0776994663407906,
0.0625993836220503));
#8202=CARTESIAN_POINT('',(-0.0766425315975724,-0.072908414471829,0.03));
#8203=CARTESIAN_POINT('',(-0.0729084144718277,-0.0766425315975736,0.03));
#8204=CARTESIAN_POINT('Origin',(-0.0735832994172245,-0.0735832994172257,
0.0625993836220503));
#8205=CARTESIAN_POINT('Origin',(-0.0858276825566945,-0.0658578971414439,
0.0630396575102487));
#8206=CARTESIAN_POINT('',(-0.0868846172999114,-0.0706489490104055,0.0248828561923604));
#8207=CARTESIAN_POINT('',(-0.0907290381329901,-0.0656388022368581,0.0248828561923605));
#8208=CARTESIAN_POINT('Origin',(-0.0924683822371991,-0.0694171370155471,
0.0625993836220503));
#8209=CARTESIAN_POINT('Origin',(-0.0951620229107455,-0.0549418195441492,
0.0630396575102487));
#8210=CARTESIAN_POINT('',(-0.0929010868758087,-0.0505875736498038,0.03));
#8211=CARTESIAN_POINT('',(-0.0902606673344498,-0.055160914448735,0.03));
#8212=CARTESIAN_POINT('Origin',(-0.0901207685813177,-0.0520312500000007,
0.0630396575102487));
#8213=CARTESIAN_POINT('Origin',(-0.0999484532426595,-0.0414000048713236,
0.0645719199669426));
#8214=CARTESIAN_POINT('',(-0.102209389277596,-0.0457542507656691,0.0248828561923604));
#8215=CARTESIAN_POINT('',(-0.104626093243638,-0.0399198112746111,0.0248828561923605));
#8216=CARTESIAN_POINT('Origin',(-0.107284075634195,-0.043119227037557,0.0630396575102487));
#8217=CARTESIAN_POINT('Origin',(-0.106139444882013,-0.0284399785412238,
0.0645719199669426));
#8218=CARTESIAN_POINT('',(-0.102828586609764,-0.0248192732834626,0.03));
#8219=CARTESIAN_POINT('',(-0.101461804881035,-0.0299201721379363,0.03));
#8220=CARTESIAN_POINT('Origin',(-0.100516656298206,-0.0269333568809818,
0.0645719199669426));
#8221=CARTESIAN_POINT('Origin',(-0.107257902012766,-0.0141207706859653,
0.0645891777697534));
#8222=CARTESIAN_POINT('',(-0.110568760285015,-0.0177414759437265,0.0248828561923605));
#8223=CARTESIAN_POINT('',(-0.111393053002526,-0.0114803511446064,0.0248828561923605));
#8224=CARTESIAN_POINT('Origin',(-0.114788536572038,-0.0138828129948492,
0.0645719199669426));
#8225=CARTESIAN_POINT('Origin',(-0.109883639088297,6.40276873515062E-18,
0.0645891777697534));
#8226=CARTESIAN_POINT('',(-0.105748488098537,0.00264041954135885,0.03));
#8227=CARTESIAN_POINT('',(-0.105748488098537,-0.00264041954135883,0.03));
#8228=CARTESIAN_POINT('Origin',(-0.1040625,1.27439807536271E-17,0.0645891777697534));
#8229=CARTESIAN_POINT('Origin',(-0.107257902012766,0.0141207706859644,0.0645719199669427));
#8230=CARTESIAN_POINT('',(-0.111393053002525,0.0114803511446055,0.0248828561923605));
#8231=CARTESIAN_POINT('',(-0.110568760285015,0.0177414759437256,0.0248828561923603));
#8232=CARTESIAN_POINT('Origin',(-0.114470348439522,0.0162996918110251,0.0645891777697534));
#8233=CARTESIAN_POINT('Origin',(-0.106139444882013,0.0284399785412224,0.0645719199669427));
#8234=CARTESIAN_POINT('',(-0.101461804881035,0.0299201721379349,0.03));
#8235=CARTESIAN_POINT('',(-0.102828586609764,0.0248192732834612,0.03));
#8236=CARTESIAN_POINT('Origin',(-0.100516656298206,0.0269333568809804,0.0645719199669427));
#8237=CARTESIAN_POINT('Origin',(-0.0999484532426601,0.0414000048713222,
0.0630396575102488));
#8238=CARTESIAN_POINT('',(-0.104626093243638,0.0399198112746096,0.0248828561923605));
#8239=CARTESIAN_POINT('',(-0.102209389277597,0.0457542507656677,0.0248828561923604));
#8240=CARTESIAN_POINT('Origin',(-0.106351195232048,0.0453713995564909,0.0645719199669427));
#8241=CARTESIAN_POINT('Origin',(-0.0951620229107462,0.0549418195441479,
0.0630396575102488));
#8242=CARTESIAN_POINT('',(-0.0902606673344506,0.0551609144487338,0.03));
#8243=CARTESIAN_POINT('',(-0.0929010868758094,0.0505875736498025,0.03));
#8244=CARTESIAN_POINT('Origin',(-0.0901207685813185,0.0520312499999995,
0.0630396575102488));
#8245=CARTESIAN_POINT('Origin',(-0.0858276825566954,0.0658578971414426,
0.0625993836220503));
#8246=CARTESIAN_POINT('',(-0.090729038132991,0.0656388022368568,0.0248828561923605));
#8247=CARTESIAN_POINT('',(-0.0868846172999124,0.0706489490104043,0.0248828561923604));
#8248=CARTESIAN_POINT('Origin',(-0.0909843838231703,0.0713511214019655,
0.0630396575102488));
#8249=CARTESIAN_POINT('Origin',(-0.0776994663407904,0.0776994663407896,
0.0625993836220503));
#8250=CARTESIAN_POINT('',(-0.0729084144718287,0.0766425315975726,0.03));
#8251=CARTESIAN_POINT('',(-0.0766425315975734,0.072908414471828,0.03));
#8252=CARTESIAN_POINT('Origin',(-0.0735832994172255,0.0735832994172247,
0.0625993836220503));
#8253=CARTESIAN_POINT('Origin',(-0.0658578971414435,0.0858276825566947,
0.0630396575102487));
#8254=CARTESIAN_POINT('',(-0.0706489490104052,0.0868846172999116,0.0248828561923605));
#8255=CARTESIAN_POINT('',(-0.0656388022368578,0.0907290381329903,0.0248828561923604));
#8256=CARTESIAN_POINT('Origin',(-0.0694171370155468,0.0924683822371993,
0.0625993836220503));
#8257=CARTESIAN_POINT('Origin',(-0.0549418195441489,0.0951620229107456,
0.0630396575102487));
#8258=CARTESIAN_POINT('',(-0.0505875736498035,0.0929010868758089,0.03));
#8259=CARTESIAN_POINT('',(-0.0551609144487347,0.0902606673344501,0.03));
#8260=CARTESIAN_POINT('Origin',(-0.0520312500000004,0.0901207685813179,
0.0630396575102487));
#8261=CARTESIAN_POINT('Origin',(-0.0414000048713233,0.0999484532426597,
0.0645719199669426));
#8262=CARTESIAN_POINT('',(-0.0457542507656688,0.102209389277596,0.0248828561923605));
#8263=CARTESIAN_POINT('',(-0.0399198112746108,0.104626093243638,0.0248828561923604));
#8264=CARTESIAN_POINT('Origin',(-0.0431192270375566,0.107284075634195,0.0630396575102487));
#8265=CARTESIAN_POINT('Origin',(-0.0284399785412235,0.106139444882013,0.0645719199669426));
#8266=CARTESIAN_POINT('',(-0.0248192732834623,0.102828586609764,0.03));
#8267=CARTESIAN_POINT('',(-0.029920172137936,0.101461804881035,0.03));
#8268=CARTESIAN_POINT('Origin',(-0.0269333568809815,0.100516656298206,0.0645719199669426));
#8269=CARTESIAN_POINT('Origin',(-0.0141207706859652,0.107257902012766,0.0645891777697534));
#8270=CARTESIAN_POINT('',(-0.0177414759437265,0.110568760285015,0.0248828561923607));
#8271=CARTESIAN_POINT('',(-0.0114803511446064,0.111393053002526,0.0248828561923604));
#8272=CARTESIAN_POINT('Origin',(-0.0138828129948488,0.114788536572038,0.0645719199669426));
#8273=CARTESIAN_POINT('Origin',(-3.75629099128836E-16,0.109883639088297,
0.0645891777697534));
#8274=CARTESIAN_POINT('',(0.00264041954135849,0.105748488098537,0.03));
#8275=CARTESIAN_POINT('',(-0.00264041954135921,0.105748488098537,0.03));
#8276=CARTESIAN_POINT('Origin',(-3.50588296069736E-16,0.1040625,0.0645891777697534));
#8277=CARTESIAN_POINT('Origin',(0.0141207706859645,0.107257902012766,0.0645719199669426));
#8278=CARTESIAN_POINT('',(0.0114803511446056,0.111393053002526,0.0248828561923606));
#8279=CARTESIAN_POINT('',(0.0177414759437257,0.110568760285015,0.0248828561923604));
#8280=CARTESIAN_POINT('Origin',(0.0162996918110247,0.114470348439522,0.0645891777697534));
#8281=CARTESIAN_POINT('Origin',(0.0284399785412227,0.106139444882013,0.0645719199669426));
#8282=CARTESIAN_POINT('',(0.0299201721379353,0.101461804881035,0.03));
#8283=CARTESIAN_POINT('',(0.0248192732834616,0.102828586609764,0.03));
#8284=CARTESIAN_POINT('Origin',(0.0269333568809808,0.100516656298206,0.0645719199669426));
#8285=CARTESIAN_POINT('Origin',(0.0414000048713226,0.0999484532426599,0.0630396575102488));
#8286=CARTESIAN_POINT('',(0.03991981127461,0.104626093243638,0.0248828561923605));
#8287=CARTESIAN_POINT('',(0.045754250765668,0.102209389277597,0.0248828561923604));
#8288=CARTESIAN_POINT('Origin',(0.0453713995564912,0.106351195232048,0.0645719199669426));
#8289=CARTESIAN_POINT('Origin',(0.0549418195441483,0.095162022910746,0.0630396575102488));
#8290=CARTESIAN_POINT('',(0.0551609144487341,0.0902606673344504,0.03));
#8291=CARTESIAN_POINT('',(0.0505875736498029,0.0929010868758093,0.03));
#8292=CARTESIAN_POINT('Origin',(0.0520312499999998,0.0901207685813183,0.0630396575102488));
#8293=CARTESIAN_POINT('Origin',(0.065857897141443,0.0858276825566952,0.0625993836220503));
#8294=CARTESIAN_POINT('',(0.0656388022368571,0.0907290381329908,0.0248828561923605));
#8295=CARTESIAN_POINT('',(0.0706489490104046,0.0868846172999121,0.0248828561923604));
#8296=CARTESIAN_POINT('Origin',(0.0713511214019658,0.0909843838231701,0.0630396575102488));
#8297=CARTESIAN_POINT('Origin',(0.0776994663407898,0.0776994663407901,0.0625993836220503));
#8298=CARTESIAN_POINT('',(0.0766425315975729,0.0729084144718285,0.03));
#8299=CARTESIAN_POINT('',(0.0729084144718282,0.0766425315975731,0.03));
#8300=CARTESIAN_POINT('Origin',(0.073583299417225,0.0735832994172252,0.0625993836220503));
#8301=CARTESIAN_POINT('Origin',(0.0858276825566949,0.0658578971414433,0.0630396575102487));
#8302=CARTESIAN_POINT('',(0.0868846172999119,0.0706489490104049,0.0248828561923605));
#8303=CARTESIAN_POINT('',(0.0907290381329905,0.0656388022368575,0.0248828561923604));
#8304=CARTESIAN_POINT('Origin',(0.0924683822371996,0.0694171370155464,0.0625993836220503));
#8305=CARTESIAN_POINT('Origin',(0.0951620229107458,0.0549418195441486,0.0630396575102487));
#8306=CARTESIAN_POINT('',(0.0929010868758091,0.0505875736498032,0.03));
#8307=CARTESIAN_POINT('',(0.0902606673344502,0.0551609144487344,0.03));
#8308=CARTESIAN_POINT('Origin',(0.0901207685813181,0.0520312500000001,0.0630396575102487));
#8309=CARTESIAN_POINT('Origin',(0.0999484532426598,0.0414000048713229,0.0645719199669426));
#8310=CARTESIAN_POINT('',(0.102209389277597,0.0457542507656684,0.0248828561923605));
#8311=CARTESIAN_POINT('',(0.104626093243638,0.0399198112746104,0.0248828561923604));
#8312=CARTESIAN_POINT('Origin',(0.107284075634195,0.0431192270375562,0.0630396575102487));
#8313=CARTESIAN_POINT('Origin',(0.106139444882013,0.0284399785412231,0.0645719199669426));
#8314=CARTESIAN_POINT('',(0.102828586609764,0.0248192732834619,0.03));
#8315=CARTESIAN_POINT('',(0.101461804881035,0.0299201721379356,0.03));
#8316=CARTESIAN_POINT('Origin',(0.100516656298206,0.0269333568809811,0.0645719199669426));
#8317=CARTESIAN_POINT('Origin',(0.107257902012766,0.0141207706859648,0.0645891777697534));
#8318=CARTESIAN_POINT('',(0.110568760285015,0.0177414759437261,0.0248828561923604));
#8319=CARTESIAN_POINT('',(0.111393053002526,0.011480351144606,0.0248828561923606));
#8320=CARTESIAN_POINT('Origin',(0.114788536572038,0.0138828129948484,0.0645719199669426));
#8321=CARTESIAN_POINT('Origin',(0.100516656298207,-0.0269333568809797,0.0645719199669427));
#8322=CARTESIAN_POINT('Origin',(0.109883639088297,-6.40276873515062E-18,
0.0645891777697534));
#8323=CARTESIAN_POINT('',(0.105748488098537,-0.00264041954135885,0.03));
#8324=CARTESIAN_POINT('',(0.105748488098537,0.00264041954135883,0.03));
#8325=CARTESIAN_POINT('Origin',(0.1040625,-1.27439807536271E-17,0.0645891777697534));
#8326=CARTESIAN_POINT('Origin',(0.114470348439522,-0.0162996918110251,0.0645891777697534));
#8327=CARTESIAN_POINT('Origin',(0.,0.,0.1));
#8328=CARTESIAN_POINT('Origin',(0.,0.,0.1));
#8329=CARTESIAN_POINT('',(-0.124734135677714,0.,0.0927577914974666));
#8330=CARTESIAN_POINT('',(0.124734135677714,-1.52755260002124E-17,0.0927577914974666));
#8331=CARTESIAN_POINT('Origin',(0.,0.,0.0927577914974666));
#8332=CARTESIAN_POINT('',(0.123457138918801,-1.51191390008799E-17,0.1));
#8333=CARTESIAN_POINT('Origin',(0.,0.,0.0927577914974666));
#8334=CARTESIAN_POINT('Origin',(0.,0.,0.00769608129222055));
#8335=CARTESIAN_POINT('Origin',(0.065,-7.96020419445779E-18,0.00769608129222055));
#8336=CARTESIAN_POINT('Origin',(0.,0.,0.0897189483882954));
#8337=CARTESIAN_POINT('Origin',(-0.1075,-1.3164953090834E-17,0.0897189483882954));
#8338=CARTESIAN_POINT('Origin',(0.,0.,0.00833333333333333));
#8339=CARTESIAN_POINT('',(0.0585,-7.16418377501202E-18,0.00833333333333333));
#8340=CARTESIAN_POINT('Origin',(0.,0.,0.1));
#8341=CARTESIAN_POINT('',(-0.0585,-7.16418377501202E-18,0.1));
#8342=CARTESIAN_POINT('',(0.139040390819747,0.124168027434034,4.60712598425197));
#8343=CARTESIAN_POINT('',(1.22451283176462,0.157160153418197,12.4018897637795));
#8344=CARTESIAN_POINT('',(1.22451283176466,2.32316409042607,4.55862204724402));
#8345=CARTESIAN_POINT('',(4.72451283176466,2.32316409042601,4.55862204724402));
#8346=CARTESIAN_POINT('',(4.72451283176462,0.157160153418024,12.4018897637795));
#8347=UNCERTAINTY_MEASURE_WITH_UNIT(LENGTH_MEASURE(0.000393700787401575),
#8357,'DISTANCE_ACCURACY_VALUE',
'Maximum model space distance between geometric entities at asserted c
onnectivities');
#8348=UNCERTAINTY_MEASURE_WITH_UNIT(LENGTH_MEASURE(0.000393700787401575),
#8357,'DISTANCE_ACCURACY_VALUE',
'Maximum model space distance between geometric entities at asserted c
onnectivities');
#8349=UNCERTAINTY_MEASURE_WITH_UNIT(LENGTH_MEASURE(0.000393700787401575),
#8357,'DISTANCE_ACCURACY_VALUE',
'Maximum model space distance between geometric entities at asserted c
onnectivities');
#8350=UNCERTAINTY_MEASURE_WITH_UNIT(LENGTH_MEASURE(0.000393700787401575),
#8357,'DISTANCE_ACCURACY_VALUE',
'Maximum model space distance between geometric entities at asserted c
onnectivities');
#8351=(
GEOMETRIC_REPRESENTATION_CONTEXT(3)
GLOBAL_UNCERTAINTY_ASSIGNED_CONTEXT((#8347))
GLOBAL_UNIT_ASSIGNED_CONTEXT((#8357,#8361,#8362))
REPRESENTATION_CONTEXT('','3D')
);
#8352=(
GEOMETRIC_REPRESENTATION_CONTEXT(3)
GLOBAL_UNCERTAINTY_ASSIGNED_CONTEXT((#8348))
GLOBAL_UNIT_ASSIGNED_CONTEXT((#8357,#8361,#8362))
REPRESENTATION_CONTEXT('','3D')
);
#8353=(
GEOMETRIC_REPRESENTATION_CONTEXT(3)
GLOBAL_UNCERTAINTY_ASSIGNED_CONTEXT((#8349))
GLOBAL_UNIT_ASSIGNED_CONTEXT((#8357,#8361,#8362))
REPRESENTATION_CONTEXT('','3D')
);
#8354=(
GEOMETRIC_REPRESENTATION_CONTEXT(3)
GLOBAL_UNCERTAINTY_ASSIGNED_CONTEXT((#8350))
GLOBAL_UNIT_ASSIGNED_CONTEXT((#8357,#8361,#8362))
REPRESENTATION_CONTEXT('','3D')
);
#8355=DIMENSIONAL_EXPONENTS(1.,0.,0.,0.,0.,0.,0.);
#8356=DIMENSIONAL_EXPONENTS(0.,1.,0.,0.,0.,0.,0.);
#8357=(
CONVERSION_BASED_UNIT('inch',#8360)
LENGTH_UNIT()
NAMED_UNIT(#8355)
);
#8358=(
LENGTH_UNIT()
NAMED_UNIT(*)
SI_UNIT(.MILLI.,.METRE.)
);
#8359=(
LENGTH_UNIT()
NAMED_UNIT(*)
SI_UNIT(.CENTI.,.METRE.)
);
#8360=LENGTH_MEASURE_WITH_UNIT(LENGTH_MEASURE(25.4),#8358);
#8361=(
NAMED_UNIT(*)
PLANE_ANGLE_UNIT()
SI_UNIT($,.RADIAN.)
);
#8362=(
NAMED_UNIT(*)
SI_UNIT($,.STERADIAN.)
SOLID_ANGLE_UNIT()
);
#8363=SHAPE_DEFINITION_REPRESENTATION(#8366,#8374);
#8364=SHAPE_DEFINITION_REPRESENTATION(#8367,#8375);
#8365=SHAPE_DEFINITION_REPRESENTATION(#8368,#8376);
#8366=PRODUCT_DEFINITION_SHAPE('',$,#8378);
#8367=PRODUCT_DEFINITION_SHAPE('',$,#8379);
#8368=PRODUCT_DEFINITION_SHAPE('',$,#8380);
#8369=PRODUCT_DEFINITION_SHAPE($,$,#26);
#8370=PRODUCT_DEFINITION_SHAPE($,$,#27);
#8371=PRODUCT_DEFINITION_SHAPE($,$,#28);
#8372=PRODUCT_DEFINITION_SHAPE($,$,#29);
#8373=PRODUCT_DEFINITION_SHAPE($,$,#30);
#8374=SHAPE_REPRESENTATION('',(#4494,#4889,#4890,#4891,#4892,#4893),#8351);
#8375=SHAPE_REPRESENTATION('',(#4495),#8352);
#8376=SHAPE_REPRESENTATION('',(#4703),#8353);
#8377=PRODUCT_DEFINITION_CONTEXT('part definition',#8388,'design');
#8378=PRODUCT_DEFINITION('case v3','case v3',#8381,#8377);
#8379=PRODUCT_DEFINITION('case v3 cover','case v3 cover',#8382,#8377);
#8380=PRODUCT_DEFINITION('95185A110',
'95185A110_Zinc-Plated Steel Press-Fit Nut for Sheet Metal',#8383,#8377);
#8381=PRODUCT_DEFINITION_FORMATION('',$,#8390);
#8382=PRODUCT_DEFINITION_FORMATION('',$,#8391);
#8383=PRODUCT_DEFINITION_FORMATION('',$,#8392);
#8384=PRODUCT_RELATED_PRODUCT_CATEGORY('case v3','case v3',(#8390));
#8385=PRODUCT_RELATED_PRODUCT_CATEGORY('case v3 cover','case v3 cover',
(#8391));
#8386=PRODUCT_RELATED_PRODUCT_CATEGORY(
'95185A110_Zinc-Plated Steel Press-Fit Nut for Sheet Metal',
'95185A110_Zinc-Plated Steel Press-Fit Nut for Sheet Metal',(#8392));
#8387=APPLICATION_PROTOCOL_DEFINITION('international standard',
'automotive_design',2009,#8388);
#8388=APPLICATION_CONTEXT(
'Core Data for Automotive Mechanical Design Process');
#8389=PRODUCT_CONTEXT('part definition',#8388,'mechanical');
#8390=PRODUCT('case v3','case v3',$,(#8389));
#8391=PRODUCT('case v3 cover','case v3 cover',$,(#8389));
#8392=PRODUCT('95185A110',
'95185A110_Zinc-Plated Steel Press-Fit Nut for Sheet Metal',
'Zinc-Plated Steel Press-Fit Nut for Sheet Metal',(#8389));
ENDSEC;
END-ISO-10303-21;
